Name,URL,Position,HallOfFame,TotalYears,LastYear,Active
Frank Abruzzino,/A/AbruFr20.htm,BB-LB-C-G-E-WB-DB,0,3,1933,False
Tom Ackerman,/A/AckeTo20.htm,G-C,0,8,2003,False
Ed Adamchik,/A/AdamEd20.htm,C,0,1,1965,False
Henry Adams,/A/AdamHe20.htm,C,0,1,1939,False
John Adickes,/A/AdicJo20.htm,C,0,3,1989,False
Art Albrecht,/A/AlbrAr20.htm,T-C-LB,0,3,1944,False
Ethan Albright,/A/AlbrEt20.htm,G-C-T,0,16,2010,False
Ki Aldrich,/A/AldrKi20.htm,C-LB-G,0,9,1947,False
David Alexander,/A/AlexDa22.htm,C-G-T,0,10,1996,False
Doc Alexander,/A/AlexDo20.htm,C-G-T-E,0,7,1927,False
Mike Alford,/A/AlfoMi20.htm,C,0,2,1966,False
Brian Allen,/A/AlleBr02.htm,C,0,2,2019,True
Johnny Allen,/A/AlleJo20.htm,C-LB,0,4,1958,False
Josh Allen,/A/AlleJo00.htm,C,0,1,2014,False
Steve Alvers,/A/AlveSt20.htm,TE-C,0,2,1982,False
Eugene Amano,/A/AmanEu20.htm,C,0,9,2012,False
Ken Amato,/A/AmatKe20.htm,C,0,9,2011,False
John Ambrose,/A/AmbrJo20.htm,C,0,1,1932,False
Joe Amstutz,/A/AmstJo20.htm,C,0,1,1957,False
Hunk Anderson,/A/AndeHu20.htm,G-C,0,4,1925,False
Scott Anderson,/A/AndeSc20.htm,C,0,3,1976,False
Troy Andrew,/A/AndrTr20.htm,C,0,1,2001,False
Steve Andrako,/A/AndrSt20.htm,C-LB,0,1,1940,False
David Andrews,/A/AndrDa00.htm,C,0,4,2018,True
Tom Andrews,/A/AndrTo20.htm,T-C,0,4,1987,False
Charlie Ane,/A/AnexCh00.htm,T-C,0,7,1959,False
Charlie Ane,/A/AnexCh20.htm,C,0,7,1981,False
Ray Apolskis,/A/ApolRa20.htm,C-G-LB,0,10,1950,False
Tony Ardizzone,/A/ArdiTo20.htm,C,0,1,1979,False
Tony Arena,/A/ArenTo20.htm,C-LB,0,1,1942,False
Phil Armour,/A/ArmoPh20.htm,C,0,1,2000,False
Bob Armstrong,/A/ArmsBo20.htm,T-G-C,0,2,1932,False
Quincy Armstrong,/A/ArmsQu20.htm,C,0,1,1954,False
Jim Arneson,/A/ArneJi20.htm,G-C,0,3,1975,False
Mike Arthur,/A/ArthMi20.htm,C,0,6,1996,False
Darrell Austin,/A/AustDa20.htm,G-C-T,0,6,1980,False
Billy Autrey,/A/AutrBi20.htm,C,0,1,1953,False
Hank Autry,/A/AutrHa20.htm,C,0,2,1970,False
Joe Avezzano,/A/AvezJo20.htm,C,0,1,1966,False
Mike Baab,/B/BaabMi20.htm,C,0,11,1992,False
David Baas,/B/BaasDa20.htm,G-C,0,9,2013,False
Joe Bachmaier,/B/BachJo20.htm,C-G-T-E,0,5,1924,False
 Backnor,/B/Backxx20.htm,C,0,1,1921,False
Jay Bachman,/B/BachJa20.htm,C,0,4,1971,False
Don Bailey,/B/BailDo20.htm,C,0,2,1985,False
Russ Bailey,/B/BailRu20.htm,C,0,2,1921,False
Brian Baldinger,/B/BaldBr20.htm,G-T-C,0,12,1993,False
Jack Baldwin,/B/BaldJa20.htm,C-LB,0,3,1948,False
Jason Ball,/B/BallJa20.htm,C,0,3,2004,False
Bob Balog,/B/BaloBo20.htm,C-LB,0,2,1950,False
Ted Banker,/B/BankTe20.htm,G-C-T,0,6,1989,False
Tom Banks,/B/BankTo01.htm,C-G,0,10,1980,False
Bradford Banta,/B/BantBr00.htm,TE-C,0,11,2004,False
Vince Banonis,/B/BanoVi20.htm,C-T-LB,0,12,1953,False
Ernie Barber,/B/BarbEr20.htm,C-LB,0,1,1945,False
Tom Barndt,/B/BarnTo20.htm,DT-NT-G-C,0,6,2001,False
Tim Barnes,/B/BarnTi01.htm,C,0,6,2017,False
Nate Barragar,/B/BarrNa20.htm,C-G,0,6,1935,False
Napoleon Barrel,/B/BarrNa21.htm,C,0,1,1923,False
Emmett Barrett,/B/BarrEm20.htm,C,0,1,1942,False
Jean Barrett,/B/BarrJe20.htm,T-G-C,0,8,1980,False
John Barrett,/B/BarrJo20.htm,C-T-E,0,5,1928,False
Scott Barrows,/B/BarrSc20.htm,G-C,0,3,1988,False
Jim Barton,/B/BartJi20.htm,C,0,3,1962,False
Mike Bartrum,/B/BartMi00.htm,TE-C,0,14,2006,False
Mike Basrak,/B/BasrMi20.htm,C,0,2,1938,False
Tom Baugh,/B/BaugTo20.htm,C,0,4,1989,False
Frank Bausch,/B/BausFr20.htm,C,0,8,1941,False
Colin Baxter,/B/BaxtCo00.htm,C,0,2,2012,False
Lloyd Baxter,/B/BaxtLl20.htm,C,0,1,1948,False
Tom Beard,/B/BearTo20.htm,C,0,1,1972,False
Ed Beatty,/B/BeatEd20.htm,C-LB,0,7,1961,False
Chuck Bednarik,/B/BednCh00.htm,LB-C,1,14,1962,False
Frank Beede,/B/BeedFr20.htm,G-C,0,5,2000,False
Josh Beekman,/B/BeekJo20.htm,C-G,0,3,2009,False
Dave Behrman,/B/BehrDa00.htm,C-T,0,5,1967,False
Kevin Belcher,/B/BelcKe20.htm,C-G,0,2,1984,False
George Belotti,/B/BeloGe20.htm,C,0,2,1961,False
Al Bemiller,/B/BemiAl00.htm,C-G-T,0,9,1969,False
Ryan Benjamin,/B/BenjRy21.htm,C,0,3,2003,False
Brad Benson,/B/BensBr00.htm,T-G-C,0,10,1987,False
LeCharles Bentley,/B/BentLe00.htm,G-C,0,4,2005,False
Chuck Bernard,/B/BernCh20.htm,C,0,1,1934,False
Mil Berner,/B/BernMi20.htm,C,0,1,1933,False
George Berry,/B/BerrGe20.htm,G-T-C,0,5,1926,False
Ed Berwick,/B/BerwEd20.htm,C-E,0,1,1926,False
Warren Beson,/B/BesoWa20.htm,C,0,1,1949,False
Larry Bettencourt,/B/BettLa20.htm,C,0,1,1933,False
Eric Beverly,/B/BeveEr00.htm,C-G,0,9,2006,False
Riley Biggs,/B/BiggRi20.htm,C,0,2,1927,False
Guy Bingham,/B/BingGu20.htm,C-G-T,0,14,1993,False
David Binn,/B/BinnDa20.htm,C,0,17,2010,False
Matt Birk,/B/BirkMa00.htm,C,0,15,2012,False
Keith Bishop,/B/BishKe00.htm,G-C,0,10,1989,False
Bob Bjorklund,/B/BjorBo20.htm,C-LB-E,0,1,1941,False
Hugh Blacklock,/B/BlacHu20.htm,T-C-G,0,7,1926,False
Bill Blackburn,/B/BlacBi20.htm,C,0,5,1950,False
Philip Blake,/B/BlakPh00.htm,C,0,1,2012,False
Mal Bleecker,/B/BleeMa20.htm,G-C,0,1,1930,False
Greg Bloedorn,/B/BloeGr20.htm,C,0,3,1999,False
Forrest Blue,/B/BlueFo00.htm,C,0,11,1978,False
Austin Blythe,/B/BlytAu00.htm,C,0,4,2019,True
Chris Bober,/B/BobeCh20.htm,C,0,6,2006,False
John Bock,/B/BockJo21.htm,C-G,0,6,2000,False
Joe Bock,/B/BockJo20.htm,C,0,1,1987,False
Evan Boehm,/B/BoehEv00.htm,C,0,4,2019,True
Taylor Boggs,/B/BoggTa00.htm,C,0,4,2016,False
Deyshawn Bond,/B/BondDe01.htm,C,0,1,2017,False
Bruce Bosley,/B/BoslBr00.htm,C-G-DE,0,14,1969,False
Jeff Bostic,/B/BostJe00.htm,C,0,14,1993,False
Emil Boures,/B/BourEm20.htm,T-C-G,0,4,1985,False
Luke Bowanko,/B/BowaLu00.htm,C,0,5,2018,False
Ken Bowman,/B/BowmKe20.htm,C,0,10,1973,False
Dennis Boyd,/B/BoydDe20.htm,DT-DE-T-C,0,6,1982,False
Bradley Bozeman,/B/BozeBr00.htm,C,0,2,2019,True
Bill Brace,/B/BracBi20.htm,G-C,0,3,1922,False
Rich Braham,/B/BrahRi20.htm,C-G,0,13,2006,False
Tom Brahaney,/B/BrahTo20.htm,C,0,9,1981,False
Art Brandau,/B/BranAr20.htm,C-G,0,2,1946,False
David Brandt,/B/BranDa22.htm,C-G,0,4,2004,False
Sam Brazinsky,/B/BrazSa20.htm,C,0,1,1946,False
Jake Brendel,/B/BrenJa01.htm,C,0,3,2018,False
Sam Brenner,/B/BrenSa01.htm,C,0,3,2015,False
Mike Brewster,/B/BrewMi00.htm,C,0,3,2014,False
Bill Brian,/B/BriaBi20.htm,T-C-LB,0,2,1936,False
Darrick Brilz,/B/BrilDa20.htm,C-G,0,12,1998,False
Charley Brock,/B/BrocCh20.htm,C-HB-FB,0,9,1947,False
Pete Brock,/B/BrocPe20.htm,C-T-G,0,12,1987,False
Willie Brock,/B/BrocWi20.htm,C,0,1,1978,False
Bern Brostek,/B/BrosBe20.htm,C-G,0,8,1997,False
Fred Broussard,/B/BrouFr20.htm,C,0,6,1960,False
Chuck Brown,/B/BrowCh26.htm,C-G,0,1,1979,False
Evan Brown,/B/BrowEv00.htm,C,0,1,2019,True
Jack Brown,/B/BrowJa20.htm,C-G-T,0,4,1929,False
Jason Brown,/B/BrowJa23.htm,C,0,7,2011,False
John Brown,/B/BrowJo21.htm,LB-C,0,3,1949,False
Ken Brown,/B/BrowKe22.htm,C,0,2,1980,False
Pete Brown,/B/BrowPe20.htm,C-LB,0,2,1954,False
Richard Brown,/B/BrowRi20.htm,C,0,1,1930,False
Rob Bruggeman,/B/BrugRo20.htm,C,0,2,2011,False
Roman Brumm,/B/BrumRo20.htm,E-T-C-G,0,3,1926,False
Fred Brumm,/B/BrumFr20.htm,T-C,0,1,1921,False
Bill Bryan,/B/BryaBi20.htm,C-G,0,12,1988,False
Garland Buckeye,/B/BuckGa20.htm,G-C,0,5,1924,False
Art Bultman,/B/BultAr20.htm,C-LB-T,0,4,1934,False
John Bunyan,/B/BunyJo20.htm,G-C,0,4,1932,False
Jackie Burkett,/B/BurkJa20.htm,LB-C,0,10,1970,False
Joe Burks,/B/BurkJo21.htm,C,0,1,1926,False
George Burman,/B/BurmGe20.htm,C-G-T,0,9,1972,False
Leonard Burton,/B/BurtLe20.htm,C,0,7,1992,False
Elmer Busch,/B/BuscEl20.htm,G-C,0,1,1922,False
Blair Bush,/B/BushBl20.htm,C,0,17,1994,False
Frank Butler,/B/ButlFr20.htm,C-LB-T,0,5,1938,False
Jeff Byers,/B/ByerJe00.htm,C,0,2,2013,False
Patrick Cain,/C/CainPa20.htm,C-G,0,1,1987,False
Antoine Caldwell,/C/CaldAn20.htm,C,0,4,2012,False
Dean Caliguire,/C/CaliDe20.htm,G-C,0,1,1991,False
Bob Callahan,/C/CallBo20.htm,C-LB,0,1,1948,False
Tony Calvelli,/C/CalvTo20.htm,C-G,0,9,1947,False
Bill Campbell,/C/CampBi20.htm,T-LB-C-DB,0,5,1949,False
James Campen,/C/CampJa21.htm,C,0,7,1993,False
Nick Campofreda,/C/CampNi20.htm,C-T,0,1,1944,False
John Cannady,/C/CannJo00.htm,LB-C,0,8,1954,False
John Cannella,/C/CannJo21.htm,G-C-LB-T,0,2,1934,False
Mark Cannon,/C/CannMa20.htm,C,0,8,1991,False
Carl Cardarelli,/C/CardCa20.htm,C,0,2,1925,False
Oke Carlson,/C/CarlOk20.htm,T-G-C,0,3,1926,False
Zuck Carlson,/C/CarlZu20.htm,G-T-C-LB,0,8,1936,False
Joe Carpe,/C/CarpJo20.htm,T-E-C,0,8,1933,False
Victor Carroll,/C/CarrVi21.htm,T-C-G,0,12,1947,False
David Carter,/C/CartDa21.htm,C-G,0,9,1985,False
Ross Carter,/C/CartRo20.htm,G-C,0,4,1939,False
Charlie Carton,/C/CartCh21.htm,E-T-G-C,0,1,1925,False
Daryl Cato,/C/CatoDa20.htm,C-LB,0,1,1946,False
Tom Catlin,/C/CatlTo20.htm,LB-C,0,7,1959,False
Braxston Cave,/C/CaveBr00.htm,C,0,1,2014,False
John Cenci,/C/CencJo20.htm,C,0,1,1956,False
Gene Ceppetelli,/C/CeppGe20.htm,C,0,2,1969,False
Joe Cerne,/C/CernJo20.htm,C,0,4,1968,False
George Chalmers,/C/ChalGe20.htm,C,0,1,1933,False
Karl Chandler,/C/ChanKa20.htm,C-G,0,6,1979,False
Mike Chapman,/C/ChapMi20.htm,C-G,0,1,1984,False
Michael Cheever,/C/CheeMi20.htm,C,0,2,1997,False
Bill Cherry,/C/CherBi20.htm,C-G,0,2,1987,False
Chuck Cherundolo,/C/CherCh20.htm,C-LB,0,12,1948,False
Chet Chesney,/C/ChesCh20.htm,C-LB,0,2,1940,False
Gene Chilton,/C/ChilGe20.htm,C-T,0,7,1992,False
Andy Chisick,/C/ChisAn20.htm,C,0,2,1941,False
John Choma,/C/ChomJo20.htm,G-C-T,0,3,1983,False
Jeff Christy,/C/ChriJe00.htm,C,0,10,2002,False
Ben Ciccone,/C/CiccBe20.htm,C,0,9,1942,False
Jim Clack,/C/ClacJi20.htm,C-G,0,11,1981,False
Will Clapp,/C/ClapWi00.htm,C,0,2,2019,True
Babe Clark,/C/ClarBa20.htm,FB-C-T,0,1,1920,False
Bill Clark,/C/ClarBi20.htm,G-C,0,1,1920,False
Randy Clark,/C/ClarRa20.htm,C-T-G,0,8,1987,False
Stu Clarkson,/C/ClarSt23.htm,LB-C,0,10,1951,False
Ralph Claypool,/C/ClayRa21.htm,C,0,4,1928,False
Carey Clayton,/C/ClayCa20.htm,C,0,1,2001,False
Rich Coady,/C/CoadRi20.htm,C-TE,0,5,1974,False
Nick Cole,/C/ColeNi20.htm,C,0,5,2010,False
Mason Cole,/C/ColeMa02.htm,C,0,2,2019,True
Herb Coleman,/C/ColeHe20.htm,C-G,0,3,1948,False
Calvin Collins,/C/CollCa20.htm,G-C,0,5,2001,False
Jonathan Compas,/C/CompJo00.htm,C,0,1,2009,False
Mike Compton,/C/CompMi20.htm,G-C,0,12,2004,False
Bill Conaty,/C/ConaBi20.htm,C,0,8,2004,False
Bill Conkright,/C/ConkBi20.htm,C-LB-E-DE,0,8,1944,False
Gerry Conlee,/C/ConlGe20.htm,C,0,10,1947,False
Mike Connelly,/C/ConnMi21.htm,C-G-T,0,9,1968,False
Larry Conover,/C/ConoLa20.htm,C,0,5,1925,False
Marty Conrad,/C/ConrMa20.htm,C-G-E,0,4,1925,False
Erik Cook,/C/CookEr00.htm,C-G,0,1,2011,False
Kyle Cook,/C/CookKy20.htm,C,0,6,2013,False
Ryan Cook,/C/CookRy20.htm,C,0,7,2012,False
Larry Coombs,/C/CoomLa20.htm,G-C,0,1,1980,False
Jim Cooper,/C/CoopJi20.htm,C-LB,0,1,1948,False
Jim Cooper,/C/CoopJi21.htm,T-C-G,0,10,1986,False
Jon Cooper,/C/CoopJo21.htm,C,0,2,2010,False
Norm Cooper,/C/CoopNo20.htm,C-LB,0,2,1938,False
Jim Copeland,/C/CopeJi21.htm,C-G,0,8,1974,False
Austin Corbett,/C/CorbAu00.htm,C,0,2,2019,True
Don Corbitt,/C/CorbDo20.htm,C,0,1,1948,False
Jack Corcoran,/C/CorcJa20.htm,C-G,0,1,1930,False
Jim Cordle,/C/CordJi00.htm,C,0,3,2013,False
Bert Corley,/C/CorlBe20.htm,C,0,2,1948,False
Martin Cornelson,/C/CornMa20.htm,C,0,1,1987,False
Frank Cornish,/C/CornFr21.htm,C-G,0,6,1995,False
Chuck Correal,/C/CorrCh20.htm,C,0,1,1980,False
Eric Coss,/C/CossEr20.htm,C,0,1,1987,False
Phil Costa,/C/CostPh00.htm,G-C,0,4,2013,False
Zed Coston,/C/CostZe20.htm,C,0,1,1939,False
Bill Cottrell,/C/CottBi20.htm,T-G-C,0,6,1972,False
Tex Coulter,/C/CoulTe00.htm,T-C-E,0,7,1952,False
John Cowne,/C/CownJo20.htm,C,0,1,1987,False
Morgan Cox,/C/CoxxMo00.htm,C,0,10,2019,True
Eric Coyle,/C/CoylEr20.htm,C,0,1,1987,False
Paul Crane,/C/CranPa20.htm,LB-C,0,7,1972,False
Elbert Crawford,/C/CrawEl20.htm,G-C,0,2,1991,False
Hank Critchfield,/C/CritHa20.htm,C,0,1,1931,False
Al Crook,/C/CrooAl20.htm,C-G-T,0,2,1926,False
Sylvester Croom,/C/CrooSy20.htm,C,0,1,1975,False
Randy Cross,/C/CrosRa00.htm,G-C,0,13,1988,False
Dave Crossan,/C/CrosDa20.htm,C,0,5,1969,False
Billy Crouch,/C/CrouBi20.htm,C,0,1,1921,False
Orien Crow,/C/CrowOr20.htm,C,0,2,1934,False
Bernie Crowl,/C/CrowBe20.htm,G-C,0,1,1930,False
Walt Cudzik,/C/CudzWa20.htm,C-LB,0,11,1964,False
Frank Culver,/C/CulvFr20.htm,C-E,0,3,1925,False
Ed Cunningham,/C/CunnEd20.htm,C-G,0,5,1996,False
Leon Cunningham,/C/CunnLe20.htm,LB-C,0,1,1955,False
Bill Curry,/C/CurrBi00.htm,C-LB,0,10,1974,False
Carson Dach,/D/DachCa20.htm,C,0,1,2003,False
Dave Dalby,/D/DalbDa00.htm,C,0,14,1985,False
Ken Dallafior,/D/DallKe20.htm,G-T-C,0,8,1992,False
Chris Dalman,/D/DalmCh20.htm,C-G,0,7,1999,False
Slats Dalrymple,/D/DalrSl20.htm,C,0,1,1922,False
John Damore,/D/DamoJo20.htm,C-G,0,3,1959,False
James Daniels,/D/DaniJa01.htm,C,0,2,2019,True
Jean-Phillipe Darche,/D/DarcJe20.htm,C,0,9,2008,False
Boob Darling,/D/DarlBo20.htm,C,0,5,1931,False
Matt Darwin,/D/DarwMa20.htm,T-C,0,5,1990,False
Dick Daugherty,/D/DaugDi00.htm,G-LB-C,0,8,1958,False
Lou Daukas,/D/DaukLo20.htm,C,0,1,1947,False
Greg Davidson,/D/DaviGr20.htm,C,0,3,1982,False
Joe Davidson,/D/DaviJo20.htm,G-C,0,3,1930,False
John Davis,/D/DaviJo23.htm,G-T-C,0,8,1994,False
Kyle Davis,/D/DaviKy20.htm,C,0,4,1978,False
Ray Davis,/D/DaviRa21.htm,C-G-T-E,0,2,1933,False
Rob Davis,/D/DaviRo20.htm,C,0,12,2007,False
Dermontti Dawson,/D/DawsDe00.htm,C-G,1,13,2000,False
James Dearth,/D/DearJa00.htm,TE-C,0,11,2009,False
Frank DeClerk,/D/DeClFr20.htm,C,0,3,1925,False
Lou DeFilippo,/D/DeFiLo20.htm,T-C,0,7,1947,False
Bob deLauer,/D/deLaBo20.htm,C,0,2,1946,False
Tom DeLeone,/D/DeLeTo00.htm,C,0,13,1984,False
Jeff Dellenbach,/D/DellJe20.htm,C-T-G,0,15,1999,False
Johnny Dell Isola,/D/DellJo20.htm,G-C,0,7,1940,False
Al DeMao,/D/DeMaAl20.htm,C-LB,0,9,1953,False
Bob DeMarco,/D/DeMaBo00.htm,C-G,0,15,1975,False
John Demarie,/D/DemaJo20.htm,G-T-C,0,10,1976,False
Mark Dennard,/D/DennMa20.htm,C,0,7,1985,False
John Denney,/D/DennJo20.htm,DE-C,0,14,2018,False
Guy Dennis,/D/DennGu20.htm,G-C,0,7,1975,False
Jack Depler,/D/DeplJa20.htm,C-T,0,9,1929,False
Art Deremer,/D/DereAr20.htm,C,0,1,1942,False
Paul Des Jardien,/D/DesJPa20.htm,C-E,0,3,1922,False
Kyle DeVan,/D/DeVaKy00.htm,C,0,4,2012,False
Mike Devlin,/D/DevlMi20.htm,C-G,0,7,1999,False
David Diaz-Infante,/D/DiazDa20.htm,G-C,0,15,2001,False
John Didion,/D/DidiJo20.htm,C-LB,0,6,1974,False
Dan Dierdorf,/D/DierDa00.htm,T-G-C,1,13,1983,False
Curt DiGiacomo,/D/DiGiCu20.htm,G-C,0,3,1988,False
Scott Dill,/D/DillSc20.htm,T-G-C,0,10,1997,False
Tony DiMidio,/D/DiMiTo20.htm,T-C,0,2,1967,False
Tom Dimmick,/D/DimmTo20.htm,C-T-LB,0,5,1960,False
Gennaro DiNapoli,/D/DiNaGe20.htm,C-G,0,5,2003,False
Chris Dishman,/D/DishCh20.htm,G-C,0,8,2004,False
Cal Dixon,/D/DixoCa20.htm,C,0,5,1996,False
Kevin Dogins,/D/DogiKe20.htm,G-C,0,7,2002,False
Jerry Doerger,/D/DoerJe20.htm,C-T,0,4,1985,False
Mel Doherty,/D/DoheMe20.htm,C,0,1,1921,False
Joe Domnanovich,/D/DomnJo20.htm,C-LB,0,6,1951,False
Waldo Don Carlos,/D/DonCWa20.htm,C,0,1,1931,False
Ray Donaldson,/D/DonaRa00.htm,C,0,17,1996,False
Rick Donnalley,/D/DonnRi20.htm,C-G,0,6,1987,False
Art Dorfman,/D/DorfAr20.htm,C,0,1,1929,False
Jon Dorenbos,/D/DoreJo20.htm,C,0,14,2016,False
Thom Dornbrook,/D/DornTh20.htm,G-C,0,2,1980,False
Jap Douds,/D/DoudJa20.htm,T-G-C,0,5,1934,False
Phil Dougherty,/D/DougPh20.htm,C,0,1,1938,False
David Douglas,/D/DougDa20.htm,C-T-G,0,5,1990,False
Jay Douglas,/D/DougJa20.htm,C,0,2,1974,False
Jerry Dowd,/D/DowdJe20.htm,C,0,1,1939,False
Walt Downing,/D/DownWa20.htm,G-C,0,6,1983,False
Tommie Draheim,/D/DrahTo00.htm,C,0,1,2012,False
Justin Drescher,/D/DresJu20.htm,C,0,8,2017,False
Walt Dubzinski,/D/DubzWa20.htm,C-G,0,2,1944,False
Paul Dufault,/D/DufaPa20.htm,C,0,1,1987,False
Roger Duffy,/D/DuffRo20.htm,G-C,0,12,2001,False
Len Dugan,/D/DugaLe20.htm,C-LB,0,4,1939,False
Paul Duke,/D/DukePa20.htm,C-LB,0,1,1947,False
Jamie Dukes,/D/DukeJa20.htm,C-G,0,10,1995,False
Doug Dumler,/D/DumlDo20.htm,C,0,5,1977,False
Howard Duncan,/D/DuncHo20.htm,C,0,1,1948,False
Bob Dunn,/D/DunnBo20.htm,C-T,0,1,1929,False
Casey Dunn,/D/DunnCa00.htm,C,0,1,2018,True
Jug Earp,/E/EarpJu20.htm,C-T-G,0,12,1932,False
Nick Easton,/E/EastNi00.htm,C,0,4,2019,True
Jess Eberdt,/E/EberJe20.htm,C,0,1,1932,False
Keith Eck,/E/EckxKe20.htm,C-G,0,1,1979,False
Brad Ecklund,/E/EcklBr00.htm,C-LB,0,5,1953,False
Dolph Eckstein,/E/EcksDo20.htm,C,0,2,1926,False
Andrew Economos,/E/EconAn20.htm,C,0,8,2013,False
Van Edmondson,/E/EdmoVa20.htm,C,0,1,1926,False
Monk Edwards,/E/EdwaMo20.htm,G-C-T,0,7,1946,False
Clyde Ehrhardt,/E/EhrhCl20.htm,C,0,4,1949,False
Ed Eiden,/E/EideEd20.htm,C,0,1,1944,False
Jim Eidson,/E/EidsJi20.htm,G-C,0,1,1976,False
Stan Eisenhooth,/E/EiseSt20.htm,C-T,0,2,1989,False
Hicham El-Mashtoub,/E/El-MHi20.htm,C,0,2,1996,False
Brody Eldridge,/E/EldrBr00.htm,C,0,2,2011,False
Pat Elflein,/E/ElflPa00.htm,C,0,3,2019,True
Matt Elliott,/E/ElliMa20.htm,G-C,0,6,1997,False
Herb Ellis,/E/ElliHe20.htm,C-LB,0,1,1949,False
Roger Ellis,/E/ElliRo20.htm,LB-C,0,4,1963,False
Charley Ellzey,/E/EllzCh20.htm,C-LB,0,2,1961,False
Dutch Elston,/E/ElstDu20.htm,C-BB,0,7,1948,False
Ox Emerson,/E/EmerOx20.htm,G-C,0,8,1938,False
Greg Engel,/E/EngeGr20.htm,C,0,5,1999,False
Derek Engler,/E/EnglDe20.htm,C,0,4,2000,False
Alonzo Ephraim,/E/EphrAl20.htm,C,0,3,2005,False
Bud Erickson,/E/EricBu20.htm,C,0,2,1939,False
Mickey Erickson,/E/EricMi20.htm,C,0,3,1932,False
Herb Eschbach,/E/EschHe20.htm,C,0,2,1931,False
John Estes,/E/EsteJo00.htm,C,0,2,2012,False
Mike Evans,/E/EvanMi20.htm,C,0,6,1973,False
Steve Everitt,/E/EverSt20.htm,C-G,0,8,2000,False
Jeff Faine,/F/FainJe20.htm,C,0,10,2012,False
Greg Fairchild,/F/FairGr20.htm,G-T-C,0,3,1978,False
Paul Fairchild,/F/FairPa20.htm,G-C,0,7,1990,False
Nick Farina,/F/FariNi20.htm,C,0,1,1927,False
Ken Farragut,/F/FarrKe00.htm,C-LB,0,4,1954,False
Dillon Farrell,/F/FarrDi00.htm,C,0,1,2014,False
Hal Faverty,/F/FaveHa20.htm,LB-DE-C,0,1,1952,False
Bill Feaster,/F/FeasBi20.htm,T-C,0,2,1930,False
Grant Feasel,/F/FeasGr20.htm,C,0,10,1992,False
Gerry Feehery,/F/FeehGe20.htm,C-G,0,6,1988,False
Al Feeney,/F/FeenAl20.htm,C,0,2,1921,False
Bernie Feibish,/F/FeibBe20.htm,C,0,1,1941,False
Carl Fennema,/F/FennCa20.htm,C-LB,0,2,1949,False
James Ferguson,/F/FergJa20.htm,C-LB,0,2,1969,False
James Ferentz,/F/FereJa00.htm,C,0,6,2019,True
Brad Fichtel,/F/FichBr20.htm,C,0,1,1994,False
Joe Fields,/F/FielJo00.htm,C-G,0,14,1988,False
B.J. Finney,/F/FinnB.01.htm,C,0,4,2019,True
Mark Fischer,/F/FiscMa20.htm,C,0,3,2000,False
Ed Fisher,/F/FishEd20.htm,G-C-DE,0,9,1982,False
Freeman Fitzgerald,/F/FitzFr21.htm,C-G,0,2,1921,False
Jim Fitzgerald,/F/FitzJi20.htm,C,0,2,1931,False
John Fitzgerald,/F/FitzJo21.htm,C-G,0,10,1980,False
Jack Flagerman,/F/FlagJa20.htm,C-LB,0,1,1948,False
Dick Flanagan,/F/FlanDi20.htm,LB-G-C,0,8,1955,False
Ed Flanagan,/F/FlanEd00.htm,C,0,12,1976,False
Mike Flanagan,/F/FlanMi00.htm,C-T,0,10,2007,False
John Flannery,/F/FlanJo20.htm,G-C,0,8,1998,False
Bill Fleckenstein,/F/FlecBi20.htm,G-E-T-C,0,7,1931,False
Jim Flower,/F/FlowJi20.htm,T-E-C-G,0,6,1925,False
Bob Flowers,/F/FlowBo20.htm,C-LB,0,8,1949,False
Keith Flowers,/F/FlowKe20.htm,C-LB,0,1,1952,False
Owen Floyd,/F/FloyOw20.htm,C,0,2,1921,False
Mike Flynn,/F/FlynMi20.htm,C-G,0,10,2007,False
Dave Foley,/F/FoleDa00.htm,T-C,0,9,1977,False
Brian Folkerts,/F/FolkBr00.htm,C,0,3,2015,False
Vern Foltz,/F/FoltVe20.htm,C-LB,0,2,1945,False
Jerry Fontenot,/F/FontJe20.htm,C-G,0,16,2004,False
Chris Foote,/F/FootCh20.htm,C-G,0,11,1990,False
Ben Forsyth,/F/ForsBe20.htm,C,0,1,1920,False
Roman Fortin,/F/FortRo20.htm,C-T-G,0,10,2000,False
Amos Fowler,/F/FowlAm20.htm,C-G,0,7,1984,False
Melvin Fowler,/F/FowlMe20.htm,C-G,0,7,2008,False
Wayne Fowler,/F/FowlWa20.htm,C,0,1,1970,False
Hank Fraley,/F/FralHa20.htm,C-G,0,10,2010,False
Dennis Franks,/F/FranDe20.htm,C,0,4,1979,False
John Frantz,/F/FranJo23.htm,C,0,1,1968,False
Wayne Frazier,/F/FrazWa20.htm,C-LB,0,6,1967,False
Travis Frederick,/F/FredTr00.htm,C,0,7,2019,True
Dalton Freeman,/F/FreeDa00.htm,C,0,1,2014,False
Mike Freeman,/F/FreeMi21.htm,C-G,0,5,1988,False
Ben Fricke,/F/FricBe20.htm,C-G,0,3,2001,False
Ray Frick,/F/FricRa20.htm,C,0,1,1941,False
Ted Fritsch,/F/FritTe21.htm,C,0,8,1979,False
John Frongillo,/F/FronJo20.htm,C-G,0,5,1966,False
Dustin Fry,/F/FryxDu20.htm,C,0,1,2007,False
Frank Fuller,/F/FullFr20.htm,DT-T-G-C-DE,0,11,1963,False
Kyle Fuller,/F/FullKy01.htm,C,0,2,2018,True
Brandon Fusco,/F/FuscBr00.htm,C,0,8,2018,False
Stan Galazin,/G/GalaSt20.htm,C,0,3,1939,False
Andy Gallik,/G/GallAn00.htm,C,0,1,2015,False
Kendall Gammon,/G/GammKe00.htm,C-TE,0,15,2006,False
Frank Garcia,/G/GarcFr21.htm,C-G,0,9,2003,False
Max Garcia,/G/GarcMa00.htm,C,0,5,2019,True
Thurman Garrett,/G/GarrTh20.htm,C,0,2,1948,False
Hec Garvey,/G/GarvHe20.htm,G-E-T-C,0,10,1931,False
Roberto Garza,/G/GarzRo20.htm,G-C,0,14,2014,False
Les Gatewood,/G/GateLe20.htm,C,0,2,1947,False
Frank Gatski,/G/GatsFr00.htm,C-LB,1,12,1957,False
Frank Gause,/G/GausFr20.htm,C-G,0,1,1929,False
Chet Gay,/G/GayxCh20.htm,G-T-C,0,2,1926,False
John Gerak,/G/GeraJo20.htm,G-C,0,5,1997,False
Garth Gerhart,/G/GerhGa00.htm,C,0,3,2014,False
John Gesek,/G/GeseJo20.htm,G-C,0,9,1995,False
Eric Ghiaciuc,/G/GhiaEr20.htm,C,0,4,2008,False
Joe Gibson,/G/GibsJo20.htm,C-E,0,6,1947,False
Dennis Gildea,/G/GildDe20.htm,C-T-G,0,1,1926,False
Sloko Gill,/G/GillSl20.htm,C-LB-G,0,1,1942,False
Fred Gillett,/G/GillFr00.htm,C-LB-G,0,3,1964,False
Jon Gilliam,/G/GillJo02.htm,C,0,7,1967,False
Don Gillis,/G/GillDo20.htm,C,0,4,1961,False
Tommie Ginn,/G/GinnTo20.htm,C-G,0,2,1981,False
Mike Gisler,/G/GislMi20.htm,C-G,0,7,1999,False
Chet Gladchuk,/G/GladCh20.htm,C-G-T,0,7,1947,False
Bill Glass,/G/GlasBi00.htm,DE-C-T,0,11,1968,False
Kevin Glover,/G/GlovKe00.htm,C-G,0,15,1999,False
Bill Godwin,/G/GodwBi20.htm,C-LB,0,2,1948,False
Joe Goebel,/G/GoebJo20.htm,C,0,1,1987,False
George Goeddeke,/G/GoedGe00.htm,G-C-T,0,6,1972,False
Derrel Gofourth,/G/GofoDe20.htm,G-C,0,8,1984,False
Wendell Goldsmith,/G/GoldWe20.htm,C,0,1,1940,False
Archie Golembeski,/G/GoleAr20.htm,E-G-C,0,5,1929,False
Conrad Goode,/G/GoodCo20.htm,T-G-C,0,4,1987,False
Irv Goode,/G/GoodIr00.htm,G-T-C,0,13,1974,False
Tom Goode,/G/GoodTo00.htm,C-LB,0,9,1970,False
Shag Goolsby,/G/GoolSh20.htm,C,0,1,1940,False
Steve Gordon,/G/GordSt20.htm,C,0,1,1998,False
Ben Gottschalk,/G/GottBe00.htm,C,0,1,2016,False
Hippo Gozdowski,/G/GozdHi20.htm,FB-G-C,0,1,1922,False
Ted Grabinski,/G/GrabTe20.htm,C-LB-G,0,2,1940,False
Steven Grace,/G/GracSt20.htm,C,0,1,2002,False
Aaron Graham,/G/GrahAa20.htm,C,0,7,2002,False
Lyle Graham,/G/GrahLy20.htm,C,0,1,1941,False
Aaron Grant,/G/GranAa20.htm,C,0,1,1930,False
Darryl Grant,/G/GranDa20.htm,DT-G-C-T,0,11,1991,False
Will Grant,/G/GranWi20.htm,C,0,10,1987,False
Hroniss Grasu,/G/GrasHr00.htm,C,0,5,2019,True
Jeff Grau,/G/GrauJe20.htm,C,0,2,2003,False
Ray Graves,/G/GravRa20.htm,C,0,5,1946,False
Bill Gray,/G/GrayBi20.htm,G-C-BB,0,2,1948,False
Chris Gray,/G/GrayCh20.htm,G-C,0,15,2007,False
Bucky Greeley,/G/GreeBu20.htm,C,0,1,1997,False
Tom Greenfield,/G/GreeTo21.htm,C-LB,0,3,1941,False
Mike Gregory,/G/GregMi20.htm,C,0,1,1931,False
Hal Griffen,/G/GrifHa20.htm,C-T,0,5,1932,False
Bob Griffin,/G/GrifBo20.htm,LB-C,0,9,1961,False
Randy Grimes,/G/GrimRa20.htm,C-G,0,10,1992,False
Russ Grimm,/G/GrimRu00.htm,G-C,1,11,1991,False
Jerry Groom,/G/GrooJe00.htm,MG-DT-C-LB,0,5,1955,False
Lee Gross,/G/GrosLe20.htm,C,0,5,1979,False
Jake Grove,/G/GrovJa20.htm,C-G,0,6,2009,False
Lou Groza,/G/GrozLo20.htm,T-C-DT-K,1,22,1967,False
Sam Gruneisen,/G/GrunSa20.htm,C-G-LB,0,12,1973,False
Tim Grunhard,/G/GrunTi20.htm,C,0,11,2000,False
Mike Gruttadauria,/G/GrutMi20.htm,C,0,7,2002,False
Henry Gude,/G/GudeHe20.htm,C-G,0,1,1946,False
Harry Gunderson,/G/GundHa20.htm,C-G,0,3,1922,False
Ed Gustafson,/G/GustEd20.htm,C-LB,0,2,1948,False
Andre Gurode,/G/GuroAn20.htm,G-C,0,12,2013,False
Brock Gutierrez,/G/GutiBr20.htm,C,0,9,2005,False
Charlie Guy,/G/GuyxCh20.htm,C-G-BB,0,6,1925,False
Nick Haden,/H/HadeNi20.htm,G-C,0,1,1986,False
Rex Hadnot,/H/HadnRe20.htm,G-C,0,9,2012,False
Swede Hagberg,/H/HagbSw20.htm,C-B-T,0,2,1930,False
Fred Hageman,/H/HageFr20.htm,C-LB,0,4,1964,False
Halvor Hagen,/H/HageHa20.htm,G-DE-T-C,0,7,1975,False
Chuck Hajek,/H/HajeCh20.htm,C-LB,0,1,1934,False
Courtney Hall,/H/HallCo22.htm,C-G,0,8,1996,False
Harold Hall,/H/HallHa20.htm,C,0,1,1942,False
Bob Hallen,/H/HallBo20.htm,G-C,0,8,2005,False
Jack Haman,/H/HamaJa20.htm,C,0,2,1941,False
Ben Hamilton,/H/HamiBe20.htm,G-C,0,9,2010,False
Gene Hamlin,/H/HamlGe20.htm,C,0,3,1972,False
Dick Handley,/H/HandDi20.htm,C-LB,0,1,1947,False
Geoff Hangartner,/H/HangGe20.htm,C,0,9,2013,False
Wayne Hansen,/H/HansWa20.htm,LB-C-G-T,0,11,1960,False
Hal Hanson,/H/HansHa21.htm,C-G-T,0,3,1923,False
Homer Hanson,/H/HansHo20.htm,C-G-LB,0,3,1936,False
Ray Hanson,/H/HansRa20.htm,G-C-T,0,1,1923,False
Dave Harbour,/H/HarbDa20.htm,C,0,2,1989,False
Roger Harding,/H/HardRo20.htm,C-LB,0,5,1949,False
Nick Hardwick,/H/HardNi55.htm,C,0,11,2014,False
Ham Harmon,/H/HarmHa20.htm,C,0,1,1937,False
Maurice Harper,/H/HarpMa21.htm,C,0,4,1940,False
Dennis Harrah,/H/HarrDe01.htm,G-C,0,13,1987,False
Rick Harrell,/H/HarrRi20.htm,C,0,1,1973,False
Leroy Harris,/H/HarrLe21.htm,C,0,7,2013,False
Michael Harris,/H/HarrMi20.htm,C-G,0,1,1989,False
Jonotthan Harrison,/H/HarrJo03.htm,C,0,6,2019,True
Jeff Hartings,/H/HartJe55.htm,C-G,0,11,2006,False
George Hartong,/H/HartGe20.htm,G-T-C,0,4,1924,False
Justin Hartwig,/H/HartJu20.htm,C-G,0,8,2009,False
Norm Harvey,/H/HarvNo20.htm,T-E-C-G,0,5,1929,False
Len Hauss,/H/HausLe00.htm,C,0,14,1977,False
Charlie Havens,/H/HaveCh20.htm,C-T,0,1,1930,False
Ken Hayden,/H/HaydKe21.htm,C,0,2,1943,False
Larry Hayes,/H/HayeLa20.htm,C-LB,0,3,1963,False
Joe Haynes,/H/HaynJo20.htm,C-G,0,1,1947,False
Mel Hein,/H/HeinMe20.htm,C-LB,1,15,1945,False
Eric Heitmann,/H/HeitEr20.htm,G-C,0,8,2009,False
Jack Heldt,/H/HeldJa20.htm,G-C,0,4,1926,False
Dale Hellestrae,/H/HellDa20.htm,T-G-C,0,17,2001,False
Jim Hendley,/H/HendJi20.htm,C,0,1,1987,False
Ken Henson,/H/HensKe20.htm,C,0,1,1965,False
Hoot Herrin,/H/HerrHo20.htm,C-G,0,1,1931,False
Hal Herring,/H/HerrHa20.htm,LB-C,0,4,1952,False
R.W. Hicks,/H/HickR.20.htm,C,0,1,1975,False
Austin Higgins,/H/HiggAu20.htm,C-E,0,3,1923,False
Buzz Highsmith,/H/HighBu20.htm,G-T-C,0,5,1972,False
Jay Hilgenberg,/H/HilgJa00.htm,C-G,0,13,1993,False
Joel Hilgenberg,/H/HilbJo00.htm,C-G,0,10,1993,False
Don Hill,/H/HillDo20.htm,TB-WB-HB-C,0,1,1929,False
John Hill,/H/HillJo20.htm,C-T,0,14,1985,False
Ralph Hill,/H/HillRa21.htm,C,0,2,1977,False
Chuck Hinton,/H/HintCh21.htm,C,0,3,1969,False
Doug Hire,/H/HireDo20.htm,C,0,1,1987,False
Ray Hitchcock,/H/HitcRa20.htm,C,0,1,1987,False
Fred Hoaglin,/H/HoagFr00.htm,C,0,11,1976,False
Russ Hochstein,/H/HochRu20.htm,C-G,0,11,2012,False
Drew Hodgdon,/H/HodgDr20.htm,C,0,3,2007,False
Tom Hogan,/H/HogaTo20.htm,T-G-C-E,0,3,1926,False
Khaled Holmes,/H/HolmKh00.htm,C,0,3,2015,False
E.J. Holub,/H/HoluE.00.htm,LB-C,0,10,1970,False
Charles Hope,/H/HopeCh20.htm,G-C,0,1,1994,False
Greg Horton,/H/HortGr20.htm,G-C,0,5,1980,False
Jim Hough,/H/HougJi20.htm,G-C,0,9,1986,False
John Houser,/H/HousJo20.htm,G-C-T,0,7,1963,False
Kevin Houser,/H/HousKe01.htm,C,0,11,2010,False
Mike Hudock,/H/HudoMi20.htm,C,0,8,1967,False
John Hudson,/H/HudsJo20.htm,G-C,0,10,2000,False
Dave Huffman,/H/HuffDa21.htm,G-C,0,12,1990,False
Bernie Hughes,/H/HughBe20.htm,C,0,3,1936,False
Billy Hughes,/H/HughBi20.htm,G-C,0,5,1941,False
Denny Hughes,/H/HughDe20.htm,C,0,1,1925,False
Ernie Hughes,/H/HughEr20.htm,C-G,0,6,1983,False
Pat Hughes,/H/HughPa20.htm,LB-C,0,10,1979,False
Kent Hull,/H/HullKe00.htm,C,0,11,1996,False
Paul Humphrey,/H/HumpPa20.htm,C,0,1,1939,False
Tommy Humphrey,/H/HumpTo20.htm,C,0,1,1974,False
Calvin Hunt,/H/HuntCa20.htm,C,0,4,1973,False
Joey Hunt,/H/HuntJo00.htm,C,0,4,2019,True
Art Hunter,/H/HuntAr00.htm,C-T,0,12,1965,False
Greg Huntington,/H/HuntGr20.htm,C-G,0,6,1998,False
Glenn Hyde,/H/HydeGl20.htm,T-G-C,0,12,1987,False
Bob Hyland,/H/HylaBo20.htm,C-G,0,11,1977,False
Gabe Ikard,/I/IkarGa00.htm,C,0,3,2016,False
Ken Iman,/I/ImanKe20.htm,C,0,15,1974,False
Tunch Ilkin,/I/IlkiTu00.htm,T-G-C,0,14,1993,False
Bob Ingalls,/I/IngaBo20.htm,C,0,1,1942,False
Jake Ingram,/I/IngrJa20.htm,C,0,2,2010,False
Johnathan Ingram,/I/IngrJo20.htm,C,0,1,2005,False
Marne Intrieri,/I/IntrMa20.htm,C-G-T,0,3,1934,False
Ted Isaacson,/I/IsaaTe20.htm,T-C,0,2,1935,False
Jamaal Jackson,/J/JackJa21.htm,C-G,0,7,2011,False
Larry Jackson,/J/JackLa22.htm,C-TB,0,1,1926,False
Robert Jackson,/J/JackRo21.htm,G-T-C,0,11,1985,False
Frank Jackunas,/J/JackFr20.htm,C,0,1,1962,False
Kendyl Jacox,/J/JacoKe20.htm,G-C,0,9,2006,False
Jesse James,/J/JameJe21.htm,C,0,2,1996,False
Ted James,/J/JameTe20.htm,G-C,0,1,1929,False
Rob Jamieson,/J/JamiRo20.htm,C,0,1,1924,False
J.J. Jansen,/J/JansJ.00.htm,C,0,11,2019,True
Bruce Jarvis,/J/JarvBr20.htm,C,0,4,1974,False
Lemuel Jeanpierre,/J/JeanLe00.htm,C,0,5,2015,False
Brian Jennings,/J/JennBr00.htm,TE-C,0,13,2012,False
Lou Jennings,/J/JennLo20.htm,E-C,0,2,1930,False
Greg Jensen,/J/JensGr20.htm,C,0,1,1987,False
Paul Jetton,/J/JettPa20.htm,G-C,0,4,1992,False
Al Johnson,/J/JohnAl22.htm,C,0,5,2008,False
Bill Johnson,/J/JohnBi02.htm,C-LB,0,9,1956,False
Bob Johnson,/J/JohnBo01.htm,C,0,12,1979,False
Brent Johnson,/J/JohnBr21.htm,C,0,1,1987,False
Don Johnson,/J/JohnDo20.htm,C-LB,0,1,1942,False
Jason Johnson,/J/JohnJa24.htm,C,0,2,1999,False
Larry Johnson,/J/JohnLa21.htm,LB-C-E,0,12,1944,False
Len Johnson,/J/JohnLe21.htm,G-C,0,1,1970,False
T.J. Johnson,/J/JohnTJ00.htm,C,0,4,2017,False
Brian Johnston,/J/JohnBr22.htm,C,0,2,1987,False
Barrett Jones,/J/JoneBa00.htm,C,0,2,2014,False
Ben Jones,/J/JoneBe01.htm,C,0,8,2019,True
Brett Jones,/J/JoneBr04.htm,C,0,4,2019,True
Chris Jones,/J/JoneCh21.htm,C,0,1,1987,False
David Jones,/J/JoneDa25.htm,G-C,0,4,1987,False
K.C. Jones,/J/JoneK.20.htm,C,0,1,2000,False
Wagner Jorgensen,/J/JorgWa20.htm,C-LB,0,2,1937,False
Zip Joseph,/J/JoseZi20.htm,E-G-C,0,3,1927,False
Walt Jurkiewicz,/J/JurkWa20.htm,C,0,1,1946,False
Steve Justice,/J/JustSt20.htm,C,0,1,2008,False
Ike Kakela,/K/KakeIk20.htm,C-G,0,1,1930,False
Ryan Kalil,/K/KaliRy20.htm,C,0,13,2019,True
Larry Kaminski,/K/KamiLa00.htm,C,0,8,1973,False
George Karstens,/K/KarsGe20.htm,C,0,1,1949,False
Keith Kartz,/K/KartKe20.htm,C-G-T,0,7,1993,False
Dick Kasperek,/K/KaspDi20.htm,C,0,3,1968,False
Norm Katnik,/K/KatnNo20.htm,C,0,1,2006,False
Mike Katolin,/K/KatoMi20.htm,C,0,1,1987,False
Matt Katula,/K/KatuMa20.htm,C,0,7,2011,False
Kani Kauahi,/K/KauaKa20.htm,C,0,12,1993,False
Eddie Kawal,/K/KawaEd20.htm,C,0,7,1937,False
Jason Kelce,/K/KelcJa00.htm,C,0,9,2019,True
Bob Kelley,/K/KellBo20.htm,C,0,2,1956,False
Mike Kelley,/K/KellMi22.htm,C-G-T,0,3,1987,False
Ryan Kelly,/K/KellRy00.htm,C,0,4,2019,True
Pete Kendall,/K/KendPe20.htm,G-C,0,13,2008,False
Derek Kennard,/K/KennDe20.htm,G-C,0,11,1996,False
Zac Kerin,/K/KeriZa00.htm,C,0,5,2018,False
Howard Keys,/K/KeysHo20.htm,C-T,0,4,1963,False
Bob Khayat,/K/KhayBo20.htm,G-K-C,0,4,1963,False
Billy Kidd,/K/KiddBi20.htm,C,0,1,1987,False
Pat Killorin,/K/KillPa20.htm,C,0,1,1966,False
Hobby Kinderdine,/K/KindHo20.htm,C,0,10,1929,False
Austin King,/K/KingAu20.htm,C,0,3,2006,False
George Kirk,/K/KirkGe20.htm,C,0,1,1926,False
Mike Kiselak,/K/KiseMi20.htm,C-G,0,1,1998,False
Dick Klawitter,/K/KlawDi20.htm,C,0,1,1956,False
Fee Klaus,/K/KlauFe20.htm,C,0,1,1921,False
Charlie Knight,/K/KnigCh20.htm,C-T,0,2,1921,False
Steve Kobolinski,/K/KoboSt20.htm,C,0,1,1926,False
Joe Kodba,/K/KodbJo20.htm,C-LB,0,1,1947,False
Warren Koegel,/K/KoegWa20.htm,C,0,4,1974,False
Art Koeninger,/K/KoenAr20.htm,C,0,3,1933,False
Jon Kolb,/K/KolbJo20.htm,T-C,0,13,1981,False
Louie Kolls,/K/KollLo20.htm,C,0,8,1927,False
Peter Konz,/K/KonzPe00.htm,C,0,3,2014,False
Joe Koons,/K/KoonJo20.htm,C,0,1,1941,False
Dan Koppen,/K/KoppDa20.htm,C,0,10,2012,False
Ed Korisky,/K/KoriEd20.htm,C,0,1,1944,False
Steve Korte,/K/KortSt20.htm,C-G,0,7,1989,False
Tony Kostos,/K/KostTo20.htm,E-C-G-T,0,5,1931,False
Kevin Kowalski,/K/KowaKe00.htm,C,0,2,2012,False
Bruce Kozerski,/K/KozeBr20.htm,C-G-T,0,12,1995,False
Ollie Kraehe,/K/KraeOl20.htm,E-G-C,0,2,1923,False
Rudy Kraft,/K/KrafRu20.htm,G-C,0,1,1921,False
Fritz Kramer,/K/KramFr20.htm,G-C,0,1,1927,False
Henry Krause,/K/KrauHe20.htm,C-G,0,3,1938,False
Walt Kreinheder,/K/KreiWa20.htm,C-G-B,0,4,1925,False
Olin Kreutz,/K/KreuOl00.htm,C,0,14,2011,False
Alex Kroll,/K/KrolAl20.htm,T-C,0,1,1962,False
Ray Kubala,/K/KubaRa20.htm,C,0,4,1967,False
Frank Kuchta,/K/KuchFr20.htm,LB-C,0,3,1960,False
Bob Kuechenberg,/K/KuecBo00.htm,G-T-C,0,14,1983,False
Art Kuehn,/K/KuehAr20.htm,C,0,8,1983,False
Eric Kush,/K/KushEr00.htm,C,0,7,2019,True
Bob Kuziel,/K/KuziBo20.htm,C-T,0,9,1980,False
Rip Kyle,/K/KyleRi20.htm,C-T-G,0,2,1926,False
Tony LaBissoniere,/L/LaBiTo20.htm,C-G,0,1,1922,False
Joe LaFleur,/L/LaFlJo20.htm,G-FB-C-HB,0,3,1924,False
Pete Lamana,/L/LamaPe20.htm,LB-C-FB,0,3,1948,False
Bob Landsee,/L/LandBo20.htm,C-G,0,2,1987,False
Jim Langer,/L/LangJi00.htm,C-G,1,12,1981,False
Mose Lantz,/L/LantMo20.htm,C,0,1,1933,False
Dave Lapham,/L/LaphDa20.htm,G-C-T,0,10,1983,False
Bill Lapham,/L/LaphBi20.htm,C,0,2,1961,False
Chuck Lanza,/L/LanzCh20.htm,C,0,2,1989,False
Ted Larsen,/L/LarsTe20.htm,C,0,10,2019,True
Tyler Larsen,/L/LarsTy00.htm,C,0,4,2019,True
Greg Larson,/L/LarsGr00.htm,C-G-T,0,13,1973,False
Louie Larson,/L/LarsLo20.htm,C-B,0,4,1929,False
Ojay Larson,/L/LarsOj20.htm,C,0,8,1929,False
Nick Lassa,/L/LassNi20.htm,T-C-G-E,0,2,1923,False
Paul Latzke,/L/LatzPa20.htm,C,0,3,1968,False
Larry Lauer,/L/LaueLa20.htm,C,0,2,1957,False
Paul Leatherman,/L/LeatPa20.htm,G-C,0,1,1922,False
Frank Leavitt,/L/LeavFr20.htm,G-C,0,1,1921,False
Nick Leckey,/L/LeckNi20.htm,C-G,0,6,2009,False
Roger LeClerc,/L/LeClRo20.htm,LB-K-C,0,8,1967,False
Dwayne Ledford,/L/LedfDw20.htm,C,0,4,2003,False
Gene Lee,/L/LeexGe20.htm,C,0,1,1946,False
Larry Lee,/L/LeexLa20.htm,G-C,0,8,1988,False
Jay Leeuwenburg,/L/LeeuJa20.htm,G-C-T,0,9,2000,False
Brad Leggett,/L/LeggBr20.htm,C,0,1,1991,False
Doug Legursky,/L/LeguDo00.htm,C,0,7,2015,False
Matt Lehr,/L/LehrMa20.htm,C-G,0,8,2008,False
Walt LeJeune,/L/LeJeWa20.htm,G-C-T-B,0,6,1927,False
Reid Lennon,/L/LennRe20.htm,G-C-T,0,3,1947,False
Bill Lenkaitis,/L/LenkBi20.htm,C-G,0,14,1981,False
Jim Leonard,/L/LeonJi22.htm,G-C,0,7,1986,False
Darrell Lester,/L/LestDa20.htm,C,0,2,1938,False
Lou Levanti,/L/LevaLo20.htm,C-LB,0,1,1952,False
Bill Lewis,/L/LewiBi21.htm,C-G,0,8,1993,False
Patrick Lewis,/L/LewiPa00.htm,C,0,3,2016,False
Tex Leyendecker,/L/LeyeTe20.htm,T-C-LB,0,1,1933,False
Kory Lichtensteiger,/L/LichKo20.htm,C,0,9,2016,False
George Lilja,/L/LiljGe20.htm,G-C-T,0,6,1987,False
Vic Lindskog,/L/LindVi20.htm,C,0,8,1951,False
Adam Lingner,/L/LingAd20.htm,C,0,13,1995,False
Corey Linsley,/L/LinsCo00.htm,C,0,6,2019,True
Jack Lininger,/L/LiniJa20.htm,LB-C,0,2,1951,False
John Lipski,/L/LipsJo20.htm,C,0,2,1934,False
Dave Lloyd,/L/LloyDa00.htm,LB-C,0,12,1970,False
Cullen Loeffler,/L/LoefCu20.htm,C,0,11,2014,False
Andy Logan,/L/LogaAn20.htm,T-C,0,1,1941,False
Kevin Long,/L/LongKe21.htm,C,0,4,2001,False
Matt Long,/L/LongMa20.htm,C,0,1,1987,False
Tim Long,/L/LongTi20.htm,C,0,1,1987,False
Roy Longstreet,/L/LongRo20.htm,C,0,1,1926,False
John Lott,/L/LottJo21.htm,C-G,0,1,1987,False
Ron Lou,/L/LouxRo20.htm,C,0,4,1976,False
Tom Louderback,/L/LoudTo20.htm,LB-C-G,0,5,1962,False
Kirk Lowdermilk,/L/LowdKi20.htm,C,0,12,1996,False
Wayne Lucier,/L/LuciWa20.htm,G-C,0,2,2004,False
Jonathan Luigs,/L/LuigJo20.htm,C,0,1,2009,False
Kayo Lunday,/L/LundKa20.htm,G-LB-C,0,11,1947,False
Brad Lundblade,/L/LundBr00.htm,C,0,1,2019,True
Bob Lusk,/L/LuskBo20.htm,C,0,1,1956,False
Ben Lynch,/L/LyncBe20.htm,C,0,4,2002,False
Shawn Lynch,/L/LyncSh20.htm,C,0,1,2005,False
Tommy Lyons,/L/LyonTo20.htm,G-C,0,6,1976,False
John Macaulay,/M/MacaJo20.htm,C,0,1,1984,False
Don Macek,/M/MaceDo20.htm,C-G,0,14,1989,False
Mel Maceau,/M/MaceMe20.htm,C,0,3,1948,False
J.P. Machado,/M/MachJ.20.htm,G-C,0,5,2003,False
Alex Mack,/M/MackAl20.htm,C,0,11,2019,True
Jack Mackenroth,/M/MackJa20.htm,C,0,1,1938,False
Stu MacMillan,/M/MacMSt20.htm,G-C,0,1,1931,False
John Madigan,/M/MadiJo20.htm,C-T,0,3,1924,False
Joe Maese,/M/MaesJo20.htm,C,0,5,2005,False
Jim Magee,/M/MageJi20.htm,C-T,0,3,1946,False
Sean Mahan,/M/MahaSe20.htm,G-C,0,7,2009,False
Roger Mahoney,/M/MahoRo20.htm,C-G-E,0,3,1930,False
Joe Malkovich,/M/MalkJo20.htm,C,0,1,1935,False
Vaughn Mancha,/M/MancVa20.htm,C-LB,0,1,1948,False
Greg Mancz,/M/MancGr00.htm,C,0,5,2019,True
Mike Mandarino,/M/MandMi20.htm,T-C-G,0,2,1945,False
Dave Manders,/M/MandDa00.htm,C,0,11,1974,False
Nick Mangold,/M/MangNi20.htm,C,0,11,2016,False
Jack Manley,/M/ManlJa20.htm,LB-C,0,1,1953,False
Sam Manos,/M/ManoSa20.htm,C,0,1,1987,False
Ray Mansfield,/M/MansRa20.htm,C-DT-LB,0,14,1976,False
Bap Manzini,/M/ManzBa20.htm,C,0,5,1948,False
Bobby Maples,/M/MaplBo00.htm,C-LB,0,14,1978,False
Tal Maples,/M/MaplTa20.htm,C,0,1,1934,False
Joe Maras,/M/MaraJo20.htm,C,0,3,1940,False
Basilio Marchi,/M/MarcBa20.htm,G-C,0,9,1942,False
Frank Marchlewski,/M/MarcFr20.htm,C,0,6,1970,False
Mark Markovich,/M/MarkMa20.htm,C-G,0,4,1977,False
Lou Mark,/M/MarkLo20.htm,C-E,0,8,1945,False
Ali Marpet,/M/MarpAl00.htm,C,0,5,2019,True
Doug Marrone,/M/MarrDo20.htm,G-C-T,0,3,1989,False
Jack Martin,/M/MartJa20.htm,C,0,3,1949,False
Marcus Martin,/M/MartMa01.htm,C,0,3,2016,False
Nick Martin,/M/MartNi00.htm,C,0,3,2019,True
Patsy Martinelli,/M/MartPa21.htm,C,0,1,1946,False
Forrest Masterson,/M/MastFo20.htm,C-G,0,1,1945,False
Trevor Matich,/M/MatiTr20.htm,C-G-T,0,12,1996,False
John Matlock,/M/MatlJo20.htm,C,0,6,1972,False
Bruce Matthews,/M/MattBr00.htm,G-C-T,1,19,2001,False
Kevin Matthews,/M/MattKe20.htm,C,0,5,2014,False
Al Matuza,/M/MatuAl20.htm,C,0,3,1943,False
Carl Mauck,/M/MaucCa20.htm,C,0,13,1981,False
Kevin Mawae,/M/MawaKe00.htm,C-G,1,16,2009,False
Joey Maxwell,/M/MaxwJo20.htm,C-E,0,3,1929,False
Mark May,/M/MayxMa00.htm,G-T-C,0,13,1993,False
Jack May,/M/MayxJa20.htm,C,0,1,1938,False
Tony Mayberry,/M/MaybTo00.htm,C,0,10,1999,False
Jack McArthur,/M/McArJa20.htm,C-T-G-E,0,6,1931,False
Bob McCaffrey,/M/McCaBo20.htm,C,0,1,1975,False
Larry McCarren,/M/McCaLa00.htm,C,0,12,1984,False
Leo McCausland,/M/McCaLe20.htm,C-G-T-E,0,1,1922,False
Todd McClure,/M/McClTo20.htm,C,0,13,2012,False
Andy McCollum,/M/McCoAn20.htm,C-G,0,14,2008,False
Elmer McCormick,/M/McCoEl20.htm,C-T-C-B,0,4,1926,False
Elmer McCormick,/M/McCoEl20.htm,C-T-C-B,0,4,1926,False
Len McCormick,/M/McCoLe20.htm,C-LB,0,1,1948,False
Walter McCormick,/M/McCoWa20.htm,C-LB,0,1,1948,False
Karl McDade,/M/McDaKa20.htm,C-LB,0,1,1938,False
Shane McDermott,/M/McDeSh01.htm,C,0,1,2016,False
Walt McDonald,/M/McDoWa21.htm,C-LB,0,1,1935,False
Jason McEndoo,/M/McEnJa20.htm,C,0,1,1998,False
Harry McGee,/M/McGeHa20.htm,C-G,0,6,1932,False
Larry McGinnis,/M/McGiLa20.htm,G-C-E,0,2,1924,False
Ed McGlasson,/M/McGlEd20.htm,C,0,3,1981,False
Dick McGrath,/M/McGrDi20.htm,C-T,0,1,1926,False
Dan McGrew,/M/McGrDa20.htm,C,0,1,1960,False
Gene McGuire,/M/McGuGe20.htm,C,0,4,1996,False
Nick McInerney,/M/McInNi20.htm,C-E-T-FB-G,0,8,1927,False
Raleigh McKenzie,/M/McKeRa20.htm,G-C-T,0,16,2000,False
Seth McKinney,/M/McKiSe20.htm,C,0,8,2009,False
Steve McKinney,/M/McKiSt20.htm,C-G,0,10,2007,False
Dennis McKnight,/M/McKnDe20.htm,G-C,0,11,1992,False
Don McKinnon,/M/McKiDo20.htm,LB-C,0,2,1964,False
Leon McLaughlin,/M/McLaLe00.htm,C,0,5,1955,False
Russ McLeod,/M/McLeRu20.htm,C,0,1,1934,False
Frank McNally,/M/McNaFr20.htm,C-T-G,0,4,1934,False
Forrest McPherson,/M/McPhFo20.htm,G-C-T,0,11,1945,False
Wade McRoberts,/M/McRoWa20.htm,C,0,2,1926,False
Bob Meeks,/M/MeekBo20.htm,C,0,1,1993,False
Bryant Meeks,/M/MeekBr20.htm,C-LB,0,2,1948,False
Brad Meester,/M/MeesBr20.htm,C-G,0,14,2013,False
Harry Mehre,/M/MehrHa20.htm,C,0,2,1923,False
George Meinhardt,/M/MeinGe20.htm,C-G,0,1,1923,False
John Mellekas,/M/MellJo20.htm,C-DT-T,0,8,1963,False
Dutch Mellody,/M/MellDu20.htm,WB-C,0,1,1920,False
Ken Mendenhall,/M/MendKe20.htm,C,0,10,1980,False
Saul Mielziner,/M/MielSa20.htm,C-G-T-LB,0,6,1934,False
Andy Miketa,/M/MikeAn20.htm,C,0,2,1955,False
Bill Miklich,/M/MiklBi20.htm,LB-BB-C,0,2,1948,False
Blake Miller,/M/MillBl21.htm,C,0,1,1992,False
Bubba Miller,/M/MillBu20.htm,C,0,4,2000,False
Colin Miller,/M/MillCo00.htm,C,0,1,2012,False
Drew Miller,/M/MillDr00.htm,C,0,1,2011,False
Dutch Miller,/M/MillDu21.htm,C,0,1,1931,False
Ookie Miller,/M/MillOo20.htm,C-G-LB,0,7,1938,False
Joe Mills,/M/MillJo26.htm,C-E-TB-G-WB,0,5,1926,False
John Mintun,/M/MintJo20.htm,C,0,7,1926,False
Al Mitchell,/M/MitcAl20.htm,T-C-E,0,1,1924,False
Jeff Mitchell,/M/MitcJe20.htm,C,0,8,2005,False
Melvin Mitchell,/M/MitcMe21.htm,G-C-T,0,5,1980,False
Russell Mitchell,/M/MitcRu20.htm,C,0,1,1987,False
Ted Mitchell,/M/MitcTe20.htm,C,0,2,1930,False
David Molk,/M/MolkDa00.htm,C,0,4,2015,False
Tony Momsen,/M/MomsTo20.htm,C,0,2,1952,False
Rob Monaco,/M/MonaRo20.htm,C,0,1,1985,False
Sully Montgomery,/M/MontSu20.htm,T-C,0,5,1927,False
Mike Montler,/M/MontMi21.htm,C-G-T,0,10,1978,False
Blake Moore,/M/MoorBl20.htm,C-G-T,0,6,1985,False
Gene Moore,/M/MoorGe20.htm,C-LB,0,1,1938,False
Larry Moore,/M/MoorLa21.htm,C-G,0,8,2005,False
John Mooring,/M/MoorJo20.htm,T-C,0,4,1974,False
Frank Moran,/M/MoraFr20.htm,C-T,0,1,1920,False
Rich Moran,/M/MoraRi20.htm,G-C,0,9,1993,False
Chris Morris,/M/MorrCh21.htm,C,0,5,2010,False
George Morris,/M/MorrGe21.htm,C-LB,0,1,1956,False
Jon Morris,/M/MorrJo03.htm,C,0,15,1978,False
Mike Morris,/M/MorrMi20.htm,C-G,0,13,1999,False
Patrick Morris,/M/MorrPa00.htm,C,0,1,2019,True
Doc Morrison,/M/MorrDo21.htm,C,0,2,1934,False
Don Morrison,/M/MorrDo22.htm,T-C,0,9,1979,False
Guy Morriss,/M/MorrGu20.htm,C,0,15,1987,False
John Morrow,/M/MorrJo04.htm,C-G,0,11,1966,False
Russ Morrow,/M/MorrRu20.htm,C,0,2,1947,False
Frank Morze,/M/MorzFr20.htm,C-T,0,8,1964,False
Don Mosebar,/M/MoseDo00.htm,C-T-G,0,12,1994,False
Bob Moser,/M/MoseBo20.htm,C,0,3,1953,False
Clure Mosher,/M/MoshCl20.htm,C-G-LB,0,1,1942,False
Steve Mott,/M/MottSt20.htm,C,0,6,1988,False
Tim Moynihan,/M/MoynTi20.htm,C,0,2,1933,False
Scott Mruczkowski,/M/MrucSc20.htm,C,0,7,2011,False
Ken Moyer,/M/MoyeKe20.htm,G-T-C,0,6,1994,False
Rudy Mucha,/M/MuchRu20.htm,G-C,0,6,1946,False
Don Muhlbach,/M/MuhlDo20.htm,C,0,16,2019,True
Lee Mulleneaux,/M/MullLe20.htm,C-WB,0,7,1938,False
Wayne Mulligan,/M/MullWa20.htm,C-T,0,7,1975,False
Fred Mundee,/M/MundFr20.htm,C-LB,0,3,1945,False
Guy Murdock,/M/MurdGu20.htm,C,0,1,1972,False
Jim Murphy,/M/MurpJi20.htm,B-E-C,0,3,1928,False
Rob Murphy,/M/MurpRo20.htm,C,0,3,2004,False
Bill Murrah,/M/MurrWi20.htm,C-G,0,2,1923,False
Jab Murray,/M/MurrJa20.htm,E-C-G-T,0,4,1924,False
Mickey Murtagh,/M/MurtMi20.htm,C-G-E-B,0,7,1932,False
Roland Nabors,/N/NaboRo20.htm,LB-C,0,1,1948,False
Bill Nagy,/N/NagyBi00.htm,C,0,2,2012,False
Tom Nalen,/N/NaleTo00.htm,C,0,14,2007,False
Fred Naumetz,/N/NaumFr20.htm,C,0,5,1950,False
Dan Neal,/N/NealDa20.htm,C-G,0,11,1983,False
Ed Neal,/N/NealEd00.htm,MG-C-G-T,0,7,1951,False
Aaron Neary,/N/NearAa00.htm,C,0,1,2017,True
Fred Negus,/N/NeguFr20.htm,C-LB,0,4,1950,False
Don Nelson,/N/NelsDo20.htm,T-C,0,1,1926,False
Robert Nelson,/N/NelsRo20.htm,C-T-DT-LB,0,10,1950,False
Jamar Nesbit,/N/NesbJa20.htm,G-C,0,11,2009,False
Al Nesser,/N/NessAl20.htm,G-E-C,0,12,1931,False
Andy Nemecek,/N/NemeAn20.htm,C-G-T,0,3,1925,False
Ted Nesser,/N/NessTe20.htm,C-T-G,0,2,1921,False
Quentin Neujahr,/N/NeujQu20.htm,C,0,5,2000,False
Tom Newberry,/N/NewbTo20.htm,G-C,0,10,1995,False
Jeremy Newberry,/N/NewbJe00.htm,C-G,0,10,2008,False
Mike Nichols,/N/NichMi20.htm,C,0,2,1961,False
Wally Niemann,/N/NiemWa20.htm,C,0,3,1924,False
Nick Nighswander,/N/NighNi20.htm,C,0,1,1974,False
Rudy Niswanger,/N/NiswRu20.htm,C,0,5,2010,False
Reed Nilsen,/N/NilsRe20.htm,C,0,1,1947,False
Don Nolander,/N/NolaDo20.htm,C,0,1,1946,False
Chuck Noll,/N/NollCh20.htm,LB-G-C,1,7,1959,False
Mark Nordquist,/N/NordMa20.htm,G-C,0,9,1976,False
Erik Norgard,/N/NorgEr20.htm,G-C,0,9,1998,False
Dennis Norman,/N/NormDe20.htm,C-T,0,7,2009,False
Bob Norman,/N/NormBo20.htm,C,0,1,1945,False
Tom Nutten,/N/NuttTo20.htm,G-C,0,11,2005,False
Buzz Nutter,/N/NuttBu00.htm,C-LB,0,12,1965,False
Rick Nuzum,/N/NuzuRi20.htm,C,0,2,1978,False
Shaun O'Hara,/O/OHarSh20.htm,G-C,0,11,2010,False
Red O'Neill,/O/ONeiRe20.htm,C,0,1,1926,False
Dennis O'Sullivan,/O/OSulDe20.htm,C,0,1,2002,False
Ben Oas,/O/OasxBe20.htm,C-BB,0,1,1929,False
Bart Oates,/O/OateBa00.htm,C,0,11,1995,False
Dunc Obee,/O/ObeeDu20.htm,C,0,1,1941,False
Cap Oehler,/O/OehlCa20.htm,C-LB,0,4,1936,False
Chukky Okobi,/O/OkobCh20.htm,C-G,0,7,2007,False
John Olenchalk,/O/OlenJo20.htm,LB-C,0,2,1982,False
Phil Olsen,/O/OlsePh20.htm,DT-C,0,6,1976,False
Orrin Olsen,/O/OlseOr20.htm,C,0,1,1976,False
Lance Olssen,/O/OlssLa20.htm,T-C,0,2,1969,False
Russ Oltz,/O/OltzRu20.htm,C-G-T-FB,0,6,1925,False
Mike Oriard,/O/OriaMi20.htm,C-G,0,4,1973,False
Duke Osborn,/O/OsboDu20.htm,G-C,0,8,1928,False
Craig Osika,/O/OsikCr20.htm,G-C,0,2,2003,False
Paul Oswald,/O/OswaPa20.htm,C-G,0,2,1988,False
Jerry Ostroski,/O/OstrJe20.htm,G-T-C,0,8,2001,False
Bo Otto,/O/OttoBo20.htm,C-G-T,0,2,1923,False
Jim Otto,/O/OttoJi00.htm,C,1,15,1974,False
Greg Ours,/O/OursGr20.htm,C,0,1,1987,False
Pete Owens,/O/OwenPe20.htm,G-C,0,1,1943,False
Dave Pacella,/P/PaceDa20.htm,C-G,0,1,1984,False
Craig Page,/P/PageCr20.htm,C,0,1,2000,False
Lou Palazzi,/P/PalaLo21.htm,C,0,2,1947,False
Jim Palermo,/P/PaleJi20.htm,G-C,0,2,1926,False
Sam Palumbo,/P/PaluSa20.htm,LB-C,0,6,1960,False
Joe Panos,/P/PanoJo20.htm,G-C,0,7,2000,False
Matt Paradis,/P/ParaMa00.htm,C,0,6,2019,True
Willie Parker,/P/ParkWi20.htm,C-G,0,8,1980,False
Mickey Parks,/P/ParkMi20.htm,C-LB,0,9,1946,False
Garin Patrick,/P/PatrGa20.htm,C,0,1,1995,False
Bob Patton,/P/PattBo20.htm,C,0,1,1976,False
Don Paul,/P/PaulDo00.htm,LB-MG-C,0,8,1955,False
Tony Paulekas,/P/PaulTo20.htm,G-C-LB,0,1,1936,False
Lonie Paxton,/P/PaxtLo20.htm,C,0,12,2011,False
Rod Payne,/P/PaynRo20.htm,C,0,1,1998,False
Bert Pearson,/P/PearBe20.htm,C-G,0,8,1936,False
Dave Pearson,/P/PearDa20.htm,C,0,1,2006,False
Jack Peavey,/P/PeavJa20.htm,C,0,1,1987,False
Dan Peiffer,/P/PeifDa20.htm,C,0,6,1980,False
Tupe Peko,/P/PekoTu20.htm,G-C,0,2,2004,False
Joseph Pellegrini,/P/PellJo21.htm,G-C,0,5,1986,False
Bob Penchion,/P/PencBo20.htm,G-C,0,5,1976,False
Jay Pennison,/P/PennJa20.htm,C,0,5,1990,False
Frank Perantoni,/P/PeraFr20.htm,C,0,2,1949,False
Ralph Perretta,/P/PerrRa20.htm,C-G,0,6,1980,False
Wally Pesuit,/P/PesuWa20.htm,G-C-T-DE,0,5,1980,False
Scott Peters,/P/PeteSc20.htm,C-G,0,1,2003,False
Brett Petersmark,/P/PeteBr20.htm,C,0,1,1987,False
Ted Petersen,/P/PeteTe20.htm,T-C-G,0,11,1987,False
Carl Peterson,/P/PeteCa21.htm,C-E,0,1,1924,False
Barry Pettyjohn,/P/PettBa20.htm,C-T,0,1,1987,False
Mike Phillips,/P/PhilMi20.htm,C-LB,0,1,1947,False
Bill Piccolo,/P/PiccBi20.htm,C,0,3,1945,False
Don Pierce,/P/PierDo20.htm,C,0,2,1943,False
Al Pierotti,/P/PierAl20.htm,C-G-T-B,0,10,1929,False
Jim Pietrzak,/P/PietJi20.htm,C-DT-T,0,14,1987,False
Bob Pifferini,/P/PiffBo20.htm,C,0,1,1949,False
Ray Pinney,/P/PinnRa20.htm,T-G-C,0,12,1987,False
Chuck Pitcock,/P/PitcCh20.htm,C,0,1,1987,False
Bryan Pittman,/P/PittBr20.htm,C,0,7,2009,False
Swede Pittman,/P/PittSw20.htm,C-LB,0,1,1935,False
Hugh Pitts,/P/PittHu20.htm,LB-C,0,5,1960,False
Ron Plantz,/P/PlanRo20.htm,C,0,1,1987,False
Ted Plumridge,/P/PlumTe20.htm,C,0,1,1926,False
Ethan Pocic,/P/PociEt00.htm,C,0,3,2019,True
Mike Pollak,/P/PollMi20.htm,C,0,7,2014,False
Ryan Pontbriand,/P/PontRy20.htm,C,0,9,2011,False
Jack Porter,/P/PortJa20.htm,C,0,1,1971,False
Maurkice Pouncey,/P/PounMa20.htm,C,0,10,2019,True
Mike Pouncey,/P/PounMi00.htm,C,0,9,2019,True
Merv Pregulman,/P/PregMe20.htm,C-G,0,4,1949,False
Lee Presley,/P/PresLe20.htm,FB-C,0,1,1945,False
Duke Preston,/P/PresDu20.htm,C,0,4,2008,False
Felto Prewitt,/P/PrewFe20.htm,C-LB,0,4,1949,False
Billy Price,/P/PricBi01.htm,C,0,2,2019,True
Remi Prudhomme,/P/PrudRe20.htm,C-DE-G-DT,0,7,1972,False
Spencer Pulley,/P/PullSp00.htm,C,0,4,2019,True
Tanner Purdum,/P/PurdTa00.htm,C,0,7,2016,False
Earl Putman,/P/PutmEa20.htm,C,0,1,1957,False
Mike Pyle,/P/PyleMi00.htm,C,0,9,1969,False
Jim Pyne,/P/PyneJi20.htm,G-C,0,7,2001,False
Scott Quessenberry,/Q/QuesSc00.htm,C,0,2,2019,True
Fred Quillan,/Q/QuilFr00.htm,C,0,10,1987,False
Steve Quinn,/Q/QuinSt20.htm,C,0,1,1968,False
Marc Raab,/R/RaabMa20.htm,C,0,6,1998,False
Buster Raborn,/R/RaboBu20.htm,C-LB,0,2,1937,False
Casey Rabach,/R/RabaCa20.htm,C-G,0,9,2010,False
Keith Radecic,/R/RadeKe20.htm,C,0,1,1987,False
Wayne Radloff,/R/RadlWa20.htm,C-G,0,5,1989,False
George Radosevich,/R/RadoGe21.htm,T-C,0,3,1956,False
Vince Rafferty,/R/RaffVi20.htm,C-G,0,1,1987,False
Tom Rafferty,/R/RaffTo20.htm,C-G,0,14,1989,False
Frank Ragnow,/R/RagnFr00.htm,C,0,2,2019,True
Dominic Raiola,/R/RaioDo20.htm,C,0,14,2014,False
Donovan Raiola,/R/RaioDo00.htm,C,0,1,2010,False
Gregg Rakoczy,/R/RakoGr20.htm,C-G-T,0,6,1992,False
Clare Randolph,/R/RandCl20.htm,C-G-LB-E,0,7,1936,False
John Rapacz,/R/RapaJo20.htm,C-LB,0,7,1954,False
Herb Rapp,/R/RappHe20.htm,C,0,2,1931,False
Randy Rasmussen,/R/RasmRa21.htm,C-G,0,5,1988,False
Joe Ratica,/R/RatiJo20.htm,C-LB,0,1,1939,False
Dick Rauch,/R/RaucDi20.htm,C-G-T,0,5,1929,False
Cory Raymer,/R/RaymCo20.htm,C,0,11,2005,False
Kevin Reach,/R/ReacKe20.htm,G-C,0,1,1987,False
Paul Rebsamen,/R/RebsPa20.htm,C,0,1,1927,False
Dave Recher,/R/RechDa20.htm,C,0,4,1968,False
Geoff Reece,/R/ReecGe20.htm,C,0,2,1977,False
Max Reed,/R/ReedMa21.htm,C,0,4,1928,False
Hank Reese,/R/ReesHa20.htm,C-G,0,7,1939,False
Shawn Regent,/R/RegeSh20.htm,C,0,1,1987,False
Milt Rehnquist,/R/RehnMi20.htm,G-C-T,0,9,1932,False
Lou Reichel,/R/ReicLo20.htm,C,0,1,1926,False
Bill Reid,/R/ReidBi20.htm,C,0,1,1975,False
Joe Reid,/R/ReidJo20.htm,LB-C-DG,0,2,1952,False
Austin Reiter,/R/ReitAu00.htm,C,0,4,2019,True
Bill Remington,/R/RemiBi20.htm,C-LB,0,1,1946,False
Glenn Ressler,/R/RessGl20.htm,G-C-T-DT,0,10,1974,False
Jared Retkofsky,/R/RetkJa00.htm,C,0,2,2009,False
Vic Reuter,/R/ReutVi20.htm,C,0,1,1932,False
Chuck Reynolds,/R/ReynCh20.htm,C-G,0,2,1970,False
Jerry Reynolds,/R/ReynJe20.htm,T-C,0,3,1998,False
John Reynolds,/R/ReynJo21.htm,C,0,1,1937,False
Demetrius Rhaney,/R/RhanDe00.htm,C,0,4,2017,False
Jay Rhodemyre,/R/RhodJa20.htm,C-LB,0,5,1952,False
Orian Rice,/R/RiceOr20.htm,BB-C,0,1,1929,False
Jamey Richard,/R/RichJa20.htm,C,0,5,2012,False
Pete Richards,/R/RichPe20.htm,C,0,1,1927,False
Barry Richardson,/R/RichBa20.htm,C,0,6,2013,False
Jeff Richardson,/R/RichJe20.htm,T-G-C,0,3,1969,False
Weston Richburg,/R/RichWe00.htm,C,0,6,2019,True
Bill Rieth,/R/RietBi20.htm,G-C,0,5,1945,False
Dave Rimington,/R/RimiDa20.htm,C,0,7,1989,False
Carroll Ringwalt,/R/RingCa20.htm,C-G,0,2,1931,False
Jim Ringo,/R/RingJi00.htm,C,1,15,1967,False
Del Ritchhart,/R/RitcDe20.htm,C,0,2,1937,False
Barret Robbins,/R/RobbBa00.htm,C,0,9,2003,False
Bobby Robertson,/R/RobeBo21.htm,C-HB-DB,0,1,1942,False
Tom Robertson,/R/RobeTo21.htm,C,0,6,1946,False
Wayne Robinson,/R/RobiWa00.htm,LB-C,0,5,1956,False
Burle Robison,/R/RobiBu20.htm,E-C,0,1,1935,False
Marshall Robnett,/R/RobnMa20.htm,C-G,0,3,1945,False
Mark Rodenhauser,/R/RodeMa20.htm,C,0,13,1999,False
Don Rogers,/R/RogeDo20.htm,C-G,0,5,1964,False
John Rogers,/R/RogeJo20.htm,C,0,2,1934,False
Jim Romano,/R/RomaJi21.htm,C,0,5,1986,False
Brett Romberg,/R/RombBr20.htm,C,0,6,2011,False
Bill Rooney,/R/RoonBi20.htm,B-C,0,7,1929,False
Dan Rosado,/R/RosaDa20.htm,C-G,0,2,1988,False
Erik Rosenmeier,/R/RoseEr20.htm,C,0,1,1987,False
Ernie Rosteck,/R/RostEr20.htm,C,0,2,1944,False
Fred Rothwell,/R/RothFr20.htm,C,0,1,1974,False
Cliff Rothrock,/R/RothCl20.htm,C,0,1,1947,False
Chase Roullier,/R/RoulCh00.htm,C,0,3,2019,True
Larry Rubens,/R/RubeLa20.htm,C,0,5,1986,False
Karl Rubke,/R/RubkKa20.htm,LB-C-DT-DE,0,12,1968,False
Jack Rudnay,/R/RudnJa00.htm,C,0,13,1982,False
Tim Ruddy,/R/RuddTi20.htm,C,0,10,2003,False
Grey Ruegamer,/R/RuegGr20.htm,C-G,0,9,2008,False
Mike Ruether,/R/RuetMi20.htm,G-C,0,8,1993,False
Porky Rundquist,/R/RundPo20.htm,T-G-C,0,2,1926,False
Gil Runkel,/R/RunkGi20.htm,C-G,0,1,1920,False
Bob Rush,/R/RushBo20.htm,C-T,0,9,1985,False
Dan Ryczek,/R/RyczDa20.htm,C,0,7,1979,False
Paul Ryczek,/R/RyczPa20.htm,C,0,14,1987,False
Frank Rydzewski,/R/RydzFr20.htm,C-T-G,0,7,1926,False
Kelly Saalfeld,/S/SaalKe20.htm,C,0,1,1980,False
Lou Saban,/S/SabaLo20.htm,C-B,0,4,1949,False
Joe Sabasteanski,/S/SabaJo20.htm,G-LB-C,0,3,1949,False
Tino Sabuco,/S/SabuTi20.htm,C,0,1,1949,False
Jack Sachse,/S/SachJa20.htm,C-LB,0,1,1945,False
Ron Sams,/S/SamsRo20.htm,C-G,0,2,1984,False
Garrison Sanborn,/S/SanbGa00.htm,C,0,11,2019,True
Eric Sanders,/S/SandEr20.htm,T-G-C,0,12,1992,False
Jesse Sapolu,/S/SapoJe00.htm,C-G,0,15,1997,False
Al Sarafiny,/S/SaraAl20.htm,C,0,1,1933,False
Samson Satele,/S/SateSa20.htm,C,0,8,2014,False
Ollie Satenstein,/S/SateOl20.htm,G-E-T-C,0,5,1933,False
Jeff Saturday,/S/SatuJe55.htm,C,0,14,2012,False
Rich Saul,/S/SaulRi00.htm,C-G-T,0,12,1981,False
Quentin Saulsberry,/S/SaulQu00.htm,C,0,1,2012,False
Mike Scarry,/S/ScarMi20.htm,C-T,0,4,1947,False
Skippy Scheib,/S/ScheSk20.htm,C,0,1,1930,False
John Schiechl,/S/SchiJo20.htm,C,0,7,1947,False
Mark Schlereth,/S/SchlMa00.htm,G-C,0,12,2000,False
Bob Schmidt,/S/SchmBo00.htm,C-T-G,0,9,1967,False
George Schmidt,/S/SchmGe20.htm,DE-C-LB,0,2,1953,False
John Schmidt,/S/SchmJo20.htm,C,0,1,1940,False
John Schmitt,/S/SchmJo22.htm,C,0,11,1974,False
Mike Schneck,/S/SchnMi20.htm,C,0,11,2009,False
Leroy Schoemann,/S/SchoLe20.htm,C,0,1,1938,False
Bob Scholtz,/S/SchoBo21.htm,C-G-T,0,7,1966,False
Jim Schrader,/S/SchrJi00.htm,C-T,0,11,1964,False
Adam Schreiber,/S/SchrAd20.htm,G-C,0,16,1999,False
Carl Schuette,/S/SchuCa20.htm,LB-C-DB,0,4,1951,False
Ted Schwarzer,/S/SchwTe20.htm,G-C,0,1,1926,False
Brian Schwenke,/S/SchwBr00.htm,C,0,6,2018,False
Bob Scott,/S/ScotBo20.htm,C-G-T,0,1,1926,False
Carlos Scott,/S/ScotCa21.htm,C-T,0,3,1985,False
Lance Scott,/S/ScotLa20.htm,C,0,2,1998,False
John Scully,/S/SculJo20.htm,G-C,0,10,1990,False
Mike Scully,/S/SculMi20.htm,C-G,0,1,1988,False
Joe Secord,/S/SecoJo20.htm,C,0,1,1922,False
Chris Sedoris,/S/SedoCh20.htm,C,0,1,1996,False
Paul Seiler,/S/SeilPa20.htm,C-T,0,7,1973,False
Ron Selesky,/S/SeleRo20.htm,C,0,1,1987,False
Lyle Sendlein,/S/SendLy20.htm,C,0,9,2015,False
Robert Shaw,/S/ShawRo20.htm,C-G,0,3,1981,False
Joe Shearin,/S/SheaJo20.htm,G-C,0,5,1987,False
Vincent Shekleton,/S/ShekVi20.htm,C,0,1,1922,False
Coleman Shelton,/S/ShelCo00.htm,C,0,1,2019,True
Stan Sheriff,/S/SherSt20.htm,LB-G-C,0,4,1957,False
A.Q. Shipley,/S/ShipA.20.htm,C,0,8,2019,True
Clay Shiver,/S/ShivCl20.htm,C,0,3,1998,False
Frederick Shook,/S/ShooFr20.htm,C-LB,0,1,1941,False
Bert Shurtleff,/S/ShurBe20.htm,C-G,0,5,1929,False
Mark Shupe,/S/ShupMa20.htm,C,0,1,1987,False
Tony Siano,/S/SianTo20.htm,C,0,3,1934,False
Larry Siemering,/S/SiemLa20.htm,C,0,2,1936,False
John Simerson,/S/SimeJo20.htm,C-T,0,5,1961,False
Jack Simmons,/S/SimmJa00.htm,C-G-T,0,9,1956,False
Tim Simpson,/S/SimpTi20.htm,G-C,0,1,1994,False
Travis Simpson,/S/SimpTr20.htm,C,0,1,1987,False
Frank Sinkovitz,/S/SinkFr20.htm,LB-C,0,6,1952,False
Lew Skinner,/S/SkinLe20.htm,G-C,0,3,1922,False
Bob Skoronski,/S/SkorBo00.htm,T-C,0,13,1968,False
Ed Skoronski,/S/SkorEd20.htm,E-C-LB,0,3,1937,False
Matt Skura,/S/SkurMa01.htm,C,0,3,2019,True
Mark Slater,/S/SlatMa20.htm,C,0,6,1983,False
Tony Slaton,/S/SlatTo20.htm,C-G,0,6,1990,False
Jason Slowey,/S/SlowJa00.htm,C,0,1,2012,False
Clyde Smith,/S/SmitCl21.htm,C,0,4,1928,False
Dick Smith,/S/SmitDi20.htm,C,0,1,1933,False
Doug Smith,/S/SmitDo01.htm,C-G-T,0,14,1991,False
George Smith,/S/SmitGe22.htm,C,0,11,1947,False
Hank Smith,/S/SmitHa21.htm,C-G-T,0,6,1925,False
Jeff Smith,/S/SmitJe21.htm,C,0,5,2001,False
Omar Smith,/S/SmitOm20.htm,C,0,2,2003,False
Ray Smith,/S/SmitRa21.htm,C,0,4,1933,False
Russ Smith,/S/SmitRu20.htm,G-C,0,6,1926,False
Sid Smith,/S/SmitSi20.htm,C-T,0,5,1974,False
Wilfred Smith,/S/SmitWi20.htm,T-G-E-C,0,6,1925,False
David Snow,/S/SnowDa00.htm,C,0,1,2012,False
Phil Sobocinski,/S/SoboPh20.htm,C,0,1,1968,False
John Sokolosky,/S/SokoJo20.htm,C,0,1,1978,False
Ariel Solomon,/S/SoloAr20.htm,C,0,6,1996,False
Mike Solwold,/S/SolwMi20.htm,C,0,4,2004,False
Jack Sommers,/S/SommJa20.htm,C,0,1,1947,False
Lou Sossamon,/S/SossLo20.htm,C-LB,0,3,1948,False
Dick Spain,/S/SpaiDi20.htm,C-T,0,2,1922,False
Dutch Speck,/S/SpecDu20.htm,G-C-T,0,7,1926,False
Cliff Speegle,/S/SpeeCl20.htm,C,0,1,1945,False
Chris Spencer,/S/SpenCh21.htm,C,0,10,2014,False
Ollie Spencer,/S/SpenOl20.htm,T-G-C,0,11,1963,False
Bill Springsteen,/S/SpriBi20.htm,C-E,0,4,1928,False
Ted St. Germaine,/S/St.GTe20.htm,T-C-G,0,1,1922,False
John Stadnik,/S/StadJo20.htm,C,0,1,1987,False
Darnell Stapleton,/S/StapDa20.htm,C,0,1,2008,False
Jason Starkey,/S/StarJa20.htm,C,0,4,2003,False
Art Statuto,/S/StatAr20.htm,C,0,3,1950,False
Chuck Steele,/S/SteeCh20.htm,C,0,1,1987,False
Bill Stein,/S/SteiBi20.htm,C-G-T,0,7,1929,False
Herb Stein,/S/SteiHe20.htm,C-G,0,8,1928,False
Russ Stein,/S/SteiRu20.htm,T-E-C,0,5,1926,False
Al Steinfeld,/S/SteiAl20.htm,G-C-T,0,2,1983,False
Alex Stepanovich,/S/StepAl20.htm,C,0,5,2008,False
Bill Stephens,/S/StepBi20.htm,C,0,1,1926,False
Ray Stephens,/S/StepRa20.htm,C-G,0,1,1927,False
Reggie Stephens,/S/StepRe22.htm,C,0,1,2012,False
Dave Stephenson,/S/StepDa21.htm,G-C-DG,0,6,1955,False
Dwight Stephenson,/S/StepDw00.htm,C-T,1,8,1987,False
Mark Stepnoski,/S/StepMa00.htm,C-G,0,13,2001,False
Tevita Stevens,/S/StevTe00.htm,C,0,1,2014,False
Pete Stevens,/S/StevPe20.htm,C,0,1,1936,False
Art Stevenson,/S/StevAr20.htm,C,0,3,1928,False
Mark Stevenson,/S/StevMa23.htm,G-C,0,1,1922,False
Mark Stevenson,/S/StevMa24.htm,G-C,0,1,1985,False
Ralph Stewart,/S/StewRa20.htm,C-LB,0,2,1948,False
Vaughn Stewart,/S/StewVa20.htm,C,0,2,1944,False
Dixie Stokes,/S/StokDi20.htm,C,0,7,1943,False
Eric Stokes,/S/StokEr20.htm,C-G,0,1,1987,False
Bryan Stoltenberg,/S/StolBr20.htm,C-G,0,5,2000,False
James Stone,/S/StonJa02.htm,C,0,4,2017,False
Bryan Stork,/S/StorBr00.htm,C,0,2,2015,False
Dick Stovall,/S/StovDi20.htm,LB-G-C,0,3,1949,False
Leif Strand,/S/StraLe20.htm,C,0,1,1924,False
Larry Strickland,/S/StriLa00.htm,C,0,6,1959,False
George Strohmeyer,/S/StroGe20.htm,C-LB,0,2,1949,False
Les Studdard,/S/StudLe20.htm,C,0,2,1983,False
Jerry Sturm,/S/SturJe00.htm,C-T-G,0,12,1972,False
Nick Subis,/S/SubiNi20.htm,T-C,0,1,1991,False
Walt Suggs,/S/SuggWa00.htm,T-C,0,10,1971,False
Frank Sullivan,/S/SullFr20.htm,C-LB,0,6,1940,False
Gerry Sullivan,/S/SullGe22.htm,T-C-G,0,8,1981,False
John Sullivan,/S/SullJo24.htm,C,0,11,2018,False
Mike Sullivan,/S/SullMi20.htm,G-C,0,4,1995,False
Nick Sundberg,/S/SundNi00.htm,C,0,10,2019,True
Bud Svendsen,/S/SvenBu20.htm,C-LB-G,0,7,1943,False
George Svendsen,/S/SvenGe20.htm,C,0,7,1941,False
Karl Swanke,/S/SwanKa20.htm,T-C-G,0,7,1986,False
Travis Swanson,/S/SwanTr00.htm,C,0,5,2018,False
Jim Sweeney,/S/SweeJi20.htm,C-T-G,0,16,1999,False
Dennis Swilley,/S/SwilDe20.htm,C-G-T,0,11,1987,False
Steve Sylvester,/S/SylvSt20.htm,C-G-T,0,9,1983,False
Dick Szymanski,/S/SzymDi00.htm,C-LB,0,14,1968,False
Frank Szymanski,/S/SzymFr20.htm,C,0,5,1949,False
Paul Tabor,/T/TaboPa20.htm,C-G,0,1,1980,False
Ben Tamburello,/T/TambBe20.htm,G-C,0,4,1990,False
Ralph Tamm,/T/TammRa20.htm,G-C,0,10,1999,False
George Tandy,/T/TandGe20.htm,C-E,0,2,1921,False
George Tarasovic,/T/TaraGe20.htm,DE-LB-C,0,15,1966,False
John Tavener,/T/TaveJo20.htm,C-LB,0,1,1946,False
Jim Taylor,/T/TaylJi21.htm,C-LB,0,3,1958,False
Trey Teague,/T/TeagTr20.htm,C-T,0,7,2005,False
Larry Tearry,/T/TearLa20.htm,C,0,2,1979,False
Mike Teifke,/T/TeifMi20.htm,C,0,1,1987,False
Matt Tennant,/T/TennMa20.htm,C,0,3,2012,False
Lou Tepe,/T/TepeLo20.htm,C-LB,0,3,1955,False
Tom Thayer,/T/ThayTo20.htm,G-C,0,9,1993,False
R.C. Thielemann,/T/ThieR.00.htm,G-C,0,12,1988,False
Chuck Thomas,/T/ThomCh21.htm,C,0,8,1992,False
Kevin Thomas,/T/ThomKe21.htm,C,0,1,1988,False
Todd Thomas,/T/ThomTo20.htm,C,0,1,1981,False
Bill Thompson,/T/ThomBi20.htm,C,0,1,1925,False
Chris Thome,/T/ThomCh22.htm,C,0,2,1992,False
Dave Thompson,/T/ThomDa23.htm,T-C-G,0,5,1975,False
Tommy Thompson,/T/ThomTo23.htm,LB-C,0,5,1953,False
Jack Thorpe,/T/ThorJa21.htm,G-C-T-WB,0,1,1923,False
Glenn Tidd,/T/TiddGl20.htm,C-G-T-WB,0,5,1924,False
Leo Tierney,/T/TierLe20.htm,C,0,1,1978,False
Pete Tillman,/T/TillPe20.htm,C-LB,0,1,1949,False
Mick Tingelhoff,/T/TingMi00.htm,C,1,17,1978,False
Bob Titchenal,/T/TitcBo20.htm,E-C-LB-DE,0,8,1947,False
Glen Titensor,/T/TiteGl20.htm,G-C,0,8,1988,False
George Titus,/T/TituGe20.htm,C-LB,0,1,1946,False
Si Titus,/T/TituSi20.htm,C,0,6,1945,False
Robbie Tobeck,/T/TobeRo55.htm,C-G,0,13,2006,False
Steve Tobin,/T/TobiSt20.htm,C,0,1,1980,False
Joe Tofflemire,/T/ToffJo20.htm,C,0,5,1994,False
Cameron Tom,/T/TomxCa00.htm,C,0,1,2018,True
Tony Tonelli,/T/ToneTo20.htm,C-G,0,1,1939,False
Clayton Tonnemaker,/T/TonnCl00.htm,LB-C,0,5,1954,False
LaVern Torgeson,/T/TorgLa00.htm,LB-C,0,7,1957,False
John Tosi,/T/TosiJo20.htm,C-G-T,0,1,1939,False
George Trafton,/T/TrafGe20.htm,C,1,13,1932,False
Barney Traynor,/T/TrayBa20.htm,C,0,1,1925,False
Mark Traynowicz,/T/TrayMa20.htm,G-C,0,5,1989,False
Adam Treu,/T/TreuAd20.htm,C,0,10,2006,False
Greg Truitt,/T/TruiGr20.htm,C,0,5,1998,False
Sam Tsoutsouvas,/T/TsouSa20.htm,C-LB,0,1,1940,False
Lou Tsoutsouvas,/T/TsouLo20.htm,C,0,1,1938,False
Jerry Tubbs,/T/TubbJe00.htm,LB-C,0,10,1966,False
Max Tuerk,/T/TuerMa00.htm,C,0,1,2017,False
Navy Tuiasosopo,/T/TuiaNa20.htm,C,0,1,1987,False
Mark Tuinei,/T/TuinMa00.htm,T-C-DT,0,15,1997,False
Dan Turk,/T/TurkDa20.htm,C-G,0,15,1999,False
Bulldog Turner,/T/TurnBu21.htm,C-T-LB-G,1,13,1952,False
Jim Turner,/T/TurnJi21.htm,C,0,1,1937,False
Larry Turner,/T/TurnLa20.htm,C,0,3,2006,False
Tom Turnure,/T/TurnTo20.htm,C-G,0,7,1986,False
Darren Twombly,/T/TwomDa20.htm,C,0,1,1987,False
Jeff Uhlenhake,/U/UhleJe20.htm,C,0,9,1997,False
Harry Ulinski,/U/UlinHa00.htm,C,0,7,1956,False
Rich Umphrey,/U/UmphRi20.htm,C-G,0,4,1985,False
Jack Underwood,/U/UndeJa20.htm,E-G-C,0,6,1929,False
Max Unger,/U/UngeMa20.htm,C,0,10,2018,False
Morris Unutoa,/U/UnutMo20.htm,C,0,7,2002,False
Lou Usher,/U/UsheLo20.htm,T-G-C,0,7,1926,False
Joe Valerio,/V/ValeJo20.htm,C,0,5,1996,False
Jeff Van Note,/V/VanNJe00.htm,C-G-LB,0,18,1986,False
David Viaene,/V/ViaeDa20.htm,C-T-G,0,4,1992,False
Ernie Vick,/V/VickEr20.htm,C-G-T,0,4,1928,False
Chris Villarrial,/V/VillCh20.htm,G-C,0,11,2006,False
Danny Villa,/V/VillDa20.htm,T-C-G,0,12,1998,False
Tim Vogler,/V/VoglTi20.htm,G-C,0,10,1988,False
Walter Voight,/V/VoigWa20.htm,G-C-BB,0,2,1921,False
Milt Vucinich,/V/VuciMi20.htm,C,0,1,1945,False
John Wade,/W/WadeJo20.htm,C,0,11,2008,False
John Wager,/W/WageJo20.htm,C-G-T,0,3,1933,False
Will Waite,/W/WaitWi20.htm,C-G-T-B,0,2,1921,False
Larry Walbridge,/W/WalbLa20.htm,C,0,1,1925,False
Stan Waldemore,/W/WaldSt20.htm,G-C-T,0,7,1984,False
Tim Waldron,/W/WaldTi20.htm,G-C,0,1,1927,False
Ralph Waldsmith,/W/WaldRa20.htm,C-G,0,2,1922,False
Cleo Walker,/W/WalkCl20.htm,LB-C,0,2,1971,False
Gary Walker,/W/WalkGa20.htm,C,0,1,1987,False
Malcolm Walker,/W/WalkMa20.htm,C-T,0,5,1970,False
Mickey Walker,/W/WalkMi20.htm,G-LB-C,0,5,1965,False
Cody Wallace,/W/WallCo20.htm,C,0,8,2016,False
Dutch Wallace,/W/WallDu20.htm,G-C-T,0,4,1926,False
Gordon Wallace,/W/WallGo20.htm,TB-FB-C,0,2,1924,False
Bill Walsh,/W/WalsBi00.htm,C,0,6,1954,False
Tyson Walter,/W/WaltTy20.htm,C-T,0,5,2006,False
Bruce Walton,/W/WaltBr20.htm,T-G-C,0,3,1975,False
J.D. Walton,/W/WaltJ.20.htm,C,0,6,2015,False
Elmer Ward,/W/WardEl20.htm,C,0,1,1935,False
John Ward,/W/WardJo20.htm,G-DE-C,0,7,1976,False
Josh Warner,/W/WarnJo20.htm,C-G,0,1,2003,False
Greg Warren,/W/WarrGr20.htm,C,0,12,2016,False
Tex Warrington,/W/WarrTe21.htm,G-C-LB,0,3,1948,False
Todd Washington,/W/WashTo20.htm,G-C,0,8,2005,False
Jim Waskiewicz,/W/WaskJi20.htm,C-LB-T,0,4,1969,False
Jim Watson,/W/WatsJi20.htm,C,0,1,1945,False
Joe Watson,/W/WatsJo20.htm,C-LB,0,1,1950,False
John Watson,/W/WatsJo21.htm,G-T-C,0,9,1979,False
Bob Wear,/W/WearBo20.htm,C-LB,0,1,1942,False
Jim Weatherly,/W/WeatJi21.htm,C,0,1,1976,False
Red Weaver,/W/WeavRe20.htm,C,0,1,1923,False
Mike Webster,/W/WebsMi00.htm,C-G,1,17,1990,False
Jon Weeks,/W/WeekJo00.htm,C,0,10,2019,True
Bert Weidner,/W/WeidBe20.htm,G-C,0,6,1995,False
Harold Weldin,/W/WeldHa20.htm,C,0,1,1934,False
Joe Wellborn,/W/WellJo20.htm,C,0,1,1966,False
Mike Wellman,/W/WellMi20.htm,C,0,2,1980,False
Scott Wells,/W/WellSc20.htm,G-C,0,11,2014,False
Ryan Wendell,/W/WendRy20.htm,C,0,8,2016,False
Joe Wendryhoski,/W/WendJo21.htm,C,0,5,1968,False
Red Werder,/W/WerdRe20.htm,C-T,0,2,1921,False
Al Wesbecher,/W/WesbAl20.htm,C-T,0,1,1920,False
Bull Wesley,/W/WeslBu20.htm,C-G-T-FB,0,5,1930,False
Stan West,/W/WestSt00.htm,DG-G-C,0,8,1957,False
Bob Wetoska,/W/WetoBo20.htm,T-G-C,0,10,1969,False
Bill Wexler,/W/WexlBi20.htm,C,0,1,1930,False
Bill Whalen,/W/WhalBi20.htm,C-T-G,0,5,1924,False
Jerry Whalen,/W/WhalJe20.htm,C-G,0,1,1948,False
Dwight Wheeler,/W/WheeDw20.htm,T-C-G,0,11,1988,False
Tom Whelan,/W/WhelTo20.htm,E-C-G,0,2,1921,False
Frank Whitcomb,/W/WhitFr20.htm,G-T-C,0,2,1921,False
Bob White,/W/WhitBo21.htm,C-G,0,3,1989,False
Chris White,/W/WhitCh22.htm,C,0,6,2010,False
Dwayne White,/W/WhitDw20.htm,G-C,0,7,1996,False
Curtis Whitley,/W/WhitCu20.htm,C,0,6,1997,False
Bob Whitlow,/W/WhitBo24.htm,C,0,9,1968,False
Ken Whitlow,/W/WhitKe21.htm,C-LB,0,1,1946,False
John Wiatrak,/W/WiatJo20.htm,C,0,1,1939,False
Dave Widell,/W/WideDa20.htm,C-T-G,0,11,1998,False
Bud Widick,/W/WidiBu20.htm,C-T,0,1,1924,False
Casey Wiegmann,/W/WiegCa20.htm,C,0,15,2011,False
Eric Wiegand,/W/WiegEr20.htm,C,0,1,1987,False
Ray Wietecha,/W/WietRa00.htm,C,0,10,1962,False
Ben Wilkerson,/W/WilkBe20.htm,C,0,3,2008,False
 Willert,/W/Willxx20.htm,C,0,1,1922,False
Boyd Williams,/W/WillBo23.htm,C,0,1,1947,False
Brian Williams,/W/WillBr25.htm,C,0,11,1999,False
Del Williams,/W/WillDe20.htm,G-C,0,7,1973,False
Edwin Williams,/W/WillEd02.htm,C,0,4,2012,False
Jake Williams,/W/WillJa20.htm,T-E-G-C,0,5,1933,False
Joel Williams,/W/WillJo23.htm,C,0,3,1950,False
Larry Williams,/W/WillLa21.htm,G-C,0,7,1992,False
Louis Williams,/W/WillLo20.htm,C,0,1,2002,False
Pryor Williams,/W/WillPr20.htm,G-C,0,1,1921,False
Rex Williams,/W/WillRe22.htm,C,0,6,1945,False
Tex Williams,/W/WillTe22.htm,C-LB,0,5,1946,False
Wally Williams,/W/WillWa20.htm,G-C,0,10,2002,False
J.R. Williamson,/W/WillJ.20.htm,LB-C,0,7,1970,False
Drip Wilson,/W/WilsDr20.htm,C,0,1,1931,False
Steve Wilson,/W/WilsSt22.htm,C-G-T,0,10,1985,False
Joe Windbiel,/W/WindJo20.htm,C,0,1,1921,False
Mike Windt,/W/WindMi00.htm,C,0,9,2018,False
Heath Wingate,/W/WingHe20.htm,C,0,1,1967,False
Joe Winkler,/W/WinkJo20.htm,C,0,1,1945,False
C.B. Winneshiek,/W/WinnBi20.htm,C,0,1,1922,False
Frank Winters,/W/WintFr00.htm,C-G,0,16,2002,False
Richard Winther,/W/WintRi20.htm,C,0,2,1972,False
Pete Wismann,/W/WissPe20.htm,LB-C,0,6,1954,False
Cory Withrow,/W/WithCo20.htm,C,0,9,2008,False
Mike Withycombe,/W/WithMi20.htm,G-T-C,0,5,1992,False
Cal Withrow,/W/WithCa20.htm,C,0,5,1974,False
Dave Wohlabaugh,/W/WohlDa20.htm,C,0,9,2003,False
Alex Wojciechowicz,/W/WojcAl20.htm,C-LB-E,1,13,1950,False
Oscar Wolford,/W/WolfOs20.htm,G-C-E,0,5,1924,False
Eric Wood,/W/WoodEr20.htm,C,0,9,2017,False
Dick Woodard,/W/WoodDi20.htm,LB-C,0,5,1953,False
Jimmy Woods,/W/WoodJi21.htm,C-T-G,0,5,1924,False
Damien Woody,/W/WoodDa20.htm,C-G,0,12,2010,False
Mike Wooten,/W/WootMi20.htm,C,0,1,1987,False
Stu Worden,/W/WordSt20.htm,G-T-C-LB,0,5,1934,False
Keith Wortman,/W/WortKe20.htm,T-G-C,0,10,1981,False
Joe Wostoupal,/W/WostJo20.htm,C,0,5,1930,False
Lud Wray,/W/WrayLu20.htm,C,0,2,1921,False
Al Wukits,/W/WukiAl20.htm,C-LB-G,0,4,1946,False
John Yarno,/Y/YarnJo20.htm,C,0,6,1982,False
Tommy Yarr,/Y/YarrTo20.htm,C,0,1,1933,False
Bob Yates,/Y/YateBo20.htm,T-C,0,5,1965,False
George Yarno,/Y/YarnGe20.htm,G-C-T,0,11,1989,False
Lloyd Young,/Y/YounLl20.htm,G-C-T-E,0,6,1930,False
Paul Young,/Y/YounPa20.htm,C,0,1,1933,False
Frank Youngfleish,/Y/YounFr20.htm,C-G,0,2,1927,False
Swede Youngstrom,/Y/YounSw20.htm,G-T-E-C,0,8,1927,False
Walt Yowarsky,/Y/YowaWa20.htm,DE-C-T,0,8,1958,False
Godfrey Zaunbrecher,/Z/ZaunGo20.htm,C,0,3,1973,False
Dusty Zeigler,/Z/ZeigDu20.htm,C-G,0,7,2002,False
Connie Zelencik,/Z/ZeleCo20.htm,C,0,1,1977,False
Joe Zelenka,/Z/ZeleJo00.htm,TE-C,0,13,2011,False
Lance Zeno,/Z/ZenoLa20.htm,C,0,2,1993,False
Mike Zentic,/Z/ZentMi20.htm,C,0,1,1987,False
Merle Zuver,/Z/ZuveMe20.htm,G-C,0,1,1930,False
