Name,URL,Position,HallOfFame,TotalYears,LastYear,Active
Kenneth Acker,/A/AckeKe00.htm,CB,0,4,2017,False
Johnny Adams,/A/AdamJo02.htm,CB,0,1,2013,False
Jude Adjei-Barimah,/A/AdjeJu00.htm,CB,0,2,2016,False
Jamal Agnew,/A/AgneJa00.htm,CB,0,3,2019,True
Vince Agnew,/A/AgneVi00.htm,CB,0,1,2012,False
Walt Aikens,/A/AikeWa00.htm,CB,0,6,2019,True
Jaire Alexander,/A/AlexJa00.htm,CB,0,2,2019,True
Mackensie Alexander,/A/AlexMa01.htm,CB,0,4,2019,True
Robert Alford,/A/AlfoRo00.htm,CB,0,6,2018,True
Brian Allen,/A/AlleBr01.htm,CB,0,2,2018,True
Ricardo Allen,/A/AlleRi00.htm,CB,0,6,2019,True
David Amerson,/A/AmerDa00.htm,CB,0,6,2018,False
Prince Amukamara,/A/AmukPr00.htm,CB,0,9,2019,True
Ri'Shard Anderson,/A/AndeRi01.htm,CB,0,1,2014,False
Eli Apple,/A/ApplEl00.htm,CB,0,4,2019,True
Cornell Armstrong,/A/ArmsCo00.htm,CB,0,2,2019,True
Blessuan Austin,/A/AustBl00.htm,CB,0,1,2019,True
Anthony Averett,/A/AverAn00.htm,CB,0,2,2019,True
Chidobe Awuzie,/A/AwuzCh00.htm,CB,0,3,2019,True
Deandre Baker,/B/BakeDe00.htm,CB,0,1,2019,True
Corey Ballentine,/B/BallCo00.htm,CB\n,0,1,2019,True
Johnthan Banks,/B/BankJo00.htm,CB,0,5,2017,False
Adairius Barnes,/B/BarnAd01.htm,CB,0,1,2016,False
Deion Belue,/B/BeluDe00.htm,CB,0,1,2014,False
Bill Bentley,/B/BentBi00.htm,CB,0,4,2015,False
Bene Benwikere,/B/BenwBe00.htm,CB,0,5,2018,False
Jordan Bernstine,/B/BernJo00.htm,CB,0,1,2012,False
Justin Bethel,/B/BethJu00.htm,CB,0,8,2019,True
Conroy Black,/B/BlacCo00.htm,CB,0,1,2012,False
Antwon Blake,/B/BlakAn00.htm,CB,0,5,2016,False
Robert Blanton,/B/BlanRo00.htm,CB,0,6,2017,False
Omar Bolden,/B/BoldOm00.htm,CB,0,4,2015,False
Breon Borders,/B/BordBr00.htm,CB,0,3,2019,True
A.J. Bouye,/B/BouyA.00.htm,CB,0,7,2019,True
Kris Boyd,/B/BoydKr00.htm,CB,0,1,2019,True
Brandon Boykin,/B/BoykBr00.htm,CB,0,4,2015,False
James Bradberry,/B/BradJa00.htm,CB,0,4,2019,True
Delvin Breaux,/B/BreaDe00.htm,CB,0,2,2016,False
Bashaud Breeland,/B/BreeBa00.htm,CB,0,6,2019,True
Courtney Bridget,/B/BridCo00.htm,CB,0,1,2014,False
Cariel Brooks,/B/BrooCa00.htm,CB,0,1,2015,False
Derrius Brooks,/B/BrooDe01.htm,CB,0,1,2014,False
Ron Brooks,/B/BrooRo01.htm,CB,0,5,2016,False
Anthony Brown,/B/BrowAn02.htm,CB,0,4,2019,True
Donatello Brown,/B/BrowDo02.htm,CB,0,1,2017,False
Tony Brown,/B/BrowTo01.htm,CB,0,2,2019,True
Brandon Browner,/B/BrowBr00.htm,CB,0,5,2015,False
Marcus Burley,/B/BurlMa00.htm,CB,0,4,2017,False
Kendric Burney,/B/BurnKe00.htm,CB,0,1,2012,False
Artie Burns,/B/BurnAr00.htm,CB,0,4,2019,True
Juston Burris,/B/BurrJu00.htm,CB,0,4,2019,True
Malcolm Butler,/B/ButlMa01.htm,CB,0,6,2019,True
Mario Butler,/B/ButlMa00.htm,CB,0,4,2015,False
Carrington Byndom,/B/ByndCa00.htm,CB,0,1,2014,False
Bryce Callahan,/C/CallBr00.htm,CB,0,4,2018,True
Maurice Canady,/C/CanaMa00.htm,CB,0,4,2019,True
Roc Carmichael,/C/CarmRo00.htm,CB,0,3,2014,False
Deveron Carr,/C/CarrDe01.htm,CB,0,1,2013,False
T.J. Carrie,/C/CarrTr00.htm,CB,0,6,2019,True
Alex Carter,/C/CartAl01.htm,CB,0,3,2018,False
Chance Casey,/C/CaseCh00.htm,CB,0,2,2014,False
Morris Claiborne,/C/ClaiMo00.htm,CB,0,8,2019,True
Jeremy Clark,/C/ClarJe04.htm,CB,0,2,2018,True
Red Cochran,/C/CochRe20.htm,CB-FB-HB,0,3,1949,False
Ross Cockrell,/C/CockRo00.htm,CB,0,6,2019,True
Justin Coleman,/C/ColeJu01.htm,CB,0,5,2019,True
Xavier Coleman,/C/ColeXa00.htm,CB,0,1,2017,False
Jalen Collins,/C/CollJa02.htm,CB,0,2,2016,True
Aaron Colvin,/C/ColvAa00.htm,CB,0,6,2019,True
Sanders Commings,/C/CommSa00.htm,CB,0,2,2014,False
Gareon Conley,/C/ConlGa00.htm,CB,0,3,2019,True
Marcus Cooper,/C/CoopMa00.htm,CB,0,6,2018,False
Blake Countess,/C/CounBl00.htm,CB,0,4,2019,True
Xavier Crawford,/C/CrawXa00.htm,CB\n,0,1,2019,True
Marcus Cromartie,/C/CromMa01.htm,CB,0,4,2017,False
Keion Crossen,/C/CrosKe00.htm,CB,0,2,2019,True
Dane Cruikshank,/C/CruiDa00.htm,CB,0,2,2019,True
Ronald Darby,/D/DarbRo00.htm,CB,0,5,2019,True
A.J. Davis,/D/DaviA.00.htm,CB,0,3,2014,False
Carlton Davis,/D/DaviCa02.htm,CB,0,2,2019,True
Chris Davis,/D/DaviCh05.htm,CB,0,3,2016,False
Jalen Davis,/D/DaviJa06.htm,CB,0,2,2019,True
Will Davis,/D/DaviWi02.htm,CB,0,4,2016,False
Duke Dawson,/D/DawsDu00.htm,CB,0,1,2019,True
Jamel Dean,/D/DeanJa00.htm,CB,0,1,2019,True
Treston Decoud,/D/DecoTr00.htm,CB,0,2,2018,False
Dee Delaney,/D/DelaDe00.htm,CB,0,2,2019,True
Alfonzo Dennard,/D/DennAl00.htm,CB,0,3,2014,False
Antonio Dennard,/D/DennAn00.htm,CB,0,1,2012,False
Darqueze Dennard,/D/DennDa00.htm,CB,0,6,2019,True
Pierre Desir,/D/DesiPi00.htm,CB,0,6,2019,True
Quandre Diggs,/D/DiggQu00.htm,CB,0,5,2019,True
Brandon Dixon,/D/DixoBr00.htm,CB,0,4,2017,False
Brian Dixon,/D/DixoBr01.htm,CB,0,3,2016,False
Makinton Dorleant,/D/DorlMa00.htm,CB,0,1,2016,True
Lorenzo Doss,/D/DossLo00.htm,CB,0,4,2018,False
Rasul Douglas,/D/DougRa00.htm,CB,0,3,2019,True
Greg Ducre,/D/DucrGr00.htm,CB,0,2,2015,False
Kenneth Durden,/D/DurdKe00.htm,CB,0,1,2018,False
Corn Elder,/E/EldeCo00.htm,CB,0,2,2019,True
DeAndre Elliott,/E/ElliDe01.htm,CB,0,1,2016,False
Javien Elliott,/E/ElliJa01.htm,CB,0,4,2019,True
Randall Evans,/E/EvanRa00.htm,CB,0,1,2015,False
Deshazor Everett,/E/EverDe01.htm,CB,0,5,2019,True
Antone Exum,/E/ExumAn00.htm,CB,0,6,2019,True
Brandon Facyson,/F/FacyBr00.htm,CB,0,2,2019,True
Bobby Felder,/F/FeldBo00.htm,CB,0,1,2012,False
Chandler Fenner,/F/FennCh00.htm,CB,0,3,2014,False
Rashad Fenton,/F/FentRa00.htm,CB,0,1,2019,True
Mark Fields,/F/FielMa01.htm,CB,0,1,2019,True
Jamell Fleming,/F/FlemJa00.htm,CB,0,4,2015,False
Donnie Fletcher,/F/FletDo00.htm,CB,0,1,2012,False
Kevin Fogg,/F/FoggKe00.htm,CB,0,1,2014,False
Mike Ford,/F/FordMi01.htm,CB,0,2,2019,True
Terrence Frederick,/F/FredTe00.htm,CB,0,3,2014,False
Isaiah Frey,/F/FreyIs00.htm,CB,0,3,2014,False
Cameron Fuller,/F/FullCa00.htm,CB,0,1,2014,False
Kendall Fuller,/F/FullKe00.htm,CB,0,4,2019,True
Kyle Fuller,/F/FullKy00.htm,CB,0,6,2019,True
Charles Gaines,/G/GainCh00.htm,CB,0,1,2015,False
E.J. Gaines,/G/GainE.00.htm,CB,0,5,2018,True
Phillip Gaines,/G/GainPh00.htm,CB,0,6,2019,True
Gregory Gatson,/G/GatsGr00.htm,CB,0,1,2012,False
Rashaan Gaulden,/G/GaulRa00.htm,CB,0,2,2019,True
Justin Gilbert,/G/GilbJu00.htm,CB,0,3,2016,False
Stephon Gilmore,/G/GilmSt00.htm,CB,0,8,2019,True
Tay Glover-Wright,/G/GlovTa00.htm,CB,0,2,2015,False
Demetri Goodson,/G/GoodDe00.htm,CB,0,3,2016,False
Doran Grant,/G/GranDo00.htm,CB,0,1,2015,False
Dwayne Gratz,/G/GratDw00.htm,CB,0,4,2016,False
Isaiah Green,/G/GreeIs00.htm,CB,0,2,2013,False
Marshay Green,/G/GreeMa01.htm,CB,0,2,2012,False
Chris Greenwood,/G/GreeCh01.htm,CB,0,3,2014,False
Ladarius Gunter,/G/GuntLa00.htm,CB,0,3,2017,False
Nate Hairston,/H/HairNa00.htm,CB,0,3,2019,True
Andre Hal,/H/HalxAn00.htm,CB,0,5,2018,False
Grant Haley,/H/HaleGr00.htm,CB,0,2,2019,True
Deiondre' Hall,/H/HallDe02.htm,CB,0,3,2018,False
Antonio Hamilton,/H/HamiAn01.htm,CB,0,4,2019,True
Victor Hampton,/H/HampVi00.htm,CB,0,1,2014,False
Vernon Hargreaves,/H/HargVe00.htm,CB,0,4,2019,True
Chris Harris,/H/HarrCh01.htm,CB,0,9,2019,True
Davontae Harris,/H/HarrDa05.htm,CB,0,2,2019,True
Jeremy Harris,/H/HarrJe02.htm,CB,0,2,2015,False
Mike Harris,/H/HarrMi00.htm,CB,0,3,2014,False
Dominique Hatfield,/H/HatfDo00.htm,CB,0,2,2018,True
Chris Hawkins,/H/HawkCh00.htm,CB,0,1,2011,False
Josh Hawkins,/H/HawkJo00.htm,CB,0,3,2018,False
D.J. Hayden,/H/HaydDJ00.htm,CB,0,7,2019,True
T.J. Heath,/H/HeatT.00.htm,CB,0,4,2014,False
Tre Herndon,/H/HernTr00.htm,CB,0,2,2019,True
Aaron Hester,/H/HestAa00.htm,CB,0,1,2014,False
Holton Hill,/H/HillHo00.htm,CB,0,2,2019,True
Jaylen Hill,/H/HillJa01.htm,CB,0,1,2017,False
Troy Hill,/H/HillTr01.htm,CB,0,5,2019,True
Darius Hillary,/H/HillDa02.htm,CB,0,1,2017,False
Mike Hilton,/H/HiltMi01.htm,CB,0,3,2019,True
Nick Hixson,/H/HixsNi00.htm,CB,0,1,2012,False
Ka'dar Hollman,/H/HollKa00.htm,CB\n,0,1,2019,True
Joshua Holsey,/H/HolsJo01.htm,CB,0,2,2018,False
Jayron Hosley,/H/HoslJa00.htm,CB,0,4,2015,False
Travis Howard,/H/HowaTr01.htm,CB,0,1,2014,False
Xavien Howard,/H/HowaXa00.htm,CB,0,4,2019,True
Mike Hughes,/H/HughMi00.htm,CB,0,2,2019,True
Marlon Humphrey,/H/HumpMa00.htm,CB,0,3,2019,True
Michael Hunter,/H/HuntMi00.htm,CB,0,2,2017,True
Demontre Hurst,/H/HursDe00.htm,CB,0,3,2016,False
Micah Hyde,/H/HydeMi00.htm,CB,0,7,2019,True
Prince Charles Iworah,/I/IworPr00.htm,CB,0,1,2016,False
Adoree' Jackson,/J/JackAd00.htm,CB,0,3,2019,True
Asa Jackson,/J/JackAs00.htm,CB,0,6,2017,False
Bennett Jackson,/J/JackBe00.htm,CB,0,6,2019,True
Buddy Jackson,/J/JackBu00.htm,CB,0,1,2012,False
Donte Jackson,/J/JackDo02.htm,CB,0,2,2019,True
Josh Jackson,/J/JackJo01.htm,CB,0,2,2019,True
Michael Jackson,/J/JackMi01.htm,CB,0,1,2019,True
Robert Jackson,/J/JackRo00.htm,CB,0,1,2019,True
William Jackson,/J/JackWi02.htm,CB,0,3,2019,True
Charles James,/J/JameCh00.htm,CB,0,4,2016,False
Craig James,/J/JameCr01.htm,CB,0,2,2019,True
Kendall James,/J/JameKe00.htm,CB,0,1,2014,False
Stanley Jean-Baptiste,/J/JeanSt00.htm,CB,0,4,2017,False
Janoris Jenkins,/J/JenkJa03.htm,CB,0,8,2019,True
Danny Johnson,/J/JohnDa09.htm,CB,0,2,2019,True
Isaiah Johnson,/J/JohnIs02.htm,CB,0,1,2019,True
Jaquan Johnson,/J/JohnJa11.htm,CB\n,0,1,2019,True
Kevin Johnson,/J/JohnKe04.htm,CB,0,5,2019,True
Leonard Johnson,/J/JohnLe03.htm,CB,0,7,2018,False
Lonnie Johnson,/J/JohnLo01.htm,CB,0,1,2019,True
Taron Johnson,/J/JohnTa01.htm,CB,0,2,2019,True
Trumaine Johnson,/J/JohnTr05.htm,CB,0,8,2019,True
Byron Jones,/J/JoneBy00.htm,CB,0,5,2019,True
Chris Jones,/J/JoneCh06.htm,CB,0,2,2019,True
Cyrus Jones,/J/JoneCy00.htm,CB,0,4,2019,True
Derrick Jones,/J/JoneDe02.htm,CB,0,2,2018,False
Sidney Jones,/J/JoneSi00.htm,CB,0,3,2019,True
Lamarcus Joyner,/J/JoynLa00.htm,CB,0,6,2019,True
Joshua Kalu,/K/KaluJo00.htm,CB,0,2,2019,True
Damontae Kazee,/K/KazeDa00.htm,CB,0,3,2019,True
Bryson Keeton,/K/KeetBr00.htm,CB,0,1,2016,False
Kevin King,/K/KingKe01.htm,CB,0,3,2019,True
Dre Kirkpatrick,/K/KirkDr00.htm,CB,0,8,2019,True
Jeremy Lane,/L/LaneJe00.htm,CB,0,6,2017,False
Brendan Langley,/L/LangBr00.htm,CB,0,2,2018,False
Marshon Lattimore,/L/LattMa01.htm,CB,0,3,2019,True
Nevin Lawson,/L/LawsNe00.htm,CB,0,6,2019,True
Justin Layne,/L/LaynJu00.htm,CB,0,1,2019,True
Jimmy Legree,/L/LegrJi01.htm,CB,0,1,2014,False
Jourdan Lewis,/L/LewiJo01.htm,CB,0,3,2019,True
Keith Lewis,/L/LewiKe01.htm,CB,0,1,2014,False
LeQuan Lewis,/L/LewiLe01.htm,CB,0,3,2014,False
Chris Lewis-Harris,/L/LewiCh01.htm,CB,0,5,2016,False
Korey Lindsey,/L/LindKo00.htm,CB,0,1,2012,False
David Long,/L/LongDa02.htm,CB\n,0,1,2019,True
Al Louis-Jean,/L/LouiAl00.htm,CB,0,1,2014,False
Julian Love,/L/LoveJu00.htm,CB,0,1,2019,True
Cole Luke,/L/LukeCo00.htm,CB,0,1,2019,True
Greg Mabin,/M/MabiGr00.htm,CB,0,3,2019,True
Jordan Mabin,/M/MabiJo00.htm,CB,0,3,2014,False
Elbert Mack,/M/MackEl20.htm,CB,0,7,2014,False
Avonte Maddox,/M/MaddAv00.htm,CB,0,2,2019,True
Craig Mager,/M/MageCr00.htm,CB,0,4,2018,False
Iman Marshall,/M/MarsIm00.htm,CB,0,1,2019,True
Nick Marshall,/M/MarsNi00.htm,CB,0,2,2016,False
Tyrann Mathieu,/M/MathTy00.htm,CB,0,7,2019,True
Arthur Maulet,/M/MaulAr00.htm,CB,0,3,2019,True
Bobby McCain,/M/McCaBo01.htm,CB,0,5,2019,True
Greg McCoy,/M/McCoGr00.htm,CB,0,1,2012,False
Demetrius McCray,/M/McCrDe00.htm,CB,0,5,2017,False
Dexter McDonald,/M/McDoDe02.htm,CB,0,3,2017,False
Dexter McDougle,/M/McDoDe00.htm,CB,0,5,2018,False
Leon McFadden,/M/McFaLe00.htm,CB,0,4,2016,False
Brandon McGee,/M/McGeBr00.htm,CB,0,3,2015,False
Keith McGill,/M/McGiKe00.htm,CB,0,4,2017,False
Kamaal McIlwain,/M/McIlKa00.htm,CB,0,1,2012,False
Tony McRae,/M/McRaTo00.htm,CB,0,3,2019,True
Torry McTyer,/M/McTyTo00.htm,CB,0,3,2019,True
Quenton Meeks,/M/MeekQu00.htm,CB,0,1,2018,False
Rashaan Melvin,/M/MelvRa00.htm,CB,0,6,2019,True
DeQuan Menzie,/M/MenzDe00.htm,CB,0,1,2012,False
Harlan Miller,/M/MillHa00.htm,CB,0,3,2018,False
Jordan Miller,/M/MillJo05.htm,CB,0,1,2019,True
Dee Milliner,/M/MillDe00.htm,CB,0,3,2015,False
Jalen Mills,/M/MillJa02.htm,CB,0,4,2019,True
Christopher Milton,/M/MiltCh00.htm,CB,0,4,2019,True
Terrance Mitchell,/M/MitcTe00.htm,CB,0,6,2019,True
Kamrin Moore,/M/MoorKa01.htm,CB,0,1,2018,True
Kenny Moore,/M/MoorKe03.htm,CB,0,3,2019,True
Sterling Moore,/M/MoorSt00.htm,CB,0,7,2017,False
Fabian Moreau,/M/MoreFa00.htm,CB,0,3,2019,True
Jimmy Moreland,/M/MoreJi00.htm,CB\n,0,1,2019,True
Darryl Morris,/M/MorrDa01.htm,CB,0,5,2017,False
Emmanuel Moseley,/M/MoseEm00.htm,CB,0,2,2019,True
Trayvon Mullen,/M/MullTr00.htm,CB,0,1,2019,True
Byron Murphy,/M/MurpBy00.htm,CB,0,1,2019,True
Eric Murray,/M/MurrEr00.htm,CB,0,4,2019,True
Jalen Myrick,/M/MyriJa00.htm,CB,0,1,2017,False
Siran Neal,/N/NealSi00.htm,CB,0,2,2019,True
Cory Nelms,/N/NelmCo00.htm,CB,0,1,2012,False
Nick Nelson,/N/NelsNi00.htm,CB,0,2,2019,True
Steven Nelson,/N/NelsSt01.htm,CB,0,5,2019,True
Deatrick Nichols,/N/NichDe00.htm,CB,0,1,2018,False
Parry Nickerson,/N/NickPa00.htm,CB,0,2,2019,True
James Nixon,/N/NixoJa00.htm,CB,0,2,2013,False
Keisean Nixon,/N/NixoKe00.htm,CB,0,1,2019,True
Josh Norman,/N/NormJo01.htm,CB,0,8,2019,True
Isaiah Oliver,/O/OlivIs00.htm,CB,0,2,2019,True
Donovan Olumba,/O/OlumDo00.htm,CB,0,1,2019,True
Amani Oruwariye,/O/OruwAm00.htm,CB,0,1,2019,True
Ron Parker,/P/ParkRo01.htm,CB,0,8,2018,False
Tyler Patmon,/P/PatmTy00.htm,CB,0,5,2018,False
Eric Patterson,/P/PattEr00.htm,CB,0,1,2015,False
Micah Pellerin,/P/PellMi00.htm,CB,0,3,2014,False
Marcus Peters,/P/PeteMa00.htm,CB,0,5,2019,True
Kevin Peterson,/P/PeteKe01.htm,CB,0,3,2019,True
Patrick Peterson,/P/PetePa00.htm,CB,0,9,2019,True
Darius Phillips,/P/PhilDa02.htm,CB,0,2,2019,True
Dashaun Phillips,/P/PhilDa00.htm,CB,0,3,2016,False
Lenzy Pipkins,/P/PipkLe00.htm,CB,0,2,2018,False
Lafayette Pitts,/P/PittLa00.htm,CB,0,3,2018,False
Reggie Porter,/P/PortRe01.htm,CB,0,1,2017,False
Julian Posey,/P/PoseJu00.htm,CB,0,2,2013,False
Jordan Poyer,/P/PoyeJo00.htm,CB,0,7,2019,True
Shaun Prater,/P/PratSh00.htm,CB,0,4,2015,False
De'Andre Presley,/P/PresDe00.htm,CB,0,3,2014,False
Jabari Price,/P/PricJa00.htm,CB,0,1,2014,False
Sheldon Price,/P/PricSh00.htm,CB,0,3,2016,False
Loucheiz Purifoy,/P/PuriLo01.htm,CB,0,1,2014,False
Jalen Ramsey,/R/RamsJa00.htm,CB,0,4,2019,True
Keith Reaser,/R/ReasKe00.htm,CB,0,4,2017,True
Will Redmond,/R/RedmWi00.htm,CB,0,2,2019,True
D.J. Reed,/R/ReedD.00.htm,CB,0,2,2019,True
Kalan Reed,/R/ReedKa00.htm,CB,0,2,2017,True
Trovon Reed,/R/ReedTr00.htm,CB,0,1,2016,False
Rashaad Reynolds,/R/ReynRa00.htm,CB,0,1,2014,False
Xavier Rhodes,/R/RhodXa00.htm,CB,0,7,2019,True
Jeff Richards,/R/RichJe02.htm,CB,0,1,2018,False
Shaquille Richardson,/R/RichSh01.htm,CB,0,1,2014,False
Cody Riggs,/R/RiggCo00.htm,CB,0,2,2016,False
Curtis Riley,/R/RileCu00.htm,CB,0,4,2019,True
Marcus Rios,/R/RiosMa00.htm,CB,0,1,2017,False
David Rivers,/R/RiveDa00.htm,CB,0,2,2018,False
Marcus Roberson,/R/RobeMa00.htm,CB,0,3,2016,False
Darryl Roberts,/R/RobeDa00.htm,CB,0,4,2019,True
Nickell Robey-Coleman,/R/RobeNi00.htm,CB,0,7,2019,True
Josh Robinson,/R/RobiJo01.htm,CB,0,8,2019,True
Rashard Robinson,/R/RobiRa00.htm,CB,0,3,2018,False
Bradley Roby,/R/RobyBr00.htm,CB,0,6,2019,True
Taveon Rogers,/R/RogeTa00.htm,CB,0,1,2012,False
Jumal Rolle,/R/RollJu00.htm,CB,0,2,2015,False
Quinten Rollins,/R/RollQu00.htm,CB,0,3,2017,False
Lowell Rose,/R/RoseLo00.htm,CB,0,1,2014,False
Brandian Ross,/R/RossBr00.htm,CB,0,4,2015,False
Eric Rowe,/R/RoweEr00.htm,CB,0,5,2019,True
KeiVarae Russell,/R/RussKe00.htm,CB,0,3,2018,False
Kevin Rutland,/R/RutlKe00.htm,CB,0,2,2012,False
Logan Ryan,/R/RyanLo00.htm,CB,0,7,2019,True
Zack Sanchez,/S/SancZa00.htm,CB,0,1,2016,False
Mohammed Seisay,/S/SeisMo00.htm,CB,0,1,2014,False
Coty Sensabaugh,/S/SensCo00.htm,CB,0,8,2019,True
Kevon Seymour,/S/SeymKe00.htm,CB,0,2,2017,False
Al-Hajj Shabazz,/S/ShabAl00.htm,CB,0,1,2016,False
Josh Shaw,/S/ShawJo00.htm,CB,0,4,2018,True
Kendall Sheffield,/S/ShefKe00.htm,CB,0,1,2019,True
Duke Shelley,/S/ShelDu00.htm,CB\n,0,1,2019,True
JaCorey Shepherd,/S/ShepJa00.htm,CB,0,1,2016,False
Tharold Simon,/S/SimoTh00.htm,CB,0,3,2016,False
LeShaun Sims,/S/SimsLe00.htm,CB,0,4,2019,True
Darius Slay,/S/SlayDa00.htm,CB,0,7,2019,True
Brandon Smith,/S/SmitBr04.htm,CB,0,2,2014,False
C.J. Smith,/S/SmitC.00.htm,CB,0,2,2017,False
D'Joun Smith,/S/SmitDJ00.htm,CB,0,2,2016,False
Jimmy Smith,/S/SmitJi03.htm,CB,0,9,2019,True
Lionel Smith,/S/SmitLi00.htm,CB,0,1,2012,False
Ryan Smith,/S/SmitRy00.htm,CB,0,4,2019,True
Tye Smith,/S/SmitTy01.htm,CB,0,5,2019,True
R.J. Stanford,/S/StanR.00.htm,CB,0,4,2014,False
Ryan Steed,/S/SteeRy00.htm,CB,0,1,2012,False
Robert Steeples,/S/SteeRo00.htm,CB,0,2,2014,False
Linden Stephens,/S/StepLi00.htm,CB,0,1,2019,True
M.J. Stewart,/S/StewM.00.htm,CB,0,2,2019,True
Greg Stroman,/S/StroGr00.htm,CB,0,2,2019,True
Jordan Sullen,/S/SullJo00.htm,CB,0,1,2014,False
Chandon Sullivan,/S/SullCh00.htm,CB,0,2,2019,True
Cameron Sutton,/S/SuttCa00.htm,CB,0,3,2019,True
Damian Swann,/S/SwanDa02.htm,CB,0,1,2015,False
Rod Sweeting,/S/SweeRo01.htm,CB,0,2,2014,False
Teez Tabor,/T/TaboTe00.htm,CB,0,2,2018,False
Cordrea Tankersley,/T/TankCo00.htm,CB,0,2,2018,True
Jamar Taylor,/T/TaylJa01.htm,CB,0,7,2019,True
Shakial Taylor,/T/TaylSh00.htm,CB,0,1,2019,True
Jemea Thomas,/T/ThomJe03.htm,CB,0,1,2014,False
Simeon Thomas,/T/ThomSi00.htm,CB,0,1,2019,True
Peyton Thompson,/T/ThomPe00.htm,CB,0,6,2017,False
Desmond Trufant,/T/TrufDe00.htm,CB,0,7,2019,True
Dion Turner,/T/TurnDi00.htm,CB,0,1,2012,False
Jason Verrett,/V/VerrJa00.htm,CB,0,6,2019,True
Josh Victorian,/V/VictJo00.htm,CB,0,3,2014,False
Dee Virgin,/V/VirgDe00.htm,CB,0,2,2019,True
Trevin Wade,/W/WadeTr00.htm,CB,0,5,2016,False
Tray Walker,/W/WalkTr00.htm,CB,0,1,2015,False
Levi Wallace,/W/WallLe00.htm,CB,0,2,2019,True
Darrin Walls,/W/WallDa00.htm,CB,0,5,2015,False
Denzel Ward,/W/WardDe02.htm,CB,0,2,2019,True
Herb Waters,/W/WateHe00.htm,CB,0,1,2016,True
Jaylen Watkins,/W/WatkJa01.htm,CB,0,6,2019,True
Jansen Watson,/W/WatsJa00.htm,CB,0,1,2014,False
Trae Waynes,/W/WaynTr00.htm,CB,0,5,2019,True
Ross Weaver,/W/WeavRo00.htm,CB,0,3,2014,False
B.W. Webb,/W/WebbBW00.htm,CB,0,7,2019,True
Kayvon Webster,/W/WebsKa00.htm,CB,0,7,2019,True
Ken Webster,/W/WebsKe00.htm,CB,0,1,2019,True
D.J. White,/W/WhitD.00.htm,CB,0,4,2019,True
Melvin White,/W/WhitMe00.htm,CB,0,2,2014,False
Tre'Davious White,/W/WhitTr01.htm,CB,0,3,2019,True
Eddie Whitley,/W/WhitEd01.htm,CB,0,3,2014,False
Brandon Williams,/W/WillBr07.htm,CB,0,3,2018,True
Darious Williams,/W/WillDa09.htm,CB,0,2,2019,True
Frankie Williams,/W/WillFr05.htm,CB,0,1,2016,False
Greedy Williams,/W/WillGr00.htm,CB,0,1,2019,True
Joejuan Williams,/W/WillJo13.htm,CB,0,1,2019,True
Marcus Williams,/W/WillMa03.htm,CB,0,5,2018,False
P.J. Williams,/W/WillP.00.htm,CB,0,4,2019,True
Steve Williams,/W/WillSt02.htm,CB,0,3,2016,False
Teddy Williams,/W/WillTe00.htm,CB,0,5,2016,False
Trevor Williams,/W/WillTr05.htm,CB,0,4,2019,True
Brandon Wilson,/W/WilsBr01.htm,CB,0,3,2019,True
C.J. Wilson,/W/WilsC.00.htm,CB,0,2,2014,False
Quincy Wilson,/W/WilsQu01.htm,CB,0,3,2019,True
Ahkello Witherspoon,/W/WithAh00.htm,CB,0,3,2019,True
Trey Wolfe,/W/WolfTr00.htm,CB,0,1,2014,False
Darren Woodard,/W/WoodDa03.htm,CB,0,1,2014,False
Khalid Wooten,/W/WootKh00.htm,CB,0,1,2014,False
Daryl Worley,/W/WorlDa00.htm,CB,0,4,2019,True
Blidi Wreh-Wilson,/W/WrehBl00.htm,CB,0,7,2019,True
Rock Ya-Sin,/Y/Ya-SRo00.htm,CB,0,1,2019,True
Isaac Yiadom,/Y/YiadIs00.htm,CB,0,2,2019,True
Lou Young,/Y/YounLo00.htm,CB,0,3,2016,False
Tavon Young,/Y/YounTa01.htm,CB,0,3,2018,True
