Name,URL,Position,HallOfFame,TotalYears,LastYear,Active
George Achica,/A/AchiGe20.htm,DT,0,1,1985,False
Rick Ackerman,/A/AckeRi20.htm,NT-DT,0,6,1987,False
Anthony Adams,/A/AdamAn20.htm,DT-NT,0,9,2011,False
Chet Adams,/A/AdamCh20.htm,T-E-DT,0,12,1950,False
Julius Adams,/A/AdamJu00.htm,DE-DT,0,17,1987,False
Montravius Adams,/A/AdamMo00.htm,DT,0,3,2019,True
Sam Adams,/A/AdamSa00.htm,DT-DE,0,14,2007,False
Titus Adams,/A/AdamTi00.htm,DT,0,1,2009,False
Mel Agee,/A/AgeeMe20.htm,DE-DT,0,5,1995,False
Ray Agnew,/A/AgneRa20.htm,DT-DE,0,11,2000,False
Chidi Ahanotu,/A/AhanCh20.htm,DE-DT,0,12,2004,False
Bill Albright,/A/AlbrBi20.htm,G-T-DT,0,4,1954,False
Chas Alecxih,/A/AlecCh00.htm,DT,0,3,2014,False
Jay Alford,/A/AlfoJa99.htm,DT,0,4,2010,False
Beau Allen,/A/AlleBe00.htm,DT,0,6,2019,True
Jonathan Allen,/A/AlleJo01.htm,DT,0,3,2019,True
Kenderick Allen,/A/AlleKe20.htm,DT,0,4,2006,False
Jeff Alm,/A/AlmxJe20.htm,DT,0,4,1993,False
Jim Althoff,/A/AlthJi20.htm,DT,0,1,1987,False
Tyson Alualu,/A/AluaTy99.htm,DT,0,10,2019,True
Steve Alvord,/A/AlvoSt20.htm,DT,0,2,1988,False
Lyle Alzado,/A/AlzaLy00.htm,DE-DT,0,15,1985,False
Richard Amman,/A/AmmaRi20.htm,DE-DT,0,2,1973,False
Abdullah Anderson,/A/AndeAb00.htm,DT,0,1,2019,True
Antonio Anderson,/A/AndeAn22.htm,DT-DE,0,2,1998,False
Bruce Anderson,/A/AndeBr21.htm,DE-DT,0,5,1970,False
Curtis Anderson,/A/AndeCu20.htm,DE-DT,0,1,1979,False
Fred Anderson,/A/AndeFr20.htm,DE-DT,0,5,1982,False
Ken Anderson,/A/AndeKe20.htm,DT,0,1,1999,False
Roger Anderson,/A/AndeRo20.htm,DT-T,0,5,1968,False
Tim Anderson,/A/AndeTi20.htm,DT,0,4,2007,False
John Andrews,/A/AndrJo20.htm,DE-DT,0,2,1976,False
Sheldon Andrus,/A/AndrSh20.htm,DT,0,2,1987,False
Eli Ankou,/A/AnkoEl00.htm,DT,0,3,2019,True
Houston Antwine,/A/AntwHo00.htm,DT-DE,0,12,1972,False
Scott Appleton,/A/ApplSc20.htm,DT-DE,0,5,1968,False
Troy Archer,/A/ArchTr20.htm,DT-DE,0,3,1978,False
Ray Armstrong,/A/ArmsRa20.htm,DT,0,1,1960,False
Dick Arndt,/A/ArndDi20.htm,DT,0,4,1970,False
Richard Ash,/A/AshxRi00.htm,DT,0,3,2017,False
Matthias Askew,/A/AskeMa20.htm,DT,0,2,2005,False
Bill Atessis,/A/AtesBi20.htm,DE-DT,0,1,1971,False
Geno Atkins,/A/AtkiGe99.htm,DT,0,10,2019,True
John Atkins,/A/AtkiJo01.htm,DT,0,2,2019,True
Frank Atkinson,/A/AtkiFr20.htm,DT,0,2,1964,False
James Atkins,/A/AtkiJa21.htm,DT,0,2,2004,False
Dowe Aughtman,/A/AughDo20.htm,DT,0,1,1984,False
Steve Baack,/B/BaacSt20.htm,NT-G-DE-DT,0,4,1987,False
Jonathan Babineaux,/B/BabiJo20.htm,DE-DT,0,12,2016,False
Coy Bacon,/B/BacoCo00.htm,DE-DT,0,14,1981,False
Larry Bailey,/B/BailLa20.htm,DT,0,1,1974,False
Jim Bailey,/B/BailJi21.htm,DT-DE,0,9,1978,False
Brandon Bair,/B/BairBr00.htm,DT,0,4,2015,False
Chase Baker,/B/BakeCh01.htm,DT,0,2,2013,False
Chris Baker,/B/BakeCh99.htm,DT,0,9,2017,False
John Baker,/B/BakeJo20.htm,DE-DT-T,0,11,1968,False
Wayne Baker,/B/BakeWa20.htm,DT,0,1,1975,False
Tom Baldwin,/B/BaldTo20.htm,NT-DT-DE,0,5,1988,False
Jerry Ball,/B/BallJe00.htm,NT-DT,0,13,1999,False
Quinton Ballard,/B/BallQu20.htm,DT,0,1,1983,False
Kentwan Balmer,/B/BalmKe99.htm,DT,0,5,2012,False
John Banaszak,/B/BanaJo20.htm,DE-DT,0,7,1981,False
Romeo Bandison,/B/BandRo20.htm,DT,0,2,1996,False
Michael Bankston,/B/BankMi21.htm,DE-NT-DT,0,9,2000,False
Justin Bannan,/B/BannJu20.htm,DT,0,12,2013,False
Joe Barbee,/B/BarbJo20.htm,DT,0,1,1960,False
Ken Barfield,/B/BarfKe20.htm,T-DT,0,1,1954,False
Carl Barisich,/B/BariCa20.htm,DT-NT,0,9,1981,False
Roy Barker,/B/BarkRo20.htm,DE-DT,0,9,2000,False
Tom Barndt,/B/BarnTo20.htm,DT-NT-G-C,0,6,2001,False
Mike Barnes,/B/BarnMi00.htm,DT-DE,0,9,1981,False
T.J. Barnes,/B/BarnT.00.htm,DT,0,3,2016,False
Walt Barnes,/B/BarnWa20.htm,DT-DE,0,6,1971,False
Calvin Barnett,/B/BarnCa00.htm,DT,0,1,2014,False
Oliver Barnett,/B/BarnOl20.htm,DE-DT,0,6,1995,False
Troy Barnett,/B/BarnTr20.htm,DE-DT,0,3,1996,False
Sebastian Barrie,/B/BarrSe20.htm,DE-DT,0,4,1995,False
Doug Bartlett,/B/BartDo20.htm,DT-DE,0,1,1988,False
Carl Barzilauskas,/B/BarzCa20.htm,DT,0,6,1979,False
Alf Bauman,/B/BaumAl20.htm,DT-T,0,4,1950,False
Tom Bayless,/B/BaylTo20.htm,DT,0,1,1970,False
Byron Beams,/B/BeamBy20.htm,T-DT,0,3,1961,False
Tom Beasley,/B/BeasTo20.htm,DE-DT,0,9,1986,False
Jim Beaver,/B/BeavJi20.htm,DT,0,1,1962,False
Ken Beck,/B/BeckKe20.htm,DT-DE,0,2,1960,False
Randy Beisler,/B/BeisRa20.htm,G-DT-DE-T,0,10,1975,False
Bill Belk,/B/BelkBi20.htm,DE-DT,0,7,1974,False
Bob Bell,/B/BellBo20.htm,DT-DE,0,8,1978,False
Marcus Bell,/B/BellMa20.htm,DT,0,6,2006,False
Lou Benfatti,/B/BenfLo20.htm,DT,0,2,1995,False
Dan Benish,/B/BeniDa20.htm,DT,0,5,1987,False
Barry Bennett,/B/BennBa20.htm,DT-DE,0,11,1988,False
Michael Bennett,/B/BennMi01.htm,DT,0,4,2018,True
Darren Benson,/B/BensDa20.htm,DT,0,3,1997,False
Mitchell Benson,/B/BensMi20.htm,NT-DT,0,3,1991,False
Ron Berger,/B/BergRo20.htm,DT-DE,0,4,1972,False
Rocky Bernard,/B/BernRo20.htm,DT,0,11,2012,False
Larry Bethea,/B/BethLa20.htm,DT-DE,0,6,1983,False
Andrew Billings,/B/BillAn00.htm,DT,0,3,2019,True
Ron Billingsley,/B/BillRo20.htm,DT-DE,0,6,1972,False
Ryon Bingham,/B/BingRy20.htm,DT,0,4,2008,False
Dan Birdwell,/B/BirdDa00.htm,DT-DE,0,8,1969,False
Bill Bishop,/B/BishBi00.htm,DT-T,0,10,1961,False
Ken Bishop,/B/BishKe01.htm,DT,0,2,2015,False
Angelo Blackson,/B/BlacAn00.htm,DT,0,5,2019,True
Willie Blade,/B/BladWi20.htm,DT,0,2,2004,False
Ernie Blandin,/B/BlanEr20.htm,T-DT,0,8,1953,False
Bon Boatwright,/B/BoatBo20.htm,DT,0,1,1974,False
Wayne Bock,/B/BockWa20.htm,DT,0,1,1957,False
Rex Boggan,/B/BoggRe20.htm,DT,0,1,1955,False
Ron Bohm,/B/BohmRo20.htm,DT,0,1,1987,False
Gary Bolden,/B/BoldGa20.htm,DT,0,1,1987,False
Nick Bolkovac,/B/BolkNi20.htm,DT-T,0,2,1954,False
Conrad Bolston,/B/BolsCo99.htm,DT,0,1,2007,False
Shane Bonham,/B/BonhSh20.htm,DT,0,6,1999,False
Alfonso Boone,/B/BoonAl20.htm,DT,0,10,2010,False
Frank Bosch,/B/BoscFr20.htm,DT-DE,0,3,1970,False
Ryan Boschetti,/B/BoscRy20.htm,DT,0,5,2008,False
Gil Bouley,/B/BoulGi20.htm,T-DT,0,6,1950,False
Marc Boutte,/B/BoutMa20.htm,DT,0,8,1999,False
Tim Bowens,/B/BoweTi00.htm,DT,0,11,2004,False
Dennis Boyd,/B/BoydDe20.htm,DT-DE-T-C,0,6,1982,False
Josh Boyd,/B/BoydJo00.htm,DT,0,3,2015,False
McKinley Boykin,/B/BoykMc99.htm,DT,0,1,2007,False
Ron Brace,/B/BracRo99.htm,DT,0,4,2012,False
M.L. Brackett,/B/BracM.20.htm,DE-DT-LB,0,3,1958,False
Henry Bradley,/B/BradHe20.htm,NT-DT,0,4,1982,False
Jon Bradley,/B/BradJo20.htm,DT,0,4,2007,False
Don Bramlett,/B/BramDo20.htm,DT,0,1,1987,False
Alan Branch,/B/BranAl99.htm,DT,0,11,2017,False
Caleb Brantley,/B/BranCa00.htm,DT,0,3,2019,True
Josh Brent,/B/BrenJo00.htm,DT,0,5,2014,False
Bob Briggs,/B/BrigBo20.htm,DE-DT,0,7,1974,False
Matt Brock,/B/BrocMa20.htm,DE-DT,0,8,1996,False
Michael Brockers,/B/BrocMi00.htm,DT,0,8,2019,True
Jay Bromley,/B/BromJa00.htm,DT,0,5,2018,False
Jermaine Brooks,/B/BrooJe20.htm,DT,0,1,2003,False
Larry Brooks,/B/BrooLa00.htm,DT,0,11,1982,False
Lee Brooks,/B/BrooLe00.htm,DT,0,7,1976,False
Kevin Brooks,/B/BrooKe20.htm,DT-DE,0,6,1990,False
Michael Brooks,/B/BrooMi02.htm,DT,0,1,2013,False
Perry Brooks,/B/BrooPe20.htm,DT,0,7,1984,False
Willie Broughton,/B/BrouWi20.htm,DT-NT,0,12,1996,False
Doug Brown,/B/BrowDo24.htm,DT,0,3,1964,False
Doug Brown,/B/BrowDo23.htm,DT,0,2,1999,False
Gilbert Brown,/B/BrowGi20.htm,DT,0,11,2003,False
Greg Brown,/B/BrowGr20.htm,DE-DT,0,8,1988,False
Howie Brown,/B/BrowHo20.htm,G-T-DT,0,3,1950,False
Jerome Brown,/B/BrowJe00.htm,DT,0,5,1991,False
Joe Brown,/B/BrowJo20.htm,DT,0,1,2001,False
Kareem Brown,/B/BrowKa99.htm,DT,0,1,2007,False
Malcom Brown,/B/BrowMa01.htm,DT,0,5,2019,True
Miles Brown,/B/BrowMi01.htm,DT,0,1,2019,True
Robert Brown,/B/BrowRo02.htm,DT-DE,0,11,1976,False
Roger Brown,/B/BrowRo03.htm,DT,0,10,1969,False
Rush Brown,/B/BrowRu22.htm,DT-NT-DE,0,4,1983,False
John Browning,/B/BrowJo24.htm,DT-DE,0,10,2005,False
Claude Brownlee,/B/BrowCl21.htm,DT,0,1,1967,False
Bill Brundige,/B/BrunBi20.htm,DT-DE,0,8,1977,False
Rick Bryan,/B/BryaRi20.htm,DE-DT-NT-LB,0,10,1993,False
Taven Bryan,/B/BryaTa00.htm,DT,0,2,2019,True
Anthony Bryant,/B/BryaAn20.htm,DT,0,6,2010,False
Charlie Bryant,/B/BryaCh02.htm,DT,0,1,2012,False
Desmond Bryant,/B/BryaDe00.htm,DT,0,7,2015,False
Junior Bryant,/B/BryaJu20.htm,DT-DE,0,6,2000,False
Jeff Bryant,/B/BryaJe20.htm,DE-DT,0,12,1993,False
Red Bryant,/B/BryaRe99.htm,DT,0,8,2015,False
Wendell Bryant,/B/BryaWe20.htm,DT,0,3,2004,False
Buck Buchanan,/B/BuchBu00.htm,DT,1,13,1975,False
Jason Buck,/B/BuckJa20.htm,DE-DT,0,7,1993,False
Brentson Buckner,/B/BuckBr20.htm,DT-DE-NT,0,12,2005,False
DeForest Buckner,/B/BuckDe00.htm,DT,0,4,2019,True
Tim Bulman,/B/BulmTi20.htm,DT,0,7,2011,False
Mike Bundra,/B/BundMi20.htm,DT,0,4,1965,False
Brodrick Bunkley,/B/BunkBr20.htm,DT,0,9,2014,False
Anthony Burke,/B/BurkAn20.htm,DT,0,1,1987,False
Gary Burley,/B/BurlGa20.htm,DE-DT,0,9,1984,False
John Burrough,/B/BurrJo20.htm,DE-DT,0,8,2002,False
Jim Burt,/B/BurtJi00.htm,NT-DT,0,11,1991,False
Antwon Burton,/B/BurtAn20.htm,DT,0,4,2009,False
Shane Burton,/B/BurtSh20.htm,DE-DT,0,8,2003,False
Adam Butler,/B/ButlAd00.htm,DT,0,3,2019,True
Vernon Butler,/B/ButlVe00.htm,DT,0,4,2019,True
Dave Butz,/B/ButzDa00.htm,DT-DE,0,16,1988,False
Dennis Byrd,/B/ByrdDe21.htm,DT-DE,0,4,1992,False
Jim Cagle,/C/CaglJi20.htm,DT,0,1,1974,False
Dave Cahill,/C/CahiDa20.htm,DT-DE,0,4,1969,False
Jeremy Calahan,/C/CalaJe20.htm,DT,0,1,2005,False
Mike Calhoun,/C/CalhMi20.htm,DT-DE,0,1,1980,False
Rob Callaway,/C/CallRo00.htm,DT,0,1,2012,False
Ernie Calloway,/C/CallEr20.htm,DT-DE,0,4,1972,False
Ronnie Cameron,/C/CameRo00.htm,DT,0,1,2012,False
Joe Campanella,/C/CampJo20.htm,LB-DT-T,0,6,1957,False
Marion Campbell,/C/CampMa01.htm,DE-DT-MG-G-T,0,8,1961,False
Mark Campbell,/C/CampMa20.htm,DT,0,1,1997,False
William Campbell,/C/CampWi00.htm,DT,0,1,2014,False
Don Campora,/C/CampDo21.htm,T-DT,0,4,1953,False
Whit Canale,/C/CanaWh20.htm,DE-DT,0,3,1968,False
James Cannida,/C/CannJa20.htm,DT,0,5,2002,False
Al Carapella,/C/CaraAl00.htm,DT-MG-T-LB,0,5,1955,False
Ron Carpenter,/C/CarpRo20.htm,DT-DE,0,7,1976,False
Levert Carr,/C/CarrLe20.htm,T-G-DT,0,5,1973,False
Tom Carr,/C/CarrTo20.htm,DT,0,1,1968,False
Ryan Carrethers,/C/CarrRy00.htm,DT,0,3,2016,False
Russ Carroccio,/C/CarrRu20.htm,G-T-DT-DG,0,2,1955,False
Leonardo Carson,/C/CarsLe20.htm,DT,0,5,2004,False
Jordan Carstens,/C/CarsJo20.htm,DT,0,3,2006,False
David Carter,/C/CartDa01.htm,DT,0,3,2013,False
Jon Carter,/C/CartJo21.htm,DT,0,1,1989,False
Kevin Carter,/C/CartKe00.htm,DE-DT,0,14,2008,False
Rubin Carter,/C/CartRu20.htm,NT-DT,0,12,1986,False
Rick Cash,/C/CashRi20.htm,DE-DT,0,6,1973,False
Tony Casillas,/C/CasiTo20.htm,DT-NT,0,12,1997,False
Ken Casner,/C/CasnKe20.htm,DT,0,1,1952,False
Luis Castillo,/C/CastLu20.htm,DE-DT,0,7,2011,False
Jacques Cesaire,/C/CesaJa20.htm,DE-DT,0,9,2011,False
Mike Chalenski,/C/ChalMi20.htm,DE-DT,0,6,1998,False
Wally Chambers,/C/ChamWa00.htm,DT-DE,0,7,1979,False
Ed Champagne,/C/ChamEd20.htm,T-DT,0,4,1950,False
Jim Champion,/C/ChamJi20.htm,LB-T-DT,0,2,1951,False
Nate Chandler,/C/ChanNa00.htm,DT,0,3,2014,False
Josh Chapman,/C/ChapJo00.htm,DT,0,3,2014,False
Dick Chapura,/C/ChapDi20.htm,DT,0,4,1990,False
Mike Charles,/C/CharMi20.htm,NT-DE-DT,0,9,1991,False
Stefan Charles,/C/CharSt00.htm,DT,0,4,2016,False
Martin Chase,/C/ChasMa20.htm,DT,0,7,2005,False
Barney Chavous,/C/ChavBa20.htm,DE-DT,0,13,1985,False
Ernie Cheatham,/C/CheaEr20.htm,DT,0,1,1954,False
Larry Chester,/C/ChesLa20.htm,DT,0,7,2004,False
Randy Chevrier,/C/ChevRa20.htm,DT,0,1,2001,False
Ray Childress,/C/ChilRa00.htm,DT-DE,0,12,1996,False
Steve Chomyszak,/C/ChomSt20.htm,DT-DE,0,8,1973,False
Dick Chorovich,/C/ChorDi20.htm,DT-T,0,6,1960,False
Bob Christiansen,/C/ChriBo20.htm,DT,0,1,1972,False
Don Churchwell,/C/ChurDo20.htm,DT-T,0,2,1960,False
Kendrick Clancy,/C/ClanKe20.htm,DT,0,10,2009,False
Sam Clancy,/C/ClanSa20.htm,DE-DT,0,11,1993,False
Bruce Clark,/C/ClarBr23.htm,DE-DT,0,8,1989,False
Jeremy Clark,/C/ClarJe01.htm,DT,0,3,2010,False
Jim Clark,/C/ClarJi20.htm,T-G-DT-LB,0,2,1953,False
Kenny Clark,/C/ClarKe01.htm,DT,0,4,2019,True
Monte Clark,/C/ClarMo20.htm,T-DT-DE,0,11,1969,False
Ken Clarke,/C/ClarKe24.htm,NT-DT,0,14,1991,False
Bob Clasby,/C/ClasBo20.htm,DT-DE,0,5,1990,False
Jared Clauss,/C/ClauJa20.htm,DT,0,2,2005,False
DeVone Claybrooks,/C/ClayDe20.htm,DT,0,3,2004,False
Zach Clayton,/C/ClayZa00.htm,DT,0,2,2012,False
Chunky Clements,/C/ClemCh00.htm,DT,0,1,2017,False
John Clowes,/C/ClowJo20.htm,T-G-DT,0,4,1951,False
Shaun Cody,/C/CodySh20.htm,DT,0,8,2012,False
Terrence Cody,/C/CodyTe99.htm,DT,0,5,2014,False
Rodney Coe,/C/CoexRo00.htm,DT,0,1,2017,False
Barry Cofield,/C/CofiBa20.htm,DT,0,10,2015,False
Joe Cohen,/C/CoheJo00.htm,DT,0,1,2009,False
Landon Cohen,/C/CoheLa99.htm,DT,0,7,2014,False
Colin Cole,/C/ColeCo20.htm,DT,0,12,2015,False
Larry Cole,/C/ColeLa20.htm,DE-DT,0,13,1980,False
Davon Coleman,/C/ColeDa00.htm,DT,0,2,2015,False
Deandre Coleman,/C/ColeDe01.htm,DT,0,4,2017,False
Roderick Coleman,/C/ColeRo99.htm,DT,0,9,2007,False
Stalin Colinet,/C/ColiSt20.htm,DT-DE,0,6,2002,False
Bobby Collier,/C/CollBo20.htm,T-DT,0,1,1951,False
Maliek Collins,/C/CollMa00.htm,DT,0,4,2019,True
Nate Collins,/C/CollNa20.htm,DT,0,4,2013,False
Ray Collins,/C/CollRa00.htm,DT-T,0,12,1961,False
Don Colo,/C/ColoDo00.htm,DT,0,9,1958,False
Jim Colvin,/C/ColvJi20.htm,DT-DE-G,0,8,1967,False
Glen Condren,/C/CondGl20.htm,DT-DE,0,8,1972,False
Ray Conlin,/C/ConlRa20.htm,DT,0,1,1987,False
George Connor,/C/ConnGe00.htm,T-LB-DT-G,1,8,1955,False
Frank Conover,/C/ConoFr20.htm,DT,0,1,1991,False
John Contoulis,/C/ContJo20.htm,DT,0,1,1964,False
Matt Conrath,/C/ConrMa00.htm,DT,0,3,2014,False
Anthony Cook,/C/CookAn20.htm,DE-DT,0,5,1999,False
Bill Cooke,/C/CookBi20.htm,DT-DE-T,0,6,1980,False
Chris Cooper,/C/CoopCh20.htm,DT-DE,0,7,2007,False
Xavier Cooper,/C/CoopXa00.htm,DT,0,3,2017,False
John Copeland,/C/CopeJo20.htm,DE-DT-NT,0,8,2000,False
Lou Cordileone,/C/CordLo20.htm,DT-DE-G,0,9,1968,False
Frank Cornish,/C/CornFr20.htm,DT,0,7,1972,False
Dave Costa,/C/CostDa00.htm,DT-DE,0,12,1974,False
Fest Cotton,/C/CottFe20.htm,DT,0,1,1972,False
Christian Covington,/C/CoviCh00.htm,DT,0,5,2019,True
Les Cowan,/C/CowaLe20.htm,DT-DE,0,1,1951,False
Rashaad Coward,/C/CowaRa00.htm,DT,0,3,2019,True
Al Cowlings,/C/CowlAl20.htm,DE-DT-LB,0,10,1979,False
Delbert Cowsette,/C/CowsDe20.htm,DT,0,2,2002,False
Fletcher Cox,/C/CoxxFl00.htm,DT,0,8,2019,True
Larry Cox,/C/CoxxLa20.htm,DT,0,3,1968,False
Dennis Crane,/C/CranDe20.htm,DT-T,0,3,1970,False
Lou Creekmur,/C/CreeLo00.htm,T-G-DG-DT,1,10,1959,False
Leon Crenshaw,/C/CrenLe20.htm,DT,0,1,1968,False
Jared Crick,/C/CricJa00.htm,DT,0,5,2016,False
Don Croft,/C/CrofDo20.htm,DT,0,5,1976,False
Bobby Cross,/C/CrosBo20.htm,T-DT,0,9,1960,False
Al Crow,/C/CrowAl20.htm,DT,0,1,1960,False
Randy Crowder,/C/CrowRa20.htm,DT-NT-DE,0,7,1980,False
Jermelle Cudjo,/C/CudjJe00.htm,DT,0,6,2015,False
Curley Culp,/C/CulpCu00.htm,DT-NT-G,1,14,1981,False
Ed Culpepper,/C/CulpEd20.htm,DT,0,6,1963,False
Brad Culpepper,/C/CulpBr20.htm,DT,0,9,2000,False
Carlton Dabney,/D/DabnCa20.htm,DT,0,1,1968,False
Lional Dalton,/D/DaltLi20.htm,DT,0,9,2006,False
Oakley Dalton,/D/DaltOa20.htm,DT,0,1,1977,False
Dave Daniels,/D/DaniDa20.htm,DT,0,1,1966,False
Mike Daniels,/D/DaniMi00.htm,DT,0,8,2019,True
Chartric Darby,/D/DarbCh20.htm,DT,0,9,2009,False
Ramsey Dardar,/D/DardRa20.htm,DT-G-T,0,1,1984,False
Marcell Dareus,/D/DareMa00.htm,DT,0,9,2019,True
Don Davey,/D/DaveDo20.htm,DT-DE,0,7,1997,False
Ben Davidson,/D/DaviBe00.htm,DE-DT,0,11,1971,False
Pete Davidson,/D/DaviPe20.htm,DT,0,1,1960,False
Andre Davis,/D/DaviAn21.htm,DT,0,1,1996,False
Carl Davis,/D/DaviCa01.htm,DT,0,5,2019,True
Charles Davis,/D/DaviCh21.htm,DT-NT,0,7,1980,False
Don Davis,/D/DaviDo21.htm,DT,0,1,1966,False
Dorsett Davis,/D/DaviDo23.htm,DE-DT,0,1,2003,False
Fred Davis,/D/DaviFr00.htm,T-DT,0,11,1951,False
Pernell Davis,/D/DaviPe21.htm,DT,0,1,1999,False
Reuben Davis,/D/DaviRe21.htm,DE-DT,0,9,1996,False
Russell Davis,/D/DaviRu20.htm,DT-DE,0,9,2007,False
Scott Davis,/D/DaviSc20.htm,DT-DE-LB,0,7,1994,False
Willie Davis,/D/DaviWi01.htm,DE-DT,1,12,1969,False
Tyeler Davison,/D/DaviTy01.htm,DT,0,5,2019,True
Everett Dawkins,/D/DawkEv00.htm,DT,0,1,2013,False
Mike Dawson,/D/DawsMi20.htm,DT-NT-DE,0,9,1984,False
Sheldon Day,/D/DayxSh00.htm,DT,0,4,2019,True
Tom Day,/D/DayxTo00.htm,DE-G-DT-T,0,9,1968,False
Brandon Deaderick,/D/DeadBr99.htm,DT,0,5,2014,False
Bob Dee,/D/DeexBo00.htm,DE-DT,0,11,1967,False
Bob Dees,/D/DeesBo20.htm,DT-T,0,1,1952,False
Charles DeJurnett,/D/DeJuCh20.htm,NT-DT,0,11,1986,False
Jim DeLisle,/D/DeLiJi20.htm,DT,0,1,1971,False
Steve DeLong,/D/DeLoSt00.htm,DE-DT,0,8,1972,False
Jerry DeLucca,/D/DeLuJe20.htm,T-DT,0,6,1964,False
Chris Demaree,/D/DemaCh20.htm,DT,0,1,2002,False
Al DeRogatis,/D/DeRoAl00.htm,DT-T,0,4,1952,False
Don Deskins,/D/DeskDo20.htm,DT-G,0,1,1960,False
Chuck DeVleigher,/D/DeVlCh21.htm,DT,0,1,1969,False
Paul Dickson,/D/DickPa20.htm,DT-T,0,13,1971,False
John Diehl,/D/DiehJo20.htm,DT,0,5,1965,False
Stacey Dillard,/D/DillSt20.htm,NT-DT,0,4,1995,False
Rich Dimler,/D/DimlRi20.htm,DT,0,2,1980,False
Antonio Dingle,/D/DingAn20.htm,DT,0,1,1999,False
Mike Dirks,/D/DirkMi20.htm,DT-G,0,4,1971,False
Lamar Divens,/D/DiveLa20.htm,DT,0,5,2012,False
Antonio Dixon,/D/DixoAn99.htm,DT,0,4,2012,False
Ronnie Dixon,/D/DixoRo20.htm,DT-NT,0,6,1998,False
Darnell Dockett,/D/DockDa20.htm,DT,0,11,2014,False
Phil Dokes,/D/DokePh20.htm,DT-DE,0,2,1978,False
Tom Domres,/D/DomrTo20.htm,DT,0,5,1972,False
Aaron Donald,/D/DonaAa00.htm,DT,0,6,2019,True
Art Donovan,/D/DonoAr00.htm,DT-T,1,12,1961,False
Glenn Dorsey,/D/DorsGl99.htm,DT,0,9,2016,False
Reggie Doss,/D/DossRe20.htm,DE-DT,0,10,1987,False
Al Dotson,/D/DotsAl20.htm,DT,0,6,1970,False
Santana Dotson,/D/DotsSa20.htm,DT-DE,0,10,2001,False
Lionel Dotson,/D/DotsLi99.htm,DT,0,4,2011,False
Leger Douzable,/D/DouzLe00.htm,DT,0,9,2017,False
Eric Downing,/D/DownEr20.htm,DT,0,4,2004,False
Jerry Drake,/D/DrakJe20.htm,DT-DE,0,5,1999,False
Shane Dronett,/D/DronSh20.htm,DT-DE,0,10,2001,False
Jeff Drost,/D/DrosJe20.htm,DT,0,1,1987,False
Mark Duckens,/D/DuckMa20.htm,DE-DT,0,4,1992,False
Damane Duckett,/D/DuckDa20.htm,DT,0,3,2006,False
Mark Duda,/D/DudaMa20.htm,DT,0,5,1987,False
Jamal Duff,/D/DuffJa20.htm,DE-DT,0,4,1998,False
Bill Duff,/D/DuffBi20.htm,DT,0,1,1999,False
Gary Dulin,/D/DuliGa20.htm,DE-DT,0,2,1987,False
Jim Dunaway,/D/DunaJi00.htm,DT,0,10,1972,False
Brandon Dunn,/D/DunnBr00.htm,DT,0,6,2019,True
Gary Dunn,/D/DunnGa20.htm,NT-DT-DE,0,12,1987,False
Bill Dunstan,/D/DunsBi20.htm,DT,0,7,1979,False
Pete Duranko,/D/DuraPe20.htm,DE-DT,0,8,1974,False
John Dutton,/D/DuttJo00.htm,DT-DE,0,14,1987,False
Dusty Dvoracek,/D/DvorDu99.htm,DT,0,2,2008,False
Rick Dvorak,/D/DvorRi20.htm,DT-DE,0,4,1977,False
Mike Dwyer,/D/DwyeMi20.htm,DT,0,1,1987,False
Keilen Dykes,/D/DykeKe00.htm,DT,0,1,2009,False
Dominique Easley,/E/EaslDo00.htm,DT,0,5,2018,False
Nick Eason,/E/EasoNi20.htm,DT,0,9,2012,False
Ron East,/E/EastRo20.htm,DT-DE,0,11,1977,False
Chad Eaton,/E/EatoCh20.htm,DT-NT,0,9,2004,False
Fate Echols,/E/EchoFa20.htm,T-DT,0,2,1963,False
Ed Ecker,/E/EckeEd20.htm,DT-T,0,6,1952,False
Earl Edwards,/E/EdwaEa20.htm,DT-DE,0,11,1979,False
Eddie Edwards,/E/EdwaEd20.htm,DE-DT,0,12,1988,False
Dwan Edwards,/E/EdwaDw20.htm,DT,0,12,2015,False
Ron Edwards,/E/EdwaRo20.htm,DT,0,12,2012,False
Tim Edwards,/E/EdwaTi20.htm,DT,0,1,1992,False
Joe Ehrmann,/E/EhrmJo00.htm,DT,0,10,1982,False
Cleveland Elam,/E/ElamCl00.htm,DT-DE,0,5,1979,False
John Elliott,/E/ElliJo00.htm,DT-DE,0,7,1973,False
Justin Ellis,/E/ElliJu01.htm,DT,0,6,2019,True
Sedrick Ellis,/E/ElliSe99.htm,DT,0,5,2012,False
Atiyyah Ellison,/E/ElliAt00.htm,DT,0,1,2009,False
Luther Elliss,/E/ElliLu00.htm,DT-DE,0,10,2004,False
Steve Emtman,/E/EmtmSt20.htm,DE-DT,0,6,1997,False
Doug English,/E/EnglDo00.htm,DT-NT,0,11,1985,False
Tory Epps,/E/EppsTo20.htm,NT-DT,0,6,1995,False
Kaleb Eulls,/E/EullKa00.htm,DT,0,1,2015,False
Donald Evans,/E/EvanDo20.htm,DE-DT,0,9,1995,False
Fred Evans,/E/EvanFr21.htm,DT,0,8,2013,False
Josh Evans,/E/EvanJo23.htm,DT,0,10,2004,False
Mike Evans,/E/EvanMi21.htm,DT-DE,0,1,1992,False
Dick Evey,/E/EveyDi20.htm,DT-DE-G,0,8,1971,False
Isame Faciane,/F/FaciIs00.htm,DT,0,1,2014,False
Nick Fairley,/F/FairNi00.htm,DT,0,6,2016,False
Hebron Fangupo,/F/FangHe00.htm,DT,0,3,2014,False
Mike Fanning,/F/FannMi20.htm,DT-DE-NT,0,10,1984,False
Stan Fanning,/F/FannSt20.htm,T-DE-DT,0,5,1964,False
Ledio Fanucchi,/F/FanuLe20.htm,T-DT,0,1,1954,False
D'Marco Farr,/F/FarrDM20.htm,DT,0,7,2000,False
Curt Farrier,/F/FarrCu20.htm,DT,0,3,1965,False
Mario Fatafehi,/F/FataMa20.htm,DT,0,4,2004,False
Folorunso Fatukasi,/F/FatuFo00.htm,DT,0,2,2019,True
Jeff Faulkner,/F/FaulJe20.htm,DE-DT,0,10,1996,False
Wilson Faumuina,/F/FaumWi20.htm,DT-DE-NT,0,5,1981,False
Ron Faurot,/F/FaurRo20.htm,DE-DT,0,2,1985,False
Ego Ferguson,/F/FergEg00.htm,DT,0,2,2015,False
Gene Ferguson,/F/FergGe20.htm,T-DT,0,4,1972,False
Jason Ferguson,/F/FergJa21.htm,DT-NT,0,13,2009,False
Ron Fernandes,/F/FernRo20.htm,DE-DT,0,4,1979,False
Manny Fernandez,/F/FernMa20.htm,DT-DE,0,8,1975,False
Lou Ferry,/F/FerrLo20.htm,DT-T,0,7,1955,False
Edgar Fields,/F/FielEd20.htm,DT-DE,0,5,1981,False
George Fields,/F/FielGe20.htm,DT-DE,0,2,1961,False
Jeff Fields,/F/FielJe20.htm,DT,0,1,1995,False
Ronald Fields,/F/FielRo20.htm,DT,0,7,2011,False
Steve Fifita,/F/FifiSt99.htm,DT,0,1,2007,False
Tevita Finau,/F/FinaTe00.htm,DT,0,3,2014,False
Tom Finnin,/F/FinnTo20.htm,DT,0,5,1957,False
Roger Finnie,/F/FinnRo20.htm,T-G-DT,0,11,1979,False
Gary Finneran,/F/FinnGa20.htm,DE-DT,0,2,1961,False
Bill Fischer,/F/FiscBi00.htm,T-G-DT,0,5,1953,False
Ray Fisher,/F/FishRa20.htm,DT-T-G,0,1,1959,False
Jason Fisk,/F/FiskJa20.htm,DT-NT,0,12,2006,False
Jim Flanigan,/F/FlanJi21.htm,DT,0,10,2003,False
Sharrif Floyd,/F/FloySh00.htm,DT,0,4,2016,False
Andre Fluellen,/F/FlueAn99.htm,DT,0,8,2015,False
Albert Fontenot,/F/FontAl20.htm,DE-DT,0,9,2001,False
Dan Footman,/F/FootDa20.htm,DE-DT-NT,0,6,1998,False
Henry Ford,/F/FordHe21.htm,DT-DE,0,10,2003,False
Poona Ford,/F/FordPo00.htm,DT,0,2,2019,True
Bill Forester,/F/ForeBi00.htm,LB-MG-DT,0,11,1963,False
Eric Foster,/F/FostEr20.htm,DT,0,4,2011,False
Jerome Foster,/F/FostJe20.htm,DE-DT,0,5,1987,False
Mike Fox,/F/FoxxMi20.htm,DE-DT-NT,0,9,1998,False
Aubrayo Franklin,/F/FranAu20.htm,DT,0,11,2013,False
Paul Frase,/F/FrasPa20.htm,DE-DT-NT,0,11,1998,False
Simon Fraser,/F/FrasSi20.htm,DE-DT,0,4,2008,False
Cliff Frazier,/F/FrazCl20.htm,DT,0,1,1977,False
Lorenzo Freeman,/F/FreeLo20.htm,NT-DT,0,5,1991,False
Ken Frost,/F/FrosKe20.htm,DT,0,2,1962,False
Dick Fugler,/F/FuglDi20.htm,T-DT,0,3,1954,False
Frank Fuller,/F/FullFr20.htm,DT-T-G-C-DE,0,11,1963,False
Mike Fultz,/F/FultMi20.htm,DT,0,5,1981,False
Steve Furness,/F/FurnSt20.htm,DT-DE,0,10,1981,False
Steve Gabbard,/G/GabbSt20.htm,DT,0,1,1991,False
Bob Gain,/G/GainBo00.htm,DT-DE-MG-T,0,13,1964,False
William Gaines,/G/GainWi20.htm,DT,0,4,1997,False
Dion Gales,/G/GaleDi00.htm,DT,0,1,2009,False
Ed Galigher,/G/GaliEd20.htm,DT-DE,0,7,1978,False
Dave Gallagher,/G/GallDa20.htm,DE-DT,0,6,1979,False
David Galloway,/G/GallDa21.htm,DT-DE-NT,0,9,1990,False
Rusty Ganas,/G/GanaRu20.htm,DT,0,1,1971,False
Mark Garalczyk,/G/GaraMa20.htm,DT-DE,0,2,1988,False
Jim Garcia,/G/GarcJi20.htm,DE-DT,0,4,1968,False
Daryl Gardener,/G/GardDa20.htm,DT,0,8,2003,False
Moe Gardner,/G/GardMo20.htm,DT-NT,0,6,1996,False
Winfield Garnett,/G/GarnWi20.htm,DT,0,1,2001,False
Dub Garrett,/G/GarrDu20.htm,G-DT,0,3,1950,False
Ron Gassert,/G/GassRo20.htm,DT,0,1,1962,False
Bruce Gaston,/G/GastBr00.htm,DT,0,2,2015,False
William Gay,/G/GayxWi20.htm,DE-DT-TE,0,11,1988,False
Jumpy Geathers,/G/GeatJu20.htm,DE-DT,0,13,1996,False
Kwame Geathers,/G/GeatKw00.htm,DT,0,2,2014,False
Bill George,/G/GeorBi00.htm,LB-G-MG-DT,1,15,1966,False
Steve George,/G/GeorSt20.htm,DT,0,3,1976,False
Gary Gibson,/G/GibsGa99.htm,DT-DE,0,7,2013,False
Oliver Gibson,/G/GibsOl20.htm,DT-NT,0,9,2003,False
Tom Gibson,/G/GibsTo20.htm,DE-DT,0,3,1991,False
Jarron Gilbert,/G/GilbJa99.htm,DT,0,4,2012,False
Sean Gilbert,/G/GilbSe00.htm,DT-DE,0,12,2003,False
George Gilchrist,/G/GilcGe20.htm,DT,0,1,1953,False
John Gill,/G/GillJo99.htm,DT,0,1,2009,False
Gale Gillingham,/G/GillGa00.htm,G-DT,0,11,1976,False
Thomas Gipson,/G/GipsTh20.htm,DT,0,1,1971,False
Kevin Givens,/G/GiveKe01.htm,DT,0,1,2019,True
Ryan Glasgow,/G/GlasRy00.htm,DT,0,3,2019,True
Clyde Glover,/G/GlovCl20.htm,DT,0,1,1987,False
La'Roi Glover,/G/GlovLa00.htm,DT-NT,0,13,2008,False
Rich Glover,/G/GlovRi20.htm,DT,0,3,1975,False
Tim Goad,/G/GoadTi20.htm,NT-DT,0,9,1996,False
Davon Godchaux,/G/GodcDa00.htm,DT,0,3,2019,True
Chris Godfrey,/G/GodfCh20.htm,G-T-DE-DT,0,9,1988,False
Robert Goff,/G/GoffRo20.htm,DE-DT-NT,0,9,1996,False
Willard Goff,/G/GoffWi20.htm,DT,0,3,1987,False
Dan Goich,/G/GoicDa20.htm,DT,0,5,1973,False
Bill Goldberg,/G/GoldBi20.htm,NT-DT,0,3,1994,False
Eddie Goldman,/G/GoldEd00.htm,DT,0,5,2019,True
John Goldsberry,/G/GoldJo21.htm,DT-T,0,2,1950,False
Bob Golic,/G/GoliBo00.htm,NT-DT-LB-DE,0,14,1992,False
Mike Golic,/G/GoliMi20.htm,DT-NT-DE,0,8,1993,False
Kedric Golston,/G/GolsKe20.htm,DT,0,11,2016,False
John Gonzaga,/G/GonzJo20.htm,T-G-DE-DT,0,11,1966,False
John Goodman,/G/GoodJo21.htm,DE-DT-NT,0,5,1985,False
Amon Gordon,/G/GordAm20.htm,DT,0,8,2011,False
John Gordon,/G/GordJo20.htm,DT,0,1,1972,False
Donald Goss,/G/GossDo20.htm,T-DT,0,1,1956,False
Adam Gotsis,/G/GotsAd00.htm,DT,0,4,2019,True
Gene Gossage,/G/GossGe20.htm,DE-DT-G,0,3,1962,False
Gene Grabosky,/G/GrabGe20.htm,DT,0,1,1960,False
Milt Graham,/G/GrahMi21.htm,T-DT,0,3,1963,False
Rufus Granderson,/G/GranRu20.htm,DT,0,1,1960,False
Darryl Grant,/G/GranDa20.htm,DT-G-C-T,0,11,1991,False
Ernest Grant,/G/GranEr20.htm,DT,0,3,2002,False
John Grant,/G/GranJo21.htm,DT-DE-NT,0,7,1979,False
Wes Grant,/G/GranWe20.htm,DE-DT,0,3,1973,False
Paul Grasmanis,/G/GrasPa20.htm,DT,0,10,2005,False
Dan Gray,/G/GrayDa20.htm,DT,0,1,1978,False
Moses Gray,/G/GrayMo20.htm,T-DT,0,2,1962,False
Bubba Green,/G/GreeBu21.htm,DT,0,1,1981,False
Curtis Green,/G/GreeCu20.htm,DE-DT-NT,0,9,1989,False
Howard Green,/G/GreeHo20.htm,DT,0,10,2011,False
Marcus Green,/G/GreeMa20.htm,DT,0,1,2006,False
Rasheem Green,/G/GreeRa01.htm,DT,0,2,2019,True
Joe Greene,/G/GreeJo02.htm,DT,1,13,1981,False
Forrest Gregg,/G/GregFo00.htm,T-G-DT,1,16,1971,False
Kelly Gregg,/G/GregKe20.htm,NT-DT,0,13,2011,False
Bill Gregory,/G/GregBi20.htm,DE-DT,0,10,1980,False
Damian Gregory,/G/GregDa20.htm,DT,0,4,2004,False
Rosey Grier,/G/GrieRo00.htm,DT-DE,0,12,1966,False
Cornelius Griffin,/G/GrifCo20.htm,DT,0,10,2009,False
Chubby Grigg,/G/GrigCh20.htm,DT-T,0,7,1952,False
Jerry Groom,/G/GrooJe00.htm,MG-DT-C-LB,0,5,1955,False
Elois Grooms,/G/GrooEl20.htm,DE-DT,0,13,1987,False
George Gross,/G/GrosGe20.htm,DT,0,5,1967,False
Lou Groza,/G/GrozLo20.htm,T-C-DT-K,1,22,1967,False
Dick Guesman,/G/GuesDi20.htm,DT-K,0,5,1964,False
Letroy Guion,/G/GuioLe99.htm,DT,0,9,2016,False
Mark Gunn,/G/GunnMa20.htm,DT-DE,0,6,1996,False
Riley Gunnels,/G/GunnRi20.htm,DT-DE,0,7,1966,False
Rodney Gunter,/G/GuntRo00.htm,DT,0,5,2019,True
Buck Gurley,/G/GurlBu20.htm,DT,0,1,2002,False
Buzz Guy,/G/GuyxBu20.htm,G-T-DT,0,4,1961,False
Lawrence Guy,/G/GuyxLa00.htm,DT,0,8,2019,True
Gary Hadd,/H/HaddGa20.htm,DT-NT,0,2,1989,False
Ra'Shede Hageman,/H/HageRa00.htm,DT,0,3,2016,True
Carl Hairston,/H/HairCa20.htm,DE-DT-LB,0,15,1990,False
John Haines,/H/HainJo20.htm,NT-DE-DT,0,3,1986,False
Mike Halapin,/H/HalaMi20.htm,DT,0,4,1999,False
Dave Hale,/H/HaleDa20.htm,DT-DE,0,5,1973,False
Ryan Hale,/H/HaleRy20.htm,DT,0,2,2000,False
Jermaine Haley,/H/HaleJe20.htm,DT,0,5,2004,False
Bryan Hall,/H/HallBr00.htm,DT,0,1,2012,False
P.J. Hall,/H/HallP.00.htm,DT,0,2,2019,True
Ray Hall,/H/HallRa21.htm,DT,0,1,1995,False
Rhett Hall,/H/HallRh20.htm,DT,0,8,1998,False
Travis Hall,/H/HallTr20.htm,DT-DE,0,11,2005,False
Dean Hamel,/H/HameDe20.htm,DT,0,6,1990,False
Bobby Hamilton,/H/HamiBo20.htm,DE-DT,0,12,2007,False
Dominique Hamilton,/H/HamiDo00.htm,DT,0,3,2014,False
Justin Hamilton,/H/HamiJu00.htm,DT,0,2,2018,False
Keith Hamilton,/H/HamiKe20.htm,DT-DE,0,12,2003,False
Skip Hamilton,/H/HamiSk20.htm,DT,0,1,1987,False
Steve Hamilton,/H/HamiSt20.htm,DE-DT,0,4,1988,False
Wayne Hammond,/H/HammWa20.htm,DT,0,1,1976,False
Dan Hampton,/H/HampDa01.htm,DE-DT,1,12,1990,False
Casey Hampton,/H/HampCa00.htm,NT-DT,0,12,2012,False
Larry Hand,/H/HandLa20.htm,DE-DT,0,13,1977,False
Norman Hand,/H/HandNo20.htm,DT,0,9,2004,False
Johnathan Hankins,/H/HankJo00.htm,DT,0,7,2019,True
Dave Hanner,/H/HannDa00.htm,DT,0,13,1964,False
Craig Hanneman,/H/HannCr20.htm,DE-DT,0,4,1975,False
Roscoe Hansen,/H/HansRo21.htm,T-DT,0,1,1951,False
Dee Hardison,/H/HardDe21.htm,DE-DT-NT-DE,0,11,1988,False
Kevin Hardy,/H/HardKe20.htm,DT,0,5,1972,False
Robert Hardy,/H/HardRo21.htm,DT,0,4,1982,False
Javon Hargrave,/H/HargJa00.htm,DT,0,4,2019,True
Andy Harmon,/H/HarmAn20.htm,DT-DE,0,7,1997,False
Alan Harper,/H/HarpAl20.htm,DT,0,1,2004,False
Charlie Harper,/H/HarpCh20.htm,T-G-DT,0,7,1972,False
Justin Harrell,/H/HarrJu99.htm,DT,0,4,2010,False
DaJohn Harris,/H/HarrDa02.htm,DT,0,1,2012,False
Jim Harris,/H/HarrJi21.htm,DT,0,3,1967,False
Orien Harris,/H/HarrOr20.htm,DT,0,4,2009,False
Richard Harris,/H/HarrRi21.htm,DE-DT,0,7,1977,False
Ra'Shon Harris,/H/HarrRa99.htm,DT,0,1,2009,False
Robert Harris,/H/HarrRo20.htm,DT-DE,0,8,1999,False
Roy Harris,/H/HarrRo22.htm,DE-DT,0,4,1987,False
Steven Harris,/H/HarrSt99.htm,DT,0,1,2007,False
Tommie Harris,/H/HarrTo99.htm,DT,0,8,2011,False
Damon Harrison,/H/HarrDa03.htm,DT,0,8,2019,True
Marcus Harrison,/H/HarrMa98.htm,DT,0,3,2010,False
Nolan Harrison,/H/HarrNo20.htm,DE-DT,0,10,2000,False
Roy Hart,/H/HartRo20.htm,NT-DT,0,3,1991,False
Waddey Harvey,/H/HarvWa20.htm,DT,0,2,1970,False
George Hasenohrl,/H/HaseGe20.htm,DT,0,1,1974,False
Harald Hasselbach,/H/HassHa20.htm,DE-DT,0,7,2000,False
Johnny Hatley,/H/HatlJo20.htm,G-DT,0,8,1960,False
Rickey Hatley,/H/HatlRi00.htm,DT,0,1,2017,False
Art Hauser,/H/HausAr20.htm,DT-T-G,0,8,1961,False
Dave Haverdick,/H/HaveDa20.htm,DT,0,1,1970,False
Ricky Havill-Heimuli,/H/HaviRi00.htm,DT,0,1,2014,False
Bill Hawkins,/H/HawkBi20.htm,DE-DT,0,4,1992,False
Anttaj Hawthorne,/H/HawtAn20.htm,DT,0,2,2006,False
Nick Hayden,/H/HaydNi99.htm,DT,0,8,2015,False
Eric Hayes,/H/HayeEr20.htm,DT-DE-NT,0,4,1993,False
Jim Hayes,/H/HayeJi20.htm,DT-DE,0,2,1966,False
Raymond Hayes,/H/HayeRa20.htm,DT,0,1,1968,False
Albert Haynesworth,/H/HaynAl20.htm,DT,0,10,2011,False
Ted Hazelwood,/H/HazeTe20.htm,T-DT,0,5,1953,False
Don Healy,/H/HealDo20.htm,DT-G,0,5,1962,False
Kellen Heard,/H/HearKe00.htm,DT,0,2,2012,False
Joel Heath,/H/HeatJo00.htm,DT,0,4,2019,True
Bruce Hector,/H/HectBr00.htm,DT,0,2,2019,True
Bob Heinz,/H/HeinBo21.htm,DT-DE,0,10,1978,False
Jerry Helluin,/H/HellJe20.htm,DT,0,9,1960,False
John Henderson,/H/HendJo99.htm,DT,0,10,2011,False
Mario Henderson,/H/HendMa21.htm,DT,0,4,2010,False
Bob Hendren,/H/HendBo20.htm,T-DT-DE,0,3,1951,False
Dwayne Hendricks,/H/HendDw00.htm,DT,0,1,2011,False
Karl Henke,/H/HenkKa20.htm,DE-DT,0,2,1969,False
Chad Hennings,/H/HennCh20.htm,DT-DE,0,9,2000,False
Urban Henry,/H/HenrUr20.htm,DT,0,4,1964,False
Willie Henry,/H/HenrWi00.htm,DT,0,2,2018,False
Bill Herchman,/H/HercBi20.htm,DT,0,7,1962,False
Fred Heron,/H/HeroFr20.htm,DT-DE,0,7,1972,False
Treyvon Hester,/H/HestTr00.htm,DT,0,3,2019,True
Brandon Hicks,/H/HickBr20.htm,DT,0,1,2003,False
Tom Higgins,/H/HiggTo20.htm,T-G-DT,0,3,1955,False
B.J. Hill,/H/HillB.00.htm,DT,0,2,2019,True
Charles Hill,/H/HillCh20.htm,DT,0,1,2002,False
Jordan Hill,/H/HillJo01.htm,DT,0,4,2016,False
Sammie Lee Hill,/H/HillSa99.htm,DT,0,7,2015,False
Stan Hindman,/H/HindSt20.htm,DE-DT,0,9,1974,False
George Hinkle,/H/HinkGe20.htm,DE-NT-DT,0,6,1993,False
Chuck Hinton,/H/HintCh20.htm,DT,0,9,1972,False
Nate Hobgood-Chittick,/H/HobgNa20.htm,DT,0,4,2002,False
Chris Hoke,/H/HokeCh20.htm,NT-DT,0,8,2011,False
Darius Holland,/H/HollDa20.htm,DT,0,10,2004,False
Vonnie Holliday,/H/HollVo20.htm,DE-DT,0,15,2012,False
Willie Holman,/H/HolmWi20.htm,DE-DT,0,6,1973,False
Ernie Holmes,/H/HolmEr20.htm,DT-NT,0,7,1978,False
Pat Holmes,/H/HolmPa00.htm,DE-DT,0,8,1973,False
Bernard Holsey,/H/HolsBe20.htm,DT-DE,0,8,2003,False
Pierce Holt,/H/HoltPi00.htm,DE-DT,0,8,1995,False
Gordy Holz,/H/HolzGo20.htm,DT-T,0,5,1964,False
Evander Hood,/H/HoodEv99.htm,DT,0,10,2018,False
Larry Horton,/H/HortLa20.htm,DE-DT,0,1,1972,False
Bob Hoskins,/H/HoskBo20.htm,DT-G,0,6,1975,False
Lamarr Houston,/H/HousLa99.htm,DT,0,8,2017,False
Chris Hovan,/H/HovaCh20.htm,DT,0,10,2009,False
Billy Howard,/H/HowaBi20.htm,DE-DT,0,3,1976,False
Brian Howard,/H/HowaBr20.htm,DT,0,2,2005,False
Erik Howard,/H/HowaEr00.htm,NT-DT-DE,0,11,1996,False
Jaye Howard,/H/HowaJa00.htm,DT,0,5,2016,False
Lane Howell,/H/HoweLa20.htm,T-DT,0,7,1969,False
Bill Hudson,/H/HudsBi00.htm,DT,0,3,1963,False
Albert Huggins,/H/HuggAl01.htm,DT,0,1,2019,True
John Hughes,/H/HughJo00.htm,DT,0,6,2017,False
Montori Hughes,/H/HughMo00.htm,DT,0,4,2016,False
Don Hultz,/H/HultDo20.htm,DE-DT,0,12,1974,False
George Hultz,/H/HultGe20.htm,DT,0,1,1962,False
Cletidus Hunt,/H/HuntCl20.htm,DT-DE,0,6,2004,False
Jim Lee Hunt,/H/HuntJi00.htm,DT-DE,0,11,1970,False
Kevin Huntley,/H/HuntKe21.htm,DT,0,2,2007,False
Maurice Hurst,/H/HursMa00.htm,DT,0,2,2019,True
Ed Husmann,/H/HusmEd00.htm,DT-G-DE-LB,0,13,1965,False
Gaylon Hyder,/H/HydeGa20.htm,DT,0,2,2000,False
Kerry Hyder,/H/HydeKe01.htm,DT,0,6,2019,True
Israel Idonije,/I/IdonIs20.htm,DT,0,10,2013,False
Mekeli Ieremia,/I/IereMe20.htm,DT,0,1,1978,False
Ike Igbinosun,/I/IgbiIk00.htm,DT,0,3,2014,False
Martin Imhof,/I/ImhoMa20.htm,DE-DT,0,5,1976,False
Jerry Inman,/I/InmaJe20.htm,DT,0,8,1973,False
Junior Ioane,/I/IoanJu20.htm,DT,0,5,2005,False
Matthew Ioannidis,/I/IoanMa01.htm,DT,0,4,2019,True
Corvey Irvin,/I/IrviCo99.htm,DT,0,4,2013,False
Jabari Issa,/I/IssaJa20.htm,DE-DT,0,2,2001,False
Travis Ivey,/I/IveyTr00.htm,DT,0,1,2010,False
Joey Ivie,/I/IvieJo00.htm,DT,0,1,2019,True
Grady Jackson,/J/JackGr20.htm,DT,0,13,2009,False
Joey Jackson,/J/JackJo21.htm,DE-DT,0,6,1977,False
Malik Jackson,/J/JackMa02.htm,DT,0,8,2019,True
T.J. Jackson,/J/JackTo20.htm,DT,0,3,2008,False
Tyoka Jackson,/J/JackTy20.htm,DE-DT,0,13,2006,False
Proverb Jacobs,/J/JacoPr20.htm,T-DT,0,7,1964,False
Ray Jacobs,/J/JacoRa20.htm,DT-DE,0,7,1969,False
Larry Jacobson,/J/JacoLa20.htm,DT-DE,0,3,1974,False
Harry Jagielski,/J/JagiHa20.htm,DT-T,0,6,1961,False
Larry Jameson,/J/JameLa20.htm,DT,0,1,1976,False
Chuck Janerette,/J/JaneCh20.htm,DT-T-G,0,6,1965,False
Mike Jarmoluk,/J/JarmMi00.htm,DT-T-MG,0,10,1955,False
Grady Jarrett,/J/JarrGr00.htm,DT,0,5,2019,True
Tyrique Jarrett,/J/JarrTy00.htm,DT,0,1,2017,False
Curt Jarvis,/J/JarvCu20.htm,NT-DE-DT,0,4,1990,False
Ed Jasper,/J/JaspEd20.htm,DT-NT,0,9,2005,False
Ricky Jean-Francois,/J/JeanRi99.htm,DT,0,10,2018,False
Jason Jefferson,/J/JeffJa21.htm,DT,0,4,2008,False
Quinton Jefferson,/J/JeffQu00.htm,DT,0,4,2019,True
Al Jenkins,/J/JenkAl20.htm,G-T-DE-DT,0,5,1973,False
Cullen Jenkins,/J/JenkCu20.htm,DT,0,13,2016,False
John Jenkins,/J/JenkJo00.htm,DT,0,7,2019,True
Kris Jenkins,/J/JenkKr00.htm,DT,0,10,2010,False
Walt Jenkins,/J/JenkWa20.htm,DE-DT,0,1,1955,False
Timmy Jernigan,/J/JernTi00.htm,DT,0,6,2019,True
Tony Jerod-Eddie,/J/JeroTo00.htm,DT,0,5,2016,False
Peria Jerry,/J/JerrPe99.htm,DT,0,5,2013,False
Gary Jeter,/J/JeteGa20.htm,DE-DT,0,13,1989,False
Tommy Jeter,/J/JeteTo20.htm,DT,0,5,1996,False
Antonio Johnson,/J/JohnAn03.htm,DT,0,6,2013,False
Anthony Johnson,/J/JohnAn04.htm,DT,0,4,2017,False
Austin Johnson,/J/JohnAu01.htm,DT,0,4,2019,True
Bill Johnson,/J/JohnBi22.htm,DT-DE,0,8,1999,False
Charles Johnson,/J/JohnCh21.htm,NT-DT,0,5,1983,False
Charlie Johnson,/J/JohnCh22.htm,DT,0,3,1968,False
Chuck Johnson,/J/JohnCh27.htm,DT,0,1,1993,False
Dennis Johnson,/J/JohnDe23.htm,DE-DT,0,5,1978,False
Edward Johnson,/J/JohnEd99.htm,DT,0,4,2010,False
Ellis Johnson,/J/JohnEl20.htm,DT-DE,0,10,2004,False
Gary Johnson,/J/JohnGa00.htm,DT-DE-NT,0,11,1985,False
Greg Johnson,/J/JohnGr20.htm,DT-NT-DE,0,1,1977,False
Jaleel Johnson,/J/JohnJa09.htm,DT,0,3,2019,True
Jerry Johnson,/J/JohnJe21.htm,DT,0,1,2001,False
John Johnson,/J/JohnJo21.htm,DT,0,7,1969,False
Kamal Johnson,/J/JohnKa00.htm,DT,0,1,2014,False
Ken Johnson,/J/JohnKe24.htm,DE-DT,0,7,1977,False
Kevin Johnson,/J/JohnKe28.htm,DT,0,3,1997,False
Mario Johnson,/J/JohnMa21.htm,DT-G,0,2,1993,False
Nate Johnson,/J/JohnNa20.htm,T-DT,0,5,1950,False
Spencer Johnson,/J/JohnSp20.htm,DT,0,9,2012,False
Tank Johnson,/J/JohnTa20.htm,DT,0,7,2010,False
Thomas Johnson,/J/JohnTh20.htm,DT-DE,0,5,2009,False
Tim Johnson,/J/JohnTi20.htm,DT-DE,0,10,1996,False
Toby Johnson,/J/JohnTo02.htm,DT,0,1,2016,False
Tom Johnson,/J/JohnTo21.htm,DT,0,1,1952,False
Tom Johnson,/J/JohnTo01.htm,DT,0,8,2018,False
Travis Johnson,/J/JohnTr20.htm,DT,0,6,2010,False
Walt Johnson,/J/JohnWa20.htm,DT,0,1,1987,False
Walter Johnson,/J/JohnWa00.htm,DT,0,13,1977,False
Johnny Jolly,/J/JollJo20.htm,DT,0,8,2013,False
Abry Jones,/J/JoneAb00.htm,DT,0,7,2019,True
Aki Jones,/J/JoneAk20.htm,DE-DT,0,1,2005,False
Arthur Jones,/J/JoneAr22.htm,DT,0,8,2017,False
Chris Jones,/J/JoneCh04.htm,DT,0,4,2016,False
Chris Jones,/J/JoneCh09.htm,DT,0,4,2019,True
Cody Jones,/J/JoneCo00.htm,DT-DE,0,9,1982,False
D.J. Jones,/J/JoneD.01.htm,DT,0,3,2019,True
DaQuan Jones,/J/JoneDa04.htm,DT,0,6,2019,True
Derrick Jones,/J/JoneDe20.htm,DT-DE,0,1,2007,False
Ernest Jones,/J/JoneEr20.htm,DT-DE,0,5,1999,False
James Jones,/J/JoneJa20.htm,DT-NT,0,10,2000,False
Jason Jones,/J/JoneJa99.htm,DT,0,9,2016,False
Jerry Jones,/J/JoneJe23.htm,T-DE-DT,0,4,1969,False
Jimmie Jones,/J/JoneJi22.htm,DT-DE,0,8,1997,False
Justin Jones,/J/JoneJu03.htm,DT,0,2,2019,True
Marcus Jones,/J/JoneMa20.htm,DE-DT,0,6,2001,False
Marlon Jones,/J/JoneMa21.htm,DE-DT,0,3,1989,False
Nazair Jones,/J/JoneNa00.htm,DT,0,2,2018,True
Stan Jones,/J/JoneSt01.htm,G-DT-T,1,13,1966,False
Terry Jones,/J/JoneTe21.htm,NT-DT,0,7,1984,False
Willie Jones,/J/JoneWi20.htm,DT-DE,0,5,1971,False
Henry Jordan,/J/JordHe00.htm,DT-DE,1,13,1969,False
Omari Jordan,/J/JordOm20.htm,DT,0,1,2004,False
Joe Joseph,/J/JoseJo21.htm,DT,0,1,2010,False
Linval Joseph,/J/JoseLi99.htm,DT,0,10,2019,True
Sebastian Joseph,/J/JoseSe00.htm,DT,0,1,2019,True
William Joseph,/J/JoseWi20.htm,DT,0,7,2009,False
Bob Joswick,/J/JoswBo20.htm,DE-DT,0,2,1969,False
Don Joyce,/J/JoycDo00.htm,DE-DT,0,12,1962,False
John Jurkovic,/J/JurkJo20.htm,DT-NT,0,9,1999,False
Mike Kadish,/K/KadiMi20.htm,DT-NT,0,9,1981,False
Bob Kampa,/K/KampBo20.htm,DT,0,2,1974,False
Aaron Kampman,/K/KampAa99.htm,DE-DT,0,10,2011,False
Jim Kanicki,/K/KaniJi20.htm,DT,0,9,1971,False
John Kapele,/K/KapeJo20.htm,DE-DT-T,0,3,1962,False
Alex Karras,/K/KarrAl00.htm,DT,0,13,1970,False
Lou Karras,/K/KarrLo20.htm,DT,0,3,1952,False
Ted Karras,/K/KarrTe21.htm,DT,0,1,1987,False
Jim Katcavage,/K/KatcJi00.htm,DE-DT,0,13,1968,False
Joe Katchik,/K/KatcJo20.htm,DT,0,1,1960,False
Steve Kaufusi,/K/KaufSt20.htm,DE-DT,0,2,1990,False
Frank Kearse,/K/KearFr00.htm,DT,0,5,2015,False
Tom Keating,/K/KeatTo00.htm,DT,0,12,1975,False
Bill Keating,/K/KeatBi20.htm,DT-G,0,2,1967,False
Brad Keeney,/K/KeenBr20.htm,DT,0,1,1996,False
Louie Kelcher,/K/KelcLo00.htm,DT-NT,0,10,1984,False
Wade Keliikipi,/K/KeliWa00.htm,DT,0,1,2014,False
Ethan Kelley,/K/KellEt20.htm,DT,0,4,2007,False
Kevin Kellin,/K/KellKe21.htm,DT,0,3,1988,False
Bob Kelly,/K/KellBo23.htm,T-DT,0,8,1968,False
Tommy Kelly,/K/KellTo21.htm,DE-DT,0,11,2014,False
Ma'ake Kemoeatu,/K/KemoMa20.htm,DT,0,11,2012,False
Matt Keneley,/K/KeneMa20.htm,DT,0,1,1999,False
John Kenerson,/K/KeneJo20.htm,DE-DT,0,3,1962,False
Cortez Kennedy,/K/KennCo00.htm,DT,1,11,2000,False
Jimmy Kennedy,/K/KennJi21.htm,DT,0,9,2011,False
Marcus Keyes,/K/KeyeMa20.htm,DT,0,1,1996,False
Ed Khayat,/K/KhayEd20.htm,DT-DE-T,0,10,1966,False
Bob Kilcullen,/K/KilcBo20.htm,DT-DE-T,0,10,1966,False
Darius Kilgo,/K/KilgDa01.htm,DT,0,4,2018,True
Cedric Killings,/K/KillCe20.htm,DT,0,8,2007,False
Bucko Kilroy,/K/KilrBu00.htm,G-MG-T-DT,0,13,1955,False
J.D. Kimmel,/K/KimmJ.20.htm,DT,0,4,1958,False
Bill Kindricks,/K/KindBi20.htm,DT,0,1,1968,False
Don King,/K/KingDo20.htm,DE-DT,0,7,1960,False
Mitch King,/K/KingMi99.htm,DT,0,2,2011,False
Jon Kirksey,/K/KirkJo20.htm,DT,0,1,1996,False
Travis Kirschke,/K/KirsTr20.htm,DT-DE,0,13,2009,False
John Kissell,/K/KissJo20.htm,DT-T,0,9,1956,False
Dan Klecko,/K/KlecDa20.htm,DT,0,6,2008,False
Joe Klecko,/K/KlecJo00.htm,DT-NT-DE,0,12,1988,False
Dick Klein,/K/KleiDi00.htm,T-DT,0,7,1964,False
Chuck Klingbeil,/K/KlinCh20.htm,DT-NT,0,5,1995,False
Terrance Knighton,/K/KnigTe99.htm,DT,0,7,2015,False
Markus Koch,/K/KochMa20.htm,DE-DT,0,6,1991,False
Pete Koch,/K/KochPe20.htm,NT-DE-DT,0,6,1989,False
Kris Kocurek,/K/KocuKr20.htm,DT,0,1,2001,False
Bill Kollar,/K/KollBi20.htm,DE-NT-DT,0,8,1981,False
Ross Kolodziej,/K/KoloRo20.htm,DT,0,7,2007,False
John Kompara,/K/KompJo20.htm,DT,0,1,1960,False
Ken Kortas,/K/KortKe20.htm,DT,0,6,1969,False
Kelvin Korver,/K/KorvKe20.htm,DT,0,3,1975,False
Ron Kostelnik,/K/KostRo20.htm,DT,0,9,1969,False
Dave Kraayeveld,/K/KraaDa20.htm,DE-DT,0,1,1978,False
Greg Kragen,/K/KragGr00.htm,NT-DT,0,13,1997,False
Jim Krahl,/K/KrahJi20.htm,DT,0,3,1980,False
John Kreamcheck,/K/KreaJo20.htm,DT,0,3,1955,False
Matt Kroul,/K/KrouMa00.htm,DT,0,1,2010,False
Ray Krouse,/K/KrouRa00.htm,DT-DE-T,0,10,1960,False
Charlie Krueger,/K/KrueCh00.htm,DT-DE,0,15,1973,False
Rolf Krueger,/K/KrueRo20.htm,DE-DT,0,6,1974,False
Tim Krumrie,/K/KrumTi00.htm,NT-DT,0,12,1994,False
Joe Krupa,/K/KrupJo00.htm,DT,0,9,1964,False
Bob Kuberski,/K/KubeBo20.htm,DT,0,5,1999,False
Ryan Kuehl,/K/KuehRy20.htm,DT,0,11,2006,False
Markus Kuhn,/K/KuhnMa00.htm,DT,0,4,2015,False
Matt LaBounty,/L/LaBoMa20.htm,DE-DT,0,9,2001,False
Ernie Ladd,/L/LaddEr00.htm,DT,0,8,1968,False
Tron LaFavor,/L/LaFaTr20.htm,DT,0,1,2003,False
Roger LaLonde,/L/LaLoRo20.htm,DT,0,2,1965,False
Roland Lakes,/L/LakeRo20.htm,DT-DE-T-DT,0,11,1971,False
Roland Lakes,/L/LakeRo20.htm,DT-DE-T-DT,0,11,1971,False
DaVonte Lambert,/L/LambDa01.htm,DT,0,1,2016,False
Mike Lambrecht,/L/LambMi20.htm,DT,0,3,1989,False
Kevin Landolt,/L/LandKe20.htm,DT,0,1,1999,False
Derek Landri,/L/LandDe99.htm,DT,0,7,2013,False
Kenard Lang,/L/LangKe20.htm,DE-DT-LB,0,10,2006,False
Myron Lapka,/L/LapkMy20.htm,NT-DE-DT,0,4,1983,False
Leif Larsen,/L/LarsLe20.htm,DT,0,2,2001,False
Gary Larsen,/L/LarsGa00.htm,DT,0,11,1974,False
Ike Lassiter,/L/LassIk00.htm,DE-DT,0,10,1971,False
Darius Latham,/L/LathDa01.htm,DT,0,2,2017,False
Chad Lavalais,/L/LavaCh20.htm,DT,0,2,2005,False
Don Lawrence,/L/LawrDo20.htm,DT-T-G,0,3,1961,False
Trevor Laws,/L/LawsTr99.htm,DT,0,5,2012,False
Pete Lazetich,/L/LazePe20.htm,DE-LB-DT-NT,0,6,1977,False
Paul Lea,/L/LeaxPa20.htm,DT-T,0,1,1951,False
Jeremiah Ledbetter,/L/LedbJe00.htm,DT,0,2,2018,True
James Lee,/L/LeexJa21.htm,DT,0,1,2004,False
Shawn Lee,/L/LeexSh20.htm,DT-NT-DE,0,11,1998,False
Willie Lee,/L/LeexWi20.htm,DT,0,2,1977,False
Max Leetzow,/L/LeetMa20.htm,DE-DT,0,2,1966,False
Earl Leggett,/L/LeggEa20.htm,DT-DE,0,12,1968,False
Lance Legree,/L/LeGrLa20.htm,DT-DE,0,6,2006,False
Rodney Leisle,/L/LeisRo20.htm,DT,0,6,2009,False
Greg Lens,/L/LensGr20.htm,DT,0,2,1971,False
Louis Leonard,/L/LeonLo99.htm,DT,0,4,2010,False
Matt Leonard,/L/LeonMa20.htm,DT,0,1,2003,False
Emarlos Leroy,/L/LeroEm20.htm,DT,0,2,2000,False
Leon Lett,/L/LettLe00.htm,DT-DE,0,11,2001,False
Damione Lewis,/L/LewiDa20.htm,DT,0,10,2010,False
Joe Lewis,/L/LewiJo20.htm,DT,0,5,1962,False
Jonathan Lewis,/L/LewiJo22.htm,DT,0,1,2006,False
Mike Lewis,/L/LewiMi20.htm,DT-DE-NT,0,10,1980,False
Trey Lewis,/L/LewiTr99.htm,DT,0,4,2010,False
Dave Liddick,/L/LiddDa20.htm,DT,0,2,1958,False
Bob Liggett,/L/LiggBo20.htm,DT,0,1,1970,False
Alva Liles,/L/LileAl20.htm,NT-DT,0,1,1980,False
Kevin Lilly,/L/LillKe20.htm,DE-NT-DT,0,2,1989,False
Bob Lilly,/L/LillBo00.htm,DT-DE,1,14,1974,False
Paul Lindquist,/L/LindPa20.htm,DT,0,1,1961,False
Bill Line,/L/LineBi20.htm,DT,0,1,1972,False
Jim Lipinski,/L/LipiJi20.htm,T-DT,0,1,1950,False
Paul Lipscomb,/L/LipsPa00.htm,T-DT,0,10,1954,False
Gene Lipscomb,/L/LipsGe00.htm,DT,0,10,1962,False
John Little,/L/LittJo20.htm,DT-DE-NT,0,8,1977,False
Corey Liuget,/L/LiugCo00.htm,DT,0,9,2019,True
Mike Lodish,/L/LodiMi20.htm,NT-DT-DE,0,11,2000,False
Bennie Logan,/L/LogaBe00.htm,DT,0,6,2018,False
Dick Logan,/L/LogaDi20.htm,G-DT,0,2,1953,False
Ernie Logan,/L/LogaEr20.htm,NT-DE-DT,0,10,2000,False
John Lohmeyer,/L/LohmJo20.htm,DT-DE,0,5,1977,False
Derek Lokey,/L/LokeDe20.htm,DT,0,2,2009,False
Mark Lomas,/L/LomaMa20.htm,DE-DT,0,5,1974,False
Dave Long,/L/LongDa21.htm,DE-DT,0,7,1972,False
Jerome Long,/L/LongJe00.htm,DT,0,2,2013,False
Rien Long,/L/LongRi20.htm,DT,0,3,2005,False
Karl Lorch,/L/LorcKa20.htm,DE-DT,0,6,1981,False
Ed Lothamer,/L/LothEd20.htm,DT-DE,0,9,1972,False
Star Lotulelei,/L/LotuSt00.htm,DT,0,7,2019,True
Kyle Love,/L/LoveKy00.htm,DT,0,10,2019,True
John LoVetere,/L/LoVeJo01.htm,DT,0,7,1965,False
Al Lucas,/L/LucaAl20.htm,DT,0,2,2001,False
Bill Lucky,/L/LuckBi20.htm,DT,0,1,1955,False
Ricky Lumpkin,/L/LumpRi00.htm,DT,0,3,2014,False
Dave Lunceford,/L/LuncDa20.htm,T-DT,0,1,1957,False
Mel Lunsford,/L/LunsMe20.htm,DE-DT-NT,0,8,1980,False
Bob Lurtsema,/L/LurtBo20.htm,DT-DE,0,11,1977,False
Billy Lyon,/L/LyonBi20.htm,DE-DT,0,6,2003,False
Marty Lyons,/L/LyonMa20.htm,DE-DT-NT,0,11,1989,False
Corey Mace,/M/MaceCo00.htm,DT,0,2,2009,False
Isaiah Mack,/M/MackIs00.htm,DT,0,1,2019,True
John Maczuzak,/M/MaczJo20.htm,DT,0,1,1964,False
Anthony Maddox,/M/MaddAn20.htm,DT,0,4,2007,False
Bob Maddox,/M/MaddBo21.htm,DT-DE,0,3,1976,False
Lynn Madsen,/M/MadsLy20.htm,DT,0,1,1986,False
Alex Magee,/M/MageAl99.htm,DT,0,2,2010,False
Jesse Mahelona,/M/MaheJe20.htm,DT,0,2,2007,False
Gil Mains,/M/MainGi20.htm,DT-DE,0,9,1961,False
Fran Mallick,/M/MallFr20.htm,DE-DT,0,1,1965,False
John Mangum,/M/MangJo20.htm,DT,0,2,1967,False
Jason Maniecki,/M/ManiJa20.htm,DT,0,3,1998,False
James Manley,/M/ManlJa21.htm,DT,0,1,1996,False
Rosie Manning,/M/MannRo20.htm,DT,0,4,1975,False
Ray Mansfield,/M/MansRa20.htm,C-DT-LB,0,14,1976,False
Gino Marchetti,/M/MarcGi00.htm,DE-T-DT,1,15,1966,False
Greg Marderian,/M/MardGr20.htm,DT,0,1,1976,False
Sen'Derrick Marks,/M/MarkSe99.htm,DT,0,8,2016,False
Bud Marshall,/M/MarsBu20.htm,DT-DE,0,4,1968,False
Greg Marshall,/M/MarsGr20.htm,DT,0,1,1978,False
Keyonta Marshall,/M/MarsKe20.htm,DT,0,1,2005,False
Leonard Marshall,/M/MarsLe00.htm,DE-DT,0,12,1994,False
Tank Marshall,/M/MarsTa20.htm,DT,0,1,1977,False
Harvey Martin,/M/MartHa00.htm,DE-DT,0,11,1983,False
Mike Martin,/M/MartMi01.htm,DT,0,4,2015,False
Larry Martin,/M/MartLa20.htm,DT,0,1,1966,False
Steve Martin,/M/MartSt21.htm,DT-NT,0,9,2004,False
Vaughn Martin,/M/MartVa99.htm,DT,0,5,2013,False
Wayne Martin,/M/MartWa00.htm,DE-DT,0,11,1999,False
John Martinkovic,/M/MartJo00.htm,DE-DT,0,7,1957,False
Russell Maryland,/M/MaryRu00.htm,DT,0,10,2000,False
Matthew Masifilo,/M/MasiMa00.htm,DT,0,4,2015,False
Ricardo Mathews,/M/MathRi99.htm,DT,0,7,2016,False
Clay Matthews,/M/MattCl20.htm,DE-T-DT,0,6,1955,False
John Mattox,/M/MattJo21.htm,T-DT,0,1,1961,False
John Matuszak,/M/MatuJo20.htm,DE-DT,0,9,1981,False
Chris Maumalanga,/M/MaumCh20.htm,DT,0,3,1996,False
Viliami Maumau,/M/MaumVi20.htm,DT,0,1,1999,False
Curtis Maxey,/M/MaxeCu20.htm,DE-DT,0,2,1989,False
Ben Mayes,/M/MayeBe20.htm,DE-DT,0,1,1969,False
Corey Mayfield,/M/MayfCo20.htm,DT,0,4,1995,False
Jerry Mays,/M/MaysJe00.htm,DE-DT,0,10,1970,False
Stafford Mays,/M/MaysSt20.htm,DE-DT-NT,0,9,1988,False
Bob McAdams,/M/McAdBo20.htm,DT,0,2,1964,False
Carl McAdams,/M/McAdCa20.htm,DT-LB-DE,0,3,1969,False
Ryan McBean,/M/McBeRy99.htm,DT,0,6,2012,False
Mike McBath,/M/McBaMi20.htm,DE-DT-T,0,5,1972,False
Turk McBride,/M/McBrTu99.htm,DT,0,6,2012,False
Tim McCann,/M/McCaTi20.htm,DT,0,1,1969,False
John McCargo,/M/McCaJo22.htm,DT,0,6,2011,False
Matt McChesney,/M/McChMa20.htm,DT,0,4,2008,False
Norris McCleary,/M/McClNo20.htm,DT,0,2,2001,False
Willie McClung,/M/McClWi20.htm,T-DT,0,7,1961,False
Bubba McCollum,/M/McCoBu20.htm,DT,0,1,1974,False
Darris McCord,/M/McCoDa00.htm,DE-DT-T,0,13,1967,False
Hurvin McCormack,/M/McCoHu20.htm,DT,0,6,1999,False
Mike McCormack,/M/McCoMi00.htm,T-DG-DT,1,12,1962,False
Gerald McCoy,/M/McCoGe99.htm,DT,0,10,2019,True
Mike McCoy,/M/McCoMi21.htm,DT-NT,0,11,1980,False
Tony McCoy,/M/McCoTo22.htm,DT-NT,0,9,2000,False
Daniel McCullers,/M/McCuDa00.htm,DT,0,6,2019,True
Tony McDaniel,/M/McDaTo20.htm,DT,0,12,2017,False
Lloyd McDermott,/M/McDeLl20.htm,DT,0,2,1951,False
Ron McDole,/M/McDoRo00.htm,DE-DT,0,18,1978,False
Clinton McDonald,/M/McDoCl99.htm,DT,0,10,2019,True
Bud McFadin,/M/McFaBu00.htm,DT-DG-LB-G,0,14,1965,False
Anthony McFarland,/M/McFaAn20.htm,DT,0,8,2006,False
Clarence McGeary,/M/McGeCl20.htm,DT,0,1,1950,False
Ben McGee,/M/McGeBe00.htm,DE-DT,0,9,1972,False
Stacy McGee,/M/McGeSt01.htm,DT,0,7,2019,True
Tony McGee,/M/McGeTo20.htm,DE-DT,0,14,1984,False
T.Y. McGill,/M/McGiT.00.htm,DT,0,5,2019,True
Chester McGlockton,/M/McGlCh00.htm,DT-DE,0,12,2003,False
Thurman McGraw,/M/McGrTh00.htm,DT-T,0,5,1954,False
Reggie McGrew,/M/McGrRe20.htm,DT,0,3,2002,False
R.J. McIntosh,/M/McInR.00.htm,DT,0,2,2019,True
Alvin McKinley,/M/McKiAl20.htm,DE-DT,0,8,2007,False
Brandon McKinney,/M/McKiBr20.htm,DT,0,7,2012,False
Steve McLendon,/M/McLeSt00.htm,DT,0,10,2019,True
Herb McMath,/M/McMaHe20.htm,DT-DE,0,2,1977,False
Steve McMichael,/M/McMiSt00.htm,DT-NT,0,15,1994,False
Henry McMillian,/M/McMiHe20.htm,DT,0,2,1996,False
Chuck McMurtry,/M/McMuCh00.htm,DT,0,4,1963,False
Ed McQuarters,/M/McQuEd20.htm,DT,0,1,1965,False
Frank McRae,/M/McRaFr20.htm,DT,0,1,1967,False
Jamie Meder,/M/MedeJa00.htm,DT,0,6,2019,True
Brandon Mebane,/M/MebaBr99.htm,DT,0,13,2019,True
Rob Meier,/M/MeieRo20.htm,DE-DT,0,9,2008,False
John Mellekas,/M/MellJo20.htm,C-DT-T,0,8,1963,False
John Mendenhall,/M/MendJo20.htm,DT-NT,0,9,1980,False
Giradie Mercer,/M/MercGi20.htm,DT,0,1,2002,False
Dudley Meredith,/M/MereDu20.htm,DT,0,6,1968,False
Mike Mergen,/M/MergMi20.htm,T-DT,0,1,1952,False
Casey Merrill,/M/MerrCa20.htm,DE-DT,0,8,1986,False
Jeff Merrow,/M/MerrJe20.htm,DE-DT-LB,0,9,1983,False
Scott Mersereau,/M/MersSc20.htm,DT-NT-DE,0,7,1993,False
Jerry Meyers,/M/MeyeJe20.htm,DE-DT,0,5,1980,False
John Meyers,/M/MeyeJo21.htm,DT,0,6,1967,False
Keith Millard,/M/MillKe00.htm,DT-NT-DE,0,9,1993,False
Bill Miller,/M/MillBi20.htm,DT,0,1,1962,False
Bob Miller,/M/MillBo20.htm,DT-T,0,7,1958,False
Calvin Miller,/M/MillCa21.htm,NT-DT-DE,0,2,1980,False
Fred Miller,/M/MillFr00.htm,DT,0,10,1972,False
Jordan Miller,/M/MillJo01.htm,DT,0,2,2013,False
Johnny Miller,/M/MillJo23.htm,T-DT-DE,0,5,1960,False
Les Miller,/M/MillLe20.htm,NT-DE-DT,0,12,1998,False
Roy Miller,/M/MillRo99.htm,DT,0,9,2017,False
Shawn Miller,/M/MillSh20.htm,DE-NT-DT,0,6,1989,False
Chris Mims,/M/MimsCh20.htm,DE-DT,0,8,1999,False
Zach Minter,/M/MintZa00.htm,DT,0,1,2013,False
Rex Mirich,/M/MiriRe20.htm,DT-DE,0,7,1970,False
Brandon Mitchell,/M/MitcBr20.htm,DE-DT,0,8,2004,False
Earl Mitchell,/M/MitcEa99.htm,DT,0,9,2018,False
Jim Mitchell,/M/MitcJi20.htm,DE-DT,0,8,1977,False
Paul Mitchell,/M/MitcPa20.htm,DT-T,0,6,1951,False
Matt Mitrione,/M/MitrMa20.htm,DT,0,1,2002,False
Fili Moala,/M/MoalFi99.htm,DT,0,6,2014,False
Dick Modzelewski,/M/ModzDi00.htm,DT,0,14,1966,False
Mike Mohring,/M/MohrMi20.htm,DT,0,5,2001,False
Fred Molden,/M/MoldFr21.htm,DT,0,1,1987,False
Frank Molden,/M/MoldFr20.htm,DT,0,5,1969,False
Mario Monds,/M/MondMa20.htm,DT,0,4,2004,False
Bryan Mone,/M/MoneBr00.htm,DT,0,1,2019,True
Glenn Montgomery,/M/MontGl20.htm,DT,0,8,1996,False
Mike Montgomery,/M/MontMi20.htm,DT,0,6,2010,False
Doug Mooers,/M/MooeDo20.htm,DT-DE,0,2,1972,False
Arthur Moore,/M/MoorAr20.htm,NT-DT,0,5,1977,False
Denis Moore,/M/MoorDe21.htm,DT-DE,0,4,1970,False
Derland Moore,/M/MoorDe22.htm,DT-NT-DE,0,14,1986,False
Dre Moore,/M/MoorDr99.htm,DT,0,1,2009,False
Fred Moore,/M/MoorFr20.htm,DT-DE,0,3,1966,False
Langston Moore,/M/MoorLa20.htm,DT,0,5,2008,False
Maulty Moore,/M/MoorMa24.htm,DT,0,5,1976,False
Randy Moore,/M/MoorRa20.htm,DT,0,1,1976,False
Rashad Moore,/M/MoorRa21.htm,DT,0,5,2007,False
Rich Moore,/M/MoorRi20.htm,DT,0,2,1970,False
Ron Moore,/M/MoorRo22.htm,DT,0,1,2001,False
Kindal Moorehead,/M/MoorKi20.htm,DT,0,6,2008,False
Tim Morabito,/M/MoraTi20.htm,DT-NT,0,5,2000,False
Jim Moran,/M/MoraJi21.htm,DT,0,4,1967,False
Bob Morgan,/M/MorgBo20.htm,DT,0,1,1954,False
Dwaine Morris,/M/MorrDw20.htm,NT-DT,0,3,1987,False
Ron Morrison,/M/MorrRo21.htm,DT,0,1,1960,False
C.J. Mosley,/M/MoslC.20.htm,DT,0,11,2015,False
Mike Moten,/M/MoteMi20.htm,DT,0,1,1998,False
George Mrkonic,/M/MrkoGe20.htm,T-DT,0,1,1953,False
Daniel Muir,/M/MuirDa20.htm,DT,0,7,2013,False
Dennis Murphy,/M/MurpDe20.htm,DT,0,1,1965,False
Phil Murphy,/M/MurpPh20.htm,DT,0,2,1981,False
Spain Musgrove,/M/MusgSp20.htm,DE-DT,0,4,1970,False
Bob Myers,/M/MyerBo20.htm,DT,0,1,1955,False
Michael Myers,/M/MyerMi20.htm,DT-DE,0,10,2007,False
Ross Nagel,/N/NageRo20.htm,DT-T,0,10,1951,False
Walter Napier,/N/NapiWa20.htm,DT,0,2,1961,False
Joe Nash,/N/NashJo00.htm,NT-DT,0,15,1996,False
Richard Neal,/N/NealRi20.htm,DE-DT,0,10,1978,False
Andre Neblett,/N/NeblAn00.htm,DT,0,4,2013,False
Kenny Neil,/N/NeilKe20.htm,DE-DT,0,7,1987,False
Bill Nelson,/N/NelsBi20.htm,DT,0,5,1975,False
Edmund Nelson,/N/NelsEd20.htm,DE-NT-DT,0,7,1988,False
Robert Nelson,/N/NelsRo20.htm,C-T-DT-LB,0,10,1950,False
Robert Newkirk,/N/NewkRo20.htm,DT,0,3,2001,False
Billy Newsome,/N/NewsBi20.htm,DE-DT,0,8,1977,False
Tim Newton,/N/NewtTi20.htm,DT-NT,0,9,1993,False
Haloti Ngata,/N/NgatHa20.htm,DT,0,13,2018,False
Bilal Nichols,/N/NichBi00.htm,DT,0,2,2019,True
Gerald Nichols,/N/NichGe20.htm,DT-NT-DE,0,7,1993,False
Steve Niehaus,/N/NiehSt20.htm,DT-DE,0,4,1979,False
Laurie Niemi,/N/NiemLa00.htm,T-DT,0,5,1953,False
Louis Nix,/N/NixILo00.htm,DT,0,2,2015,False
John Nix,/N/NixxJo20.htm,DT,0,4,2004,False
Robert Nkemdiche,/N/NkemRo00.htm,DT,0,4,2019,True
Derrick Nnadi,/N/NnadDe00.htm,DT,0,2,2019,True
Brandon Noble,/N/NoblBr20.htm,DT,0,6,2004,False
Al Noga,/N/NogaAl20.htm,DE-DT,0,7,1994,False
Leo Nomellini,/N/NomeLe00.htm,DT-T,1,14,1963,False
Tom Nomina,/N/NomiTo20.htm,DT-G,0,6,1968,False
Danny Noonan,/N/NoonDa20.htm,DT-DE,0,6,1992,False
Jim Norman,/N/NormJi20.htm,DT-T,0,1,1955,False
Jon Norris,/N/NorrJo20.htm,DE-DT,0,1,1987,False
Jim Norris,/N/NorrJi20.htm,DT-T,0,3,1964,False
Jim Norton,/N/NortJi21.htm,DE-DT-T-E,0,6,1970,False
Ken Novak,/N/NovaKe20.htm,DT,0,2,1977,False
Drew Nowak,/N/NowaDr00.htm,DT,0,4,2015,False
Gary Nowak,/N/NowaGa20.htm,DT,0,1,1971,False
Julian Nunamaker,/N/NunaJu20.htm,DE-DT,0,2,1970,False
Rakeem Nunez-Roches,/N/NuneRa00.htm,DT,0,5,2019,True
Ogemdi Nwagbuo,/N/NwagOg00.htm,DT,0,4,2012,False
Dave O'Brien,/O/OBriDa20.htm,T-DT-G,0,5,1967,False
Don Oakes,/O/OakeDo00.htm,T-DT,0,8,1968,False
Carleton Oats,/O/OatsCa20.htm,DT-DE,0,9,1973,False
Sammy Odom,/O/OdomSa20.htm,DT,0,1,1964,False
Jared Odrick,/O/OdriJa99.htm,DT,0,7,2016,False
Alfred Oglesby,/O/OgleAl20.htm,NT-DE-DT,0,6,1995,False
Paul Oglesby,/O/OglePa20.htm,T-DT,0,1,1960,False
Larry Ogunjobi,/O/OgunLa00.htm,DT,0,3,2019,True
Pat Ogrin,/O/OgriPa20.htm,DT,0,2,1982,False
Frank Okam,/O/OkamFr99.htm,DT,0,4,2011,False
Steve Okoniewski,/O/OkonSt20.htm,DT-DE,0,6,1977,False
Amobi Okoye,/O/OkoyAm99.htm,DT,0,8,2014,False
Hans Olsen,/O/OlseHa20.htm,DT,0,1,2001,False
Merlin Olsen,/O/OlseMe00.htm,DT,1,15,1976,False
Phil Olsen,/O/OlsePh20.htm,DT-C,0,6,1976,False
Igor Olshansky,/O/OlshIg20.htm,DE-DT,0,8,2011,False
David Onyemata,/O/OnyeDa00.htm,DT,0,4,2019,True
Leon Orr,/O/OrrxLe00.htm,DT,0,2,2016,False
Herb Orvis,/O/OrviHe20.htm,DT-DE,0,10,1981,False
Chuck Osborne,/O/OsboCh20.htm,DT,0,4,1999,False
Jim Osborne,/O/OsboJi20.htm,DT,0,13,1984,False
Babatunde Oshinowo,/O/OshiBa20.htm,DT,0,2,2007,False
Dan Owens,/O/OwenDa20.htm,DE-DT-NT,0,10,1999,False
Don Owens,/O/OwenDo20.htm,DT-T,0,7,1963,False
Jeff Owens,/O/OwenJe20.htm,DT,0,1,2010,False
Luke Owens,/O/OwenLu20.htm,DE-DT-T,0,9,1965,False
Rich Owens,/O/OwenRi20.htm,DE-DT,0,8,2002,False
Stephen Paea,/P/PaeaSt00.htm,DT,0,7,2017,False
Alan Page,/P/PageAl00.htm,DT,1,15,1981,False
Chase Page,/P/PageCh99.htm,DT,0,1,2007,False
Tenny Palepoi,/P/PaleTe00.htm,DT,0,4,2017,False
Derrell Palmer,/P/PalmDe20.htm,DT-T,0,8,1953,False
Emile Palmer,/P/PalmEm20.htm,DT,0,1,1996,False
Scott Palmer,/P/PalmSc20.htm,DT,0,2,1972,False
Tom Palmer,/P/PalmTo20.htm,DT,0,2,1954,False
Ben Paolucci,/P/PaolBe20.htm,DT,0,1,1959,False
Frank Parker,/P/ParkFr20.htm,DT,0,8,1969,False
Martin Parker,/P/ParkMa00.htm,DT,0,1,2012,False
Riddick Parker,/P/ParkRi21.htm,DT-DE,0,7,2003,False
Willie Parker,/P/ParkWi21.htm,DT,0,4,1970,False
J'Vonne Parker,/P/ParkJV20.htm,DT,0,4,2008,False
John Parrella,/P/ParrJo20.htm,DT,0,12,2004,False
Ty Parten,/P/PartTy20.htm,DE-DT,0,8,2000,False
Tony Pasquesi,/P/PasqTo20.htm,DT-MG-LB,0,3,1957,False
Mike Patterson,/P/PattMi20.htm,DT,0,10,2014,False
Jerry Patton,/P/PattJe20.htm,DT,0,5,1975,False
Scott Paxson,/P/PaxsSc20.htm,DT,0,4,2011,False
Da'Ron Payne,/P/PaynDa00.htm,DT,0,2,2019,True
Seth Payne,/P/PaynSe20.htm,DT-NT,0,10,2006,False
Dave Pear,/P/PearDa00.htm,NT-DT,0,6,1980,False
Domata Peko,/P/PekoDo20.htm,DT,0,14,2019,True
Kyle Peko,/P/PekoKy00.htm,DT,0,4,2019,True
Joe Pellegrini,/P/PellJo20.htm,DT-NT,0,2,1979,False
Jeris Pendleton,/P/PendJe00.htm,DT,0,3,2014,False
Mike Pennel,/P/PennMi00.htm,DT,0,6,2019,True
Gene Pepper,/P/PeppGe20.htm,G-T-DT-LB,0,5,1954,False
Gerry Perry,/P/PerrGe21.htm,T-DT-DE-G,0,9,1962,False
Michael Dean Perry,/P/PerrMi00.htm,DT-DE,0,10,1997,False
William Perry,/P/PerrWi20.htm,DT-DE,0,10,1994,False
Lawrence Pete,/P/PeteLa20.htm,NT-DT,0,5,1993,False
Christian Peter,/P/PeteCh20.htm,DT,0,6,2002,False
Anton Peters,/P/PeteAn20.htm,DT,0,1,1963,False
Corey Peters,/P/PeteCo00.htm,DT,0,10,2019,True
Floyd Peters,/P/PeteFl00.htm,DT,0,12,1970,False
Volney Peters,/P/PeteVo00.htm,DT-T-DE,0,10,1961,False
Jerry Peterson,/P/PeteJe20.htm,DT,0,1,1956,False
Kenny Peterson,/P/PeteKe21.htm,DT-DE,0,7,2009,False
George Petrovich,/P/PetrGe20.htm,G-T-DT,0,2,1950,False
Gary Pettigrew,/P/PettGa20.htm,DT-DE,0,9,1974,False
Harrison Phillips,/P/PhilHa00.htm,DT,0,2,2019,True
Ed Philion,/P/PhilEd20.htm,DT,0,2,1995,False
Joe Phillips,/P/PhilJo20.htm,NT-DT-DE,0,14,1999,False
Jordan Phillips,/P/PhilJo01.htm,DT,0,5,2019,True
Roy Philon,/P/PhilRo01.htm,DT,0,1,2014,False
Darius Philon,/P/PhilDa01.htm,DT,0,4,2018,False
Bill Pickel,/P/PickBi20.htm,NT-DT-DE,0,12,1994,False
Ryan Pickett,/P/PickRy20.htm,DT,0,14,2014,False
Michael Pierce,/P/PierMi00.htm,DT,0,4,2019,True
Olsen Pierre,/P/PierOl00.htm,DT,0,3,2019,True
Jim Pietrzak,/P/PietJi20.htm,C-DT-T,0,14,1987,False
Chris Pike,/P/PikeCh20.htm,DT,0,3,1991,False
Lawrence Pillers,/P/PillLa20.htm,DE-DT-NT,0,10,1985,False
Cleveland Pinkney,/P/PinkCl20.htm,DT,0,4,2006,False
Quinn Pitcock,/P/PitcQu99.htm,DT,0,1,2007,False
Jamiyus Pittman,/P/PittJa00.htm,DT,0,1,2018,True
Mike Pitts,/P/PittMi20.htm,DT-DE,0,12,1994,False
Anthony Pleasant,/P/PleaAn20.htm,DE-DT,0,14,2003,False
Kurt Ploeger,/P/PloeKu20.htm,DE-DT,0,2,1987,False
Dontari Poe,/P/PoexDo00.htm,DT,0,8,2019,True
Bob Pollard,/P/PollBo20.htm,DE-DT,0,11,1981,False
David Ponder,/P/PondDa20.htm,DT,0,1,1985,False
Monsanto Pope,/P/PopeMo20.htm,DT,0,4,2005,False
Robert Porcher,/P/PorcRo00.htm,DE-DT,0,12,2003,False
Sione Pouha,/P/PouhSi20.htm,DT,0,8,2012,False
Carlton Powell,/P/PoweCa98.htm,DT,0,1,2011,False
John Prchlik,/P/PrchJo20.htm,DT-T,0,5,1953,False
DeMario Pressley,/P/PresDe99.htm,DT,0,3,2011,False
Jim Prestel,/P/PresJi20.htm,DT,0,8,1967,False
Brian Price,/P/PricBr00.htm,DT,0,3,2018,True
Brian Price,/P/PricBr99.htm,DT,0,3,2012,False
Elex Price,/P/PricEl20.htm,DT,0,8,1980,False
Shawn Price,/P/PricSh20.htm,DE-DT,0,10,2002,False
Kelvin Pritchett,/P/PritKe20.htm,DT-DE,0,14,2004,False
Bryan Proby,/P/ProbBr20.htm,DT,0,1,1995,False
Andrew Provence,/P/ProvAn20.htm,DT-DE,0,5,1987,False
Remi Prudhomme,/P/PrudRe20.htm,C-DE-G-DT,0,7,1972,False
Trevor Pryce,/P/PrycTr00.htm,DT-DE,0,14,2010,False
Myron Pryor,/P/PryoMy99.htm,DT,0,4,2012,False
David Pugh,/P/PughDa20.htm,DT,0,1,2002,False
Jethro Pugh,/P/PughJe20.htm,DT-DE,0,14,1978,False
Mike Purcell,/P/PurcMi00.htm,DT,0,6,2019,True
Dave Pureifory,/P/PureDa20.htm,DE-DT,0,11,1982,False
Dave Purling,/P/PurlDa20.htm,DT,0,1,1987,False
Andre Purvis,/P/PurvAn20.htm,DT,0,3,1999,False
Rollin Putzier,/P/PutzRo20.htm,DT-NT,0,2,1989,False
George Pyne,/P/PyneGe21.htm,DT,0,1,1965,False
Elijah Qualls,/Q/QualEl00.htm,DT,0,1,2017,False
Kelcy Quarles,/Q/QuarKe01.htm,DT,0,1,2014,False
Charley Quilter,/Q/QuilCh20.htm,T-DT,0,2,1950,False
B.J. Raji,/R/RajiBJ99.htm,DT,0,7,2015,False
Dan Ralph,/R/RalpDa20.htm,DT,0,1,1984,False
Mike Raines,/R/RainMi20.htm,DT-DE,0,1,1974,False
LaJuan Ramsey,/R/RamsLa20.htm,DT,0,4,2009,False
Dennis Randall,/R/RandDe20.htm,DE-DT,0,2,1968,False
Kheeston Randall,/R/RandKh00.htm,DT,0,1,2012,False
John Randle,/R/RandJo00.htm,DT-DE,1,14,2003,False
Sheldon Rankins,/R/RankSh00.htm,DT,0,4,2019,True
Derrick Ransom,/R/RansDe20.htm,DT,0,7,2004,False
Thomas Rayam,/R/RayaTh20.htm,G-DT,0,2,1993,False
Sam Rayburn,/R/RaybSa20.htm,DT,0,4,2006,False
D.J. Reader,/R/ReadD.00.htm,DT,0,4,2019,True
Montae Reagor,/R/ReagMo20.htm,DT,0,9,2007,False
Doug Reed,/R/ReedDo20.htm,DE-DT,0,7,1990,False
Jarran Reed,/R/ReedJa02.htm,DT,0,4,2019,True
James Reed,/R/ReedJa21.htm,DT,0,7,2007,False
Albert Reese,/R/ReesAl20.htm,DT,0,1,1997,False
Archie Reese,/R/ReesAr20.htm,DE-NT-DT,0,6,1983,False
Allen Reese,/R/ReesAl21.htm,DT,0,1,2003,False
Guy Reese,/R/ReesGu20.htm,DT,0,5,1966,False
Don Reese,/R/ReesDo20.htm,DT-DE,0,8,1981,False
Micanor Regis,/R/RegiMi00.htm,DT,0,3,2014,False
Caraun Reid,/R/ReidCa00.htm,DT,0,6,2019,True
Mike Reid,/R/ReidMi00.htm,DT,0,5,1974,False
Leonard Renfro,/R/RenfLe20.htm,DT,0,2,1994,False
Will Renfro,/R/RenfWi20.htm,DT-DE-T,0,5,1961,False
Mike Rengel,/R/RengMi20.htm,DT,0,1,1969,False
Justin Renfrow,/R/RenfJu00.htm,DT,0,1,2014,False
Glenn Ressler,/R/RessGl20.htm,G-C-T-DT,0,10,1974,False
Adam Replogle,/R/ReplAd00.htm,DT,0,1,2014,False
Kendall Reyes,/R/ReyeKe00.htm,DT,0,5,2016,False
Leonta Rheams,/R/RheaLe20.htm,DT,0,1,1998,False
Jim Ricca,/R/RiccJi20.htm,MG-T-G-DT,0,6,1956,False
Andy Rice,/R/RiceAn20.htm,DT,0,8,1973,False
George Rice,/R/RiceGe20.htm,DT,0,4,1969,False
Bobby Richards,/R/RichBo20.htm,DE-DT,0,6,1967,False
Bobby Richardson,/R/RichBo00.htm,DT,0,1,2015,False
John Richardson,/R/RichJo20.htm,DT,0,7,1973,False
Jess Richardson,/R/RichJe01.htm,DT,0,12,1964,False
Sheldon Richardson,/R/RichSh00.htm,DT,0,7,2019,True
Houston Ridge,/R/RidgHo20.htm,DE-DT,0,4,1969,False
Hassan Ridgeway,/R/RidgHa00.htm,DT,0,4,2019,True
Joe Righetti,/R/RighJo20.htm,DT,0,2,1970,False
Fred Robbins,/R/RobbFr20.htm,DT,0,12,2011,False
Austin Robbins,/R/RobbAu20.htm,DT,0,7,2000,False
Dewayne Robertson,/R/RobeDe20.htm,DT,0,6,2008,False
Travian Robertson,/R/RobeTr00.htm,DT,0,3,2014,False
Tyrone Robertson,/R/RobeTy20.htm,DT,0,1,2001,False
A'Shawn Robinson,/R/RobiAS00.htm,DT,0,4,2019,True
Bryan Robinson,/R/RobiBr20.htm,DT-DE,0,14,2010,False
DelJuan Robinson,/R/RobiDe22.htm,DT,0,2,2009,False
Gerald Robinson,/R/RobiGe20.htm,DE-DT,0,9,1994,False
Paul Rochester,/R/RochPa00.htm,DT,0,10,1969,False
Walt Rock,/R/RockWa00.htm,T-DT,0,11,1973,False
David Rocker,/R/RockDa20.htm,DT,0,4,1994,False
Tracy Rocker,/R/RockTr20.htm,DT,0,2,1990,False
Tyrone Rodgers,/R/RodgTy20.htm,DT,0,3,1994,False
Dan Rogas,/R/RogaDa20.htm,G-DT-T,0,2,1952,False
Shaun Rogers,/R/RogeSh99.htm,DT,0,13,2013,False
Dave Roller,/R/RollDa20.htm,DT,0,10,1980,False
Dario Romero,/R/RomeDa20.htm,DT,0,2,2004,False
Hatch Rosdahl,/R/RosdHa20.htm,DE-DT,0,3,1966,False
Daniel Ross,/R/RossDa02.htm,DT,0,2,2018,True
Jay Ross,/R/RossJa00.htm,DT,0,2,2013,False
Tim Rother,/R/RothTi20.htm,DT,0,2,1990,False
Dave Rowe,/R/RoweDa20.htm,DT-NT,0,12,1978,False
Bob Rowe,/R/RoweBo00.htm,DT-DE,0,9,1975,False
Eugene Rowell,/R/RoweEu21.htm,DT,0,1,1987,False
Orpheus Roye,/R/RoyeOr20.htm,DT-DE,0,13,2008,False
Karl Rubke,/R/RubkKa20.htm,LB-C-DT-DE,0,12,1968,False
Keith Rucker,/R/RuckKe20.htm,DT-NT,0,6,1997,False
Ben Rudolph,/R/RudoBe20.htm,DT-DE,0,6,1986,False
Howie Ruetz,/R/RuetHo20.htm,DT,0,3,1953,False
Jerry Rush,/R/RushJe20.htm,DT,0,7,1971,False
Pat Russ,/R/RussPa20.htm,DT,0,1,1963,False
Darrell Russell,/R/RussDa00.htm,DT-DE,0,7,2003,False
Joe Rutgens,/R/RutgJo00.htm,DT,0,9,1969,False
Clifton Ryan,/R/RyanCl99.htm,DT,0,4,2010,False
Steve Ruzich,/R/RuziSt20.htm,G-LB-T-DT,0,3,1954,False
Tim Ryan,/R/RyanTi20.htm,DE-DT,0,4,1993,False
Ron Rydalch,/R/RydaRo20.htm,DT,0,6,1980,False
Lou Rymkus,/R/RymkLo20.htm,T-DT,0,9,1951,False
Bill Sabatino,/S/SabaBi20.htm,DT,0,2,1969,False
Rod Saddler,/S/SaddRo20.htm,DT-DE,0,5,1991,False
Jimmy Saddler-McQueen,/S/SaddJi20.htm,DT,0,3,2012,False
Pio Sagapolutele,/S/SagaPi20.htm,DT-DE,0,7,1997,False
Tony Sagnella,/S/SagnTo20.htm,DT,0,1,1987,False
Tom Saidock,/S/SaidTo20.htm,DT,0,6,1962,False
Abdul Salaam,/S/SalaAb20.htm,DT-NT-DE,0,8,1983,False
Joe Salave'a,/S/SalaJo20.htm,DT,0,9,2006,False
Dan Saleaumua,/S/SaleDa00.htm,DT-NT-DE,0,12,1998,False
Greg Sampson,/S/SampGr20.htm,T-DT-DE,0,7,1978,False
Michael Samson,/S/SamsMi20.htm,DT,0,1,1996,False
Carl Samuelson,/S/SamuCa20.htm,DT-T,0,4,1951,False
Bill Sandeman,/S/SandBi20.htm,T-DT,0,8,1973,False
Bill Sandifer,/S/SandBi21.htm,DT-DE,0,5,1978,False
Terdell Sands,/S/SandTe20.htm,DT,0,7,2009,False
John Sandusky,/S/SandJo22.htm,T-DT,0,7,1956,False
Lauvale Sape,/S/SapeLa20.htm,DT,0,3,2005,False
Dan Sartin,/S/SartDa20.htm,DT,0,1,1969,False
Warren Sapp,/S/SappWa00.htm,DT,1,13,2007,False
Don Sasa,/S/SasaDo20.htm,DT,0,4,1998,False
Khalen Saunders,/S/SaunKh00.htm,DT\n,0,1,2019,True
Noel Scarlett,/S/ScarNo20.htm,DT,0,1,2000,False
Brian Schaefering,/S/SchaBr00.htm,DT,0,4,2012,False
John Schlecht,/S/SchlJo20.htm,DT,0,1,2001,False
Henry Schmidt,/S/SchmHe00.htm,DT-E,0,8,1966,False
Joe Schmiesing,/S/SchmJo21.htm,DE-DT,0,7,1974,False
Kona Schwenke,/S/SchwKo00.htm,DT,0,1,2014,False
Brad Scioli,/S/ScioBr20.htm,DE-DT,0,6,2004,False
Darell Scott,/S/ScotDo99.htm,DT,0,3,2011,False
DeQuincy Scott,/S/ScotDe20.htm,DT,0,5,2006,False
Ian Scott,/S/ScotIa20.htm,DT,0,7,2009,False
Jack Scott,/S/ScotJa20.htm,DT,0,2,1961,False
Colin Scotts,/S/ScotCo20.htm,DT,0,1,1987,False
George Seals,/S/SealGe20.htm,G-DT-T,0,10,1973,False
Vic Sears,/S/SearVi20.htm,T-DT,0,13,1953,False
Jonas Seawright,/S/SeawJo20.htm,DT,0,1,2006,False
Lee Roy Selmon,/S/SelmLe00.htm,DE-DT,1,9,1984,False
Dewey Selmon,/S/SelmDe20.htm,LB-DT,0,7,1982,False
Deadrin Senat,/S/SenaDe00.htm,DT,0,2,2019,True
Tom Sestak,/S/SestTo00.htm,DT,0,7,1968,False
Tim Settle,/S/SettTi00.htm,DT,0,2,2019,True
Jeff Sevy,/S/SevyJe20.htm,T-G-DT-DE,0,6,1980,False
Richard Seymour,/S/SeymRi00.htm,DE-DT,0,12,2012,False
John Shannon,/S/ShanJo20.htm,DT-DE,0,2,1989,False
Montique Sharpe,/S/SharMo20.htm,DT,0,1,2003,False
Josh Shaw,/S/ShawJo20.htm,DT,0,7,2008,False
Jerry Shay,/S/ShayJe20.htm,DT,0,6,1971,False
Brad Shearer,/S/SheaBr20.htm,DT,0,4,1981,False
Danny Shelton,/S/ShelDa01.htm,DT,0,5,2019,True
Nathan Shepherd,/S/ShepNa00.htm,DT,0,2,2019,True
Malcolm Sheppard,/S/ShepMa00.htm,DT,0,2,2011,False
Jerry Sherk,/S/SherJe00.htm,DT-DE-NT,0,12,1981,False
Jason Shirley,/S/ShirJa99.htm,DT,0,4,2011,False
George Shirkey,/S/ShirGe20.htm,DT,0,3,1962,False
Kawann Short,/S/ShorKa00.htm,DT,0,7,2019,True
Peter Shorts,/S/ShorPe20.htm,DT,0,1,1989,False
Darrell Shropshire,/S/ShroDa20.htm,DT,0,2,2006,False
Junior Siavii,/S/SiavJu20.htm,DT,0,7,2010,False
Chuck Sieminski,/S/SiemCh20.htm,DT,0,6,1968,False
Sam Silas,/S/SilaSa00.htm,DT,0,8,1970,False
Dan Sileo,/S/SileDa20.htm,DT,0,1,1987,False
Sealver Siliga,/S/SiliSe00.htm,DT,0,6,2017,False
Arnie Simkus,/S/SimkAr20.htm,DE-DT,0,3,1967,False
Clyde Simmons,/S/SimmCl00.htm,DE-DT,0,15,2000,False
Terrance Simmons,/S/SimmTe20.htm,DT,0,1,2002,False
Corey Simon,/S/SimoCo00.htm,DT,0,8,2007,False
Keith Simons,/S/SimoKe20.htm,DT-NT,0,4,1979,False
Antoine Simpson,/S/SimpAn20.htm,DT,0,2,2000,False
Carl Simpson,/S/SimpCa20.htm,DT,0,6,1998,False
Mickey Sims,/S/SimsMi20.htm,DT-NT,0,3,1979,False
Pat Sims,/S/SimsPa99.htm,DT,0,10,2017,False
Ryan Sims,/S/SimsRy20.htm,DT,0,9,2010,False
Tom Sims,/S/SimsTo20.htm,DT-NT,0,4,1994,False
Reggie Singletary,/S/SingRe20.htm,G-T-DT,0,5,1990,False
Tony Siragusa,/S/SiraTo20.htm,DT-NT,0,12,2001,False
Manny Sistrunk,/S/SistMa20.htm,DT-DE,0,10,1979,False
Otis Sistrunk,/S/SistOt00.htm,DT-DE-NT,0,7,1978,False
Deyon Sizer,/S/SizeDe00.htm,DT,0,1,2019,True
Mike Siwek,/S/SiweMi20.htm,DT,0,1,1970,False
Henry Slay,/S/SlayHe20.htm,DT,0,1,1998,False
Jeremy Slechta,/S/SlecJe20.htm,DT,0,2,2003,False
Richard Sligh,/S/SligRi20.htm,DT,0,1,1967,False
Bonnie Sloan,/S/SloaBo20.htm,DT,0,1,1973,False
John Small,/S/SmalJo20.htm,DT-LB,0,5,1974,False
Tanzel Smart,/S/SmarTa00.htm,DT,0,3,2019,True
Fred Smerlas,/S/SmerFr00.htm,NT-DT,0,14,1992,False
Don Smerek,/S/SmerDo20.htm,DT-DE,0,7,1987,False
Billy Ray Smith,/S/SmitBi23.htm,DT-DE,0,14,1970,False
Brian Smith,/S/SmitBr23.htm,LB-DT,0,2,1990,False
Bubba Smith,/S/SmitBu00.htm,DE-DT,0,10,1976,False
Byron Smith,/S/SmitBy20.htm,DE-DT,0,2,1985,False
D'Anthony Smith,/S/SmitDA99.htm,DT,0,4,2015,False
Don Smith,/S/SmitDo22.htm,NT-DE-DT,0,9,1987,False
Doug Smith,/S/SmitDo25.htm,NT-DT,0,8,1992,False
Garrison Smith,/S/SmitGa01.htm,DT,0,5,2018,False
Hal Smith,/S/SmitHa20.htm,DT,0,2,1961,False
Jermaine Smith,/S/SmitJe24.htm,DT,0,3,1999,False
Kenny Smith,/S/SmitKe23.htm,DT-DE,0,9,2009,False
Larry Smith,/S/SmitLa22.htm,DT,0,6,2004,False
Le Kevin Smith,/S/SmitLe20.htm,DT,0,5,2010,False
Lyman Smith,/S/SmitLy20.htm,DT,0,1,1978,False
Mark Smith,/S/SmitMa20.htm,DT-DE,0,6,2002,False
Marty Smith,/S/SmitMa22.htm,DT-DE,0,1,1976,False
Paul Smith,/S/SmitPa01.htm,DT-DE,0,13,1980,False
Robaire Smith,/S/SmitRo21.htm,DE-DT,0,11,2010,False
Ron Smith,/S/SmitRo24.htm,DT,0,1,2002,False
Sean Smith,/S/SmitSe20.htm,DE-DT,0,3,1989,False
Shaun Smith,/S/SmitSh20.htm,DT,0,9,2012,False
Ron Snidow,/S/SnidRo20.htm,DE-DT,0,10,1972,False
Joe Soboleski,/S/SoboJo20.htm,G-T-DT,0,4,1952,False
Kristjan Sokoli,/S/SokoKr00.htm,DT,0,1,2015,False
Paul Soliai,/S/SoliPa99.htm,DT,0,10,2016,False
Isaac Sopoaga,/S/SopoIs20.htm,DT,0,9,2013,False
Jim Sorey,/S/SoreJi20.htm,DT,0,3,1962,False
Alonzo Spellman,/S/SpelAl20.htm,DE-DT,0,10,2001,False
Akeem Spence,/S/SpenAk00.htm,DT,0,7,2019,True
Joe Spencer,/S/SpenJo20.htm,T-DT,0,4,1951,False
Jack Spinks,/S/SpinJa20.htm,T-G-FB-DT,0,6,1957,False
Marc Spindler,/S/SpinMa20.htm,DE-NT-DT,0,9,1998,False
Marcus Spriggs,/S/SpriMa21.htm,DT,0,2,2000,False
Bill Staley,/S/StalBi20.htm,DT,0,5,1972,False
Don Stallings,/S/StalDo20.htm,DT-DE-T,0,1,1960,False
Dave Stalls,/S/StalDa20.htm,DE-DT-NT,0,9,1985,False
Taylor Stallworth,/S/StalTa00.htm,DT,0,2,2019,True
Israel Stanley,/S/StanIs20.htm,DT,0,1,1995,False
Montavious Stanley,/S/StanMo20.htm,DT,0,4,2009,False
Don Stansauk,/S/StanDo20.htm,DT-T,0,2,1951,False
Randy Starks,/S/StarRa20.htm,DT,0,12,2015,False
Jimmy Staten,/S/StatJi00.htm,DT,0,1,2014,False
Jim Staton,/S/StatJi20.htm,DT,0,1,1951,False
Ernie Stautner,/S/StauEr00.htm,DT-DE-G,1,14,1963,False
Glen Steele,/S/SteeGl20.htm,DT,0,6,2003,False
Mike Stensrud,/S/StenMi20.htm,NT-DE-DT,0,11,1989,False
Joe Stepanek,/S/StepJo20.htm,DT,0,1,1987,False
Shamar Stephen,/S/StepSh00.htm,DT,0,6,2019,True
Larry Stephens,/S/StepLa20.htm,DE-DT,0,8,1967,False
Daleroy Stewart,/S/StewDa20.htm,DT,0,2,2004,False
Grover Stewart,/S/StewGr00.htm,DT,0,3,2019,True
Jason Stewart,/S/StewJa21.htm,DT,0,1,2004,False
Walt Stickel,/S/SticWa20.htm,T-DT,0,6,1951,False
Devon Still,/S/StilDe00.htm,DT,0,5,2016,False
Roger Stillwell,/S/StilRo20.htm,DT-DE,0,3,1977,False
Carel Stith,/S/StitCa20.htm,DT-DE,0,3,1969,False
Jeff Stover,/S/StovJe20.htm,DE-DT,0,7,1988,False
Art Strahan,/S/StraAr20.htm,DT-DE,0,4,1968,False
Thomas Strauthers,/S/StraTh20.htm,DE-DT,0,9,1991,False
Kentavius Street,/S/StreKe00.htm,DT,0,1,2019,True
Kevin Strong,/S/StroKe00.htm,DT,0,1,2019,True
Marcus Stroud,/S/StroMa01.htm,DT,0,10,2010,False
George Strugar,/S/StruGe20.htm,DT,0,7,1963,False
Dana Stubblefield,/S/StubDa00.htm,DT,0,11,2003,False
Andy Stynchula,/S/StynAn20.htm,DE-DT,0,9,1968,False
Ndamukong Suh,/S/SuhxNd99.htm,DT,0,10,2019,True
Jim Sullivan,/S/SullJi20.htm,DT-DE,0,1,1970,False
Johnathan Sullivan,/S/SullJo23.htm,DT,0,3,2005,False
Doug Sutherland,/S/SuthDo21.htm,DT-G-DE,0,12,1981,False
Will Sutton,/S/SuttWi00.htm,DT,0,3,2016,False
Ricky Sutton,/S/SuttRi20.htm,DE-DT,0,1,1993,False
Eric Swann,/S/SwanEr00.htm,DT-DE,0,10,2000,False
Rashod Swinger,/S/SwinRa20.htm,DT-DE,0,3,1999,False
Clovis Swinney,/S/SwinCl20.htm,DT,0,2,1971,False
Len Szafaryn,/S/SzafLe20.htm,T-G-LB-DT,0,10,1958,False
Walt Szot,/S/SzotWa20.htm,DT-T,0,5,1950,False
Joe Szczecko,/S/SzczJo20.htm,DT,0,4,1969,False
Phil Tabor,/T/TaboPh20.htm,DE-NT-DT,0,4,1982,False
Alameda Ta'amu,/T/Ta'aAl00.htm,DT,0,3,2014,False
Diron Talbert,/T/TalbDi00.htm,DT-DE,0,14,1980,False
Kelly Talavou,/T/TalaKe00.htm,DT,0,1,2009,False
Barron Tanner,/T/TannBa20.htm,DT,0,7,2003,False
Maa Tanuvasa,/T/TanuMa20.htm,DE-DT,0,7,2001,False
Pasoni Tasini,/T/TasiPa00.htm,DT,0,1,2018,False
Bob Tatarek,/T/TataBo20.htm,DT,0,5,1972,False
Alphonso Taylor,/T/TaylAl20.htm,DT,0,1,1993,False
Bob Taylor,/T/TaylBo20.htm,DE-DT,0,2,1964,False
Eric Taylor,/T/TaylEr20.htm,DT,0,1,2005,False
Henry Taylor,/T/TaylHe20.htm,DT,0,4,2001,False
Jullian Taylor,/T/TaylJu00.htm,DT,0,2,2019,True
Leland Taylor,/T/TaylLe20.htm,DT,0,1,1997,False
Vincent Taylor,/T/TaylVi00.htm,DT,0,3,2019,True
Guy Teafatiller,/T/TeafGu20.htm,DT,0,1,1987,False
John Teerlinck,/T/TeerJo20.htm,DT,0,2,1975,False
Mike Teeter,/T/TeetMi20.htm,DE-DT,0,4,1994,False
Len Teeuws,/T/TeeuLe20.htm,DT-T,0,6,1957,False
Lance Teichelman,/T/TeicLa20.htm,DE-DT,0,1,1994,False
Craig Terrill,/T/TerrCr20.htm,DT,0,7,2010,False
Rick Terry,/T/TerrRi20.htm,DT,0,3,1999,False
Martin Tevaseu,/T/TevaMa00.htm,DT,0,2,2012,False
Cam Thomas,/T/ThomCa99.htm,DT,0,8,2017,False
Henry Thomas,/T/ThomHe00.htm,DT-NT,0,14,2000,False
Hollis Thomas,/T/ThomHo20.htm,DT,0,14,2009,False
Marcus Thomas,/T/ThomMa99.htm,DT,0,5,2011,False
Santonio Thomas,/T/ThomSa99.htm,DT,0,2,2008,False
Brandon Thompson,/T/ThomBr01.htm,DT,0,4,2015,False
Jim Thompson,/T/ThomJi22.htm,DT,0,1,1965,False
Mike Thompson,/T/ThomMi21.htm,DT,0,6,2000,False
Steve Thompson,/T/ThomSt22.htm,DT-DE,0,6,1973,False
Steve Thompson,/T/ThomSt23.htm,DT,0,1,1987,False
Art Thoms,/T/ThomAr21.htm,DT,0,9,1977,False
Bruce Thornton,/T/ThorBr20.htm,DE-DT,0,4,1982,False
Cedric Thornton,/T/ThorCe00.htm,DT,0,6,2017,False
George Thornton,/T/ThorGe20.htm,DT-DE-NT,0,3,1993,False
John Thornton,/T/ThorJo21.htm,DT,0,10,2008,False
Khyri Thornton,/T/ThorKh00.htm,DT,0,4,2017,False
John Thornton,/T/ThorJo22.htm,DT,0,1,1991,False
Mike Tilleman,/T/TillMi20.htm,DT,0,11,1976,False
Faddie Tillman,/T/TillFa20.htm,DT-DE,0,1,1972,False
Ken Times,/T/TimeKe20.htm,NT-DT,0,2,1981,False
Dave Tipton,/T/TiptDa20.htm,DE-DT,0,6,1976,False
David Tipton,/T/TiptDa21.htm,NT-DT,0,2,1976,False
Ricky Tjong-A-Tjoe,/T/TjonRi00.htm,DT,0,1,2014,False
Matt Toeaina,/T/ToeaMa99.htm,DT,0,6,2012,False
Dalvin Tomlinson,/T/TomlDa00.htm,DT,0,3,2019,True
Bob Toneff,/T/ToneBo00.htm,DT-DE-T-LB-G,0,13,1964,False
Ed Toner,/T/ToneEd20.htm,DT,0,3,1969,False
Charlie Toogood,/T/ToogCh20.htm,DT-T-G,0,7,1957,False
Anthony Toribio,/T/ToriAn20.htm,DT,0,5,2013,False
Mao Tosi,/T/TosiMa20.htm,DT-DE,0,2,2001,False
Willie Townes,/T/TownWi20.htm,DE-DT,0,5,1970,False
Jeremy Towns,/T/TownJe00.htm,DT,0,1,2014,False
Greg Townsend,/T/TownGr00.htm,DE-LB-DT-NT,0,15,1997,False
Orville Trask,/T/TrasOr20.htm,DT,0,3,1962,False
Keith Traylor,/T/TrayKe20.htm,LB-DT-NT,0,17,2007,False
Larry Tripplett,/T/TripLa20.htm,DT,0,6,2007,False
Torell Troup,/T/TrouTo00.htm,DT,0,3,2012,False
Esera Tuaolo,/T/TuaoEs20.htm,NT-DT,0,9,1999,False
Marcus Tubbs,/T/TubbMa20.htm,DT,0,3,2006,False
Manu Tuiasosopo,/T/TuiaMa20.htm,DT-NT-DE,0,8,1986,False
Tom Tuinei,/T/TuinTo20.htm,DT,0,1,1980,False
Mark Tuinei,/T/TuinMa00.htm,T-C-DT,0,15,1997,False
Jacob Tuioti-Mariner,/T/TuioJa00.htm,DT,0,1,2019,True
Will Tukuafu,/T/TukuWi00.htm,DT,0,6,2016,False
Stephon Tuitt,/T/TuitSt00.htm,DT,0,6,2019,True
Christian Tupou,/T/TupoCh00.htm,DT,0,2,2014,False
Josh Tupou,/T/TupoJo00.htm,DT,0,3,2019,True
Tani Tupou,/T/TupoTa01.htm,DT,0,2,2017,False
Jesse Turnbow,/T/TurnJe20.htm,DT,0,1,1978,False
Barry Turner,/T/TurnBa01.htm,DT,0,1,2010,False
Tank Tyler,/T/TyleTa99.htm,DT,0,3,2009,False
George Uko,/U/UkoxGe00.htm,DT,0,1,2014,False
Chuck Ulrich,/U/UlriCh20.htm,DT,0,5,1958,False
Mike Ulufale,/U/UlufMi20.htm,DT-DE,0,1,1996,False
Dimitrius Underwood,/U/UndeDi20.htm,DT,0,2,2001,False
Mitch Unrein,/U/UnreMi00.htm,DT,0,7,2017,False
Marvin Upshaw,/U/UpshMa20.htm,DE-DT,0,9,1976,False
Jim Urbanek,/U/UrbaJi20.htm,DT,0,1,1968,False
Destiny Vaeao,/V/VaeaDe01.htm,DT,0,3,2018,True
Vincent Valentine,/V/ValeVi00.htm,DT,0,3,2018,True
Eddie Vanderdoes,/V/VandEd00.htm,DT,0,3,2019,True
Vern Vanoy,/V/VanoVe20.htm,DT,0,3,1973,False
Ruben Vaughan,/V/VaugRu20.htm,DT-NT-DE,0,6,1984,False
Vita Vea,/V/VeaxVi00.htm,DT,0,2,2019,True
Craig Veasey,/V/VeasCr20.htm,DT,0,6,1995,False
Joe Vellano,/V/VellJo00.htm,DT,0,5,2017,False
Jimmy Verdon,/V/VerdJi20.htm,DT,0,1,2005,False
Kevin Vickerson,/V/VickKe99.htm,DT,0,8,2014,False
Ted Vincent,/V/VincTe20.htm,DT,0,3,1980,False
George Visger,/V/VisgGe20.htm,DT,0,1,1980,False
Carroll Vogelaar,/V/VogeCa20.htm,T-DT,0,4,1950,False
Bob Voight,/V/VoigBo20.htm,DT,0,1,1961,False
Lloyd Voss,/V/VossLl20.htm,DE-DT,0,9,1972,False
Kimo von Oelhoffen,/V/vonOKi20.htm,DE-NT-DT,0,14,2007,False
Henry Waechter,/W/WaecHe20.htm,DE-DT,0,6,1987,False
Jim Wahler,/W/WahlJi20.htm,NT-DT,0,5,1993,False
Rob Waldrop,/W/WaldRo20.htm,DT,0,1,1994,False
Mark Walen,/W/WaleMa20.htm,DT-DE,0,2,1988,False
Casey Walker,/W/WalkCa00.htm,DT,0,2,2015,False
Chuck Walker,/W/WalkCh00.htm,DT-DE,0,12,1975,False
Darwin Walker,/W/WalkDa21.htm,DT,0,9,2008,False
Gary Walker,/W/WalkGa00.htm,DT-DE,0,11,2005,False
Jimmy Walker,/W/WalkJi20.htm,DT,0,1,1987,False
John Walker,/W/WalkJo21.htm,NT-DT,0,1,1987,False
Rod Walker,/W/WalkRo21.htm,DT,0,3,2003,False
Vance Walker,/W/WalkVa99.htm,DT,0,7,2015,False
Leterrius Walton,/W/WaltLe00.htm,DT,0,4,2018,False
Paul Ward,/W/WardPa20.htm,DT-G,0,2,1962,False
Gerard Warren,/W/WarrGe20.htm,DT,0,11,2011,False
Steve Warren,/W/WarrSt20.htm,DT,0,3,2002,False
Ty Warren,/W/WarrTy20.htm,DE-DT,0,10,2012,False
Adolphus Washington,/W/WashAd00.htm,DT,0,3,2018,False
Ron Warzeka,/W/WarzRo20.htm,DT,0,1,1960,False
Clarence Washington,/W/WashCl20.htm,DT,0,2,1970,False
Fred Washington,/W/WashFr21.htm,DT,0,1,1990,False
Marvin Washington,/W/WashMa21.htm,DE-DT,0,11,1999,False
Russ Washington,/W/WashRu00.htm,T-DT,0,15,1982,False
Ted Washington,/W/WashTe01.htm,NT-DT,0,17,2007,False
Carlos Watkins,/W/WatkCa00.htm,DT,0,3,2019,True
Gabe Watson,/W/WatsGa20.htm,DT,0,5,2010,False
Randy Watts,/W/WattRa20.htm,DE-DT,0,1,1987,False
Jim Weatherall,/W/WeatJi00.htm,DT-T,0,6,1960,False
Jim Weatherwax,/W/WeatJi22.htm,DT,0,4,1969,False
Jimmy Webb,/W/WebbJi20.htm,DT-DE,0,7,1981,False
Larry Webster,/W/WebsLa20.htm,DT-DE,0,11,2002,False
Arnie Weinmeister,/W/WeinAr00.htm,DT-T,1,6,1953,False
Kent Wells,/W/WellKe20.htm,DT,0,1,1990,False
Mike Wells,/W/WellMi23.htm,DT,0,8,2001,False
Norm Wells,/W/WellNo20.htm,DT,0,1,1980,False
Jeff Weston,/W/WestJe21.htm,T-DT,0,4,1982,False
Chris Whaley,/W/WhalCh01.htm,DT,0,1,2014,False
Mark Wheeler,/W/WheeMa20.htm,DT-NT,0,8,1999,False
Brad White,/W/WhitBr20.htm,NT-DT,0,7,1987,False
Jim White,/W/WhitJi20.htm,T-DT,0,5,1950,False
James White,/W/WhitJa20.htm,DT-NT,0,8,1983,False
Jose White,/W/WhitJo20.htm,DT,0,2,1998,False
Mike White,/W/WhitMi20.htm,DT-DE-NT,0,4,1982,False
Randy White,/W/WhitRa00.htm,DT-LB-DE,1,14,1988,False
Reggie White,/W/WhitRe00.htm,DE-DT,1,16,2000,False
Reggie White,/W/WhitRe21.htm,NT-DT,0,4,1995,False
Willie Whitehead,/W/WhitWi23.htm,DE-DT,0,8,2006,False
Brandon Whiting,/W/WhitBr21.htm,DE-DT,0,7,2004,False
Wilson Whitley,/W/WhitWi24.htm,DT-NT,0,6,1982,False
Bernard Whittington,/W/WhitBe20.htm,DE-DT,0,9,2002,False
Corey Widmer,/W/WidmCo20.htm,LB-DT,0,8,1999,False
John Wilcox,/W/WilcJo20.htm,DT,0,1,1960,False
Bert Wilder,/W/WildBe20.htm,DE-DT,0,4,1967,False
Dick Wildung,/W/WildDi00.htm,T-DT-G,0,8,1953,False
Jack Wiley,/W/WileJa20.htm,T-DT,0,5,1950,False
Vince Wilfork,/W/WilfVi20.htm,NT-DT,0,13,2016,False
Muhammad Wilkerson,/W/WilkMu00.htm,DT,0,8,2018,False
Gabe Wilkins,/W/WilkGa20.htm,DE-DT,0,6,1999,False
Dan Wilkinson,/W/WilkDa22.htm,DT-DE,0,13,2006,False
Erwin Will,/W/WillEr20.htm,DT,0,1,1965,False
Ben Williams,/W/WillBe20.htm,DT,0,2,1999,False
Brandon Williams,/W/WillBr02.htm,DT,0,7,2019,True
Corey Williams,/W/WillCo21.htm,DT,0,9,2012,False
Dan Williams,/W/WillDa20.htm,DE-DT,0,8,2000,False
Dan Williams,/W/WillDa99.htm,DT,0,7,2016,False
Davern Williams,/W/WillDa22.htm,DT,0,1,2004,False
DeShawn Williams,/W/WillDe04.htm,DT,0,1,2016,False
Eric Williams,/W/WillEr21.htm,DE-DT-NT,0,10,1993,False
Fred Williams,/W/WillFr01.htm,DT-G,0,14,1965,False
George Williams,/W/WillGe21.htm,DT,0,3,2000,False
Gerald Williams,/W/WillGe22.htm,NT-DE-DT,0,12,1997,False
Ian Williams,/W/WillIa00.htm,DT,0,5,2015,False
Jamal Williams,/W/WillJa99.htm,DT-NT,0,13,2010,False
James Williams,/W/WillJa03.htm,T-DE-DT,0,12,2002,False
Josh Williams,/W/WillJo30.htm,DT,0,6,2005,False
Kevin Williams,/W/WillKe98.htm,DT-DE,0,13,2015,False
Kyle Williams,/W/WillKy20.htm,DT,0,13,2018,False
Leonard Williams,/W/WillLe02.htm,DT,0,5,2019,True
Lee Williams,/W/WillLe01.htm,DE-DT,0,10,1993,False
Nick Williams,/W/WillNi01.htm,DT,0,6,2019,True
Pat Williams,/W/WillPa20.htm,DT,0,14,2010,False
Roy Williams,/W/WillRo27.htm,DT,0,1,1963,False
Stephen Williams,/W/WillSt21.htm,DT,0,1,2006,False
Sylvester Williams,/W/WillSy00.htm,DT,0,7,2019,True
Toby Williams,/W/WillTo20.htm,NT-DE-DT,0,6,1988,False
Tom Williams,/W/WillTo22.htm,DT-DE,0,2,1971,False
Tony Williams,/W/WillTo23.htm,DT,0,8,2004,False
Xavier Williams,/W/WillXa00.htm,DT,0,5,2019,True
Gerald Willis,/W/WillGe02.htm,DT,0,1,2019,True
Mitch Willis,/W/WillMi24.htm,NT-DT,0,6,1990,False
Bernard Wilson,/W/WilsBe20.htm,DT-NT,0,6,1998,False
Bobby Wilson,/W/WilsBo21.htm,DT,0,4,1994,False
Karl Wilson,/W/WilsKa20.htm,DE-DT,0,9,1995,False
Jason Wiltz,/W/WiltJa20.htm,DT-DE,0,2,2000,False
Jeff Winans,/W/WinaJe20.htm,G-DE-T-DT,0,6,1978,False
Bill Windauer,/W/WindBi20.htm,DT-DT,0,4,1976,False
Bill Windauer,/W/WindBi20.htm,DT-DT,0,4,1976,False
Leonard Wingate,/W/WingLe20.htm,DT,0,1,1987,False
Dean Wink,/W/WinkDe20.htm,DE-DT,0,2,1968,False
Bob Winkel,/W/WinkBo20.htm,DT-DE,0,2,1980,False
Jim Winkler,/W/WinkJi00.htm,DT-G,0,3,1953,False
Billy Winn,/W/WinnBi00.htm,DT,0,5,2016,True
Blaise Winter,/W/WintBl20.htm,DE-DT-NT,0,11,1994,False
Dennis Wirgowski,/W/WirgDe20.htm,DE-DT,0,4,1973,False
Al Wistert,/W/WistAl00.htm,T-G-DT,0,9,1951,False
Mel Witt,/W/WittMe20.htm,DE-DT,0,4,1970,False
Gregory Wojcik,/W/WojcGr20.htm,DT,0,5,1975,False
Jim Wolf,/W/WolfJi20.htm,DT-DE,0,3,1976,False
Derek Wolfe,/W/WolfDe00.htm,DT,0,8,2019,True
John Wood,/W/WoodJo20.htm,DT,0,1,1973,False
Cedric Woodard,/W/WoodCe20.htm,DT,0,4,2004,False
John Woodcock,/W/WoodJo21.htm,DT-DE,0,7,1982,False
Al Woods,/W/WoodAl99.htm,DT,0,10,2019,True
Larry Woods,/W/WoodLa20.htm,DT,0,6,1976,False
Tony Woods,/W/WoodTo21.htm,DT,0,1,1989,False
Freddie Woodson,/W/WoodFr20.htm,G-DT-DE,0,3,1969,False
Chris Wormley,/W/WormCh00.htm,DT,0,3,2019,True
Shawn Worthen,/W/WortSh20.htm,DT,0,1,2001,False
Jerel Worthy,/W/WortJe00.htm,DT,0,7,2018,False
Alvin Wright,/W/WrigAl20.htm,NT-DT-DE,0,7,1992,False
Gabe Wright,/W/WrigGa00.htm,DT,0,4,2018,False
George Wright,/W/WrigGe20.htm,DT,0,3,1972,False
Manuel Wright,/W/WrigMa20.htm,DT,0,3,2007,False
Mike Wright,/W/WrigMi20.htm,DT-DE,0,7,2011,False
Rodrique Wright,/W/WrigRo99.htm,DT,0,2,2008,False
Claude Wroten,/W/WrotCl20.htm,DT,0,2,2007,False
Frank Wydo,/W/WydoFr20.htm,T-DT,0,11,1957,False
Devin Wyman,/W/WymaDe20.htm,DT,0,2,1997,False
Renaldo Wynn,/W/WynnRe20.htm,DE-DT,0,13,2009,False
William Yanchar,/Y/YancWi20.htm,DT,0,1,1970,False
Jeff Yeates,/Y/YeatJe20.htm,DE-DT-G,0,11,1984,False
John Yonakor,/Y/YonaJo20.htm,E-DE-DT,0,7,1952,False
Bob Young,/Y/YounBo00.htm,G-DE-DT,0,16,1981,False
Brian Young,/Y/YounBr20.htm,DT,0,9,2008,False
Bryant Young,/Y/YounBr00.htm,DT-DE,0,14,2007,False
Robert Young,/Y/YounRo20.htm,DE-DT,0,6,1996,False
Wilbur Young,/Y/YounWi20.htm,DE-DT,0,12,1982,False
Sid Youngelman,/Y/YounSi20.htm,DT-DE,0,9,1963,False
Frank Youso,/Y/YousFr20.htm,T-DT,0,8,1965,False
Rich Zecher,/Z/ZechRi20.htm,DT-T,0,3,1967,False
Mike Zele,/Z/ZeleMi20.htm,NT-DT,0,5,1983,False
Jeff Zgonina,/Z/ZgonJe20.htm,DT,0,17,2009,False
Justin Zimmer,/Z/ZimmJu00.htm,DT,0,2,2019,True
Chris Zorich,/Z/ZoriCh20.htm,DT,0,7,1997,False
