Name,URL,Position,HallOfFame,TotalYears,LastYear,Active
Fay Abbott,/A/AbboFa20.htm,BB-FB-TB-QB-WB-E,0,9,1929,False
Fred Abel,/A/AbelFr20.htm,BB-FB,0,1,1926,False
Tony Adamle,/A/AdamTo02.htm,LB-FB,0,8,1954,False
John Adams,/A/AdamJo00.htm,E-FB,0,5,1963,False
Sam Agee,/A/AgeeSa20.htm,FB,0,2,1939,False
Bob Agler,/A/AgleBo20.htm,HB-DB-FB-LB,0,2,1949,False
Ray Agnew,/A/AgneRa00.htm,FB,0,1,2014,False
Frank Akins,/A/AkinFr00.htm,FB,0,4,1946,False
Dom Albanese,/A/AlbaDo20.htm,BB-E-FB,0,1,1925,False
Vannie Albanese,/A/AlbaVa20.htm,FB-DB-BB-LB,0,2,1938,False
Gene Alford,/A/AlfoGe20.htm,WB-DB-BB-FB,0,4,1934,False
Don Allen,/A/AlleDo01.htm,FB,0,1,1960,False
Eddie Allen,/A/AlleEd21.htm,FB-LB,0,1,1947,False
Alan Ameche,/A/AmecAl00.htm,FB,0,6,1960,False
Deon Anderson,/A/AndeDe01.htm,FB,0,4,2010,False
Richie Anderson,/A/AndeRi00.htm,FB,0,12,2004,False
Will Anderson,/A/AndeWi20.htm,FB-BB-TB,0,2,1924,False
Dunc Annan,/A/AnnaDu20.htm,TB-WB-FB-BB-T,0,7,1926,False
Alex Armah,/A/ArmaAl00.htm,FB,0,3,2019,True
Bob Argus,/A/ArguBo20.htm,WB-FB-TB-BB,0,6,1925,False
Bill Ashbaugh,/A/AshbBi20.htm,FB-WB,0,2,1925,False
Matt Asiata,/A/AsiaMa00.htm,FB,0,5,2016,False
B.J. Askew,/A/AskeB.00.htm,FB,0,7,2009,False
Les Asplundh,/A/AsplLe20.htm,FB-BB-WB,0,1,1925,False
Dale Atkeson,/A/AtkeDa00.htm,FB,0,3,1956,False
Reggie Attache,/A/AttaRe20.htm,WB-FB,0,1,1922,False
Butch Avinger,/A/AvinBu00.htm,FB,0,1,1953,False
Sam Babcock,/B/BabcSa20.htm,WB-FB-BB,0,1,1926,False
Gene Babb,/B/BabbGe20.htm,LB-FB,0,7,1963,False
Pete Bahan,/B/BahaPe20.htm,BB-TB-FB,0,1,1923,False
Herm Bagby,/B/BagbHe20.htm,TB-WB-FB-BB,0,2,1927,False
Ken Bahnsen,/B/BahnKe00.htm,FB,0,1,1953,False
Art Baker,/B/BakeAr00.htm,FB,0,2,1962,False
Sam Baker,/B/BakeSa20.htm,K-FB,0,17,1969,False
Frank Balazs,/B/BalaFr20.htm,FB-LB-DB,0,7,1945,False
Bob Baldwin,/B/BaldBo20.htm,FB,0,1,1966,False
Mark Barber,/B/BarbMa20.htm,FB-LB,0,1,1937,False
Darian Barnes,/B/BarnDa00.htm,FB,0,7,2008,False
Larry Barnes,/B/BarnLa20.htm,FB,0,4,1960,False
Eddie Barnikow,/B/BarnEd20.htm,FB,0,1,1926,False
Paul Barry,/B/BarrPa00.htm,FB-HB,0,5,1954,False
John Barsha,/B/BarsJo20.htm,FB,0,1,1920,False
Sam Bartholomew,/B/BartSa20.htm,FB,0,1,1941,False
Dick Bass,/B/BassDi00.htm,FB-HB,0,10,1969,False
Maurice Bassett,/B/BassMo00.htm,FB,0,3,1956,False
Pat Batten,/B/BattPa20.htm,FB,0,1,1964,False
Cliff Battles,/B/BattCl20.htm,TB-FB-WB-DB,1,6,1937,False
Jarrod Baxter,/B/BaxtJa00.htm,FB,0,4,2005,False
Fred Beasley,/B/BeasFr00.htm,FB,0,8,2005,False
Steve Belichick,/B/BeliSt20.htm,FB,0,1,1941,False
Joe Bernstein,/B/BernJo20.htm,FB-G-T,0,4,1924,False
Jim Bertoglio,/B/BertJi20.htm,FB,0,1,1926,False
John Bettridge,/B/BettJo20.htm,FB,0,1,1937,False
Dick Bielski,/B/BielDi00.htm,E-FB,0,9,1963,False
Herb Bizer,/B/BizeHe20.htm,E-FB,0,1,1929,False
Stub Blackman,/B/BlacSt21.htm,FB,0,1,1930,False
Jim Blumenstock,/B/BlumJi20.htm,FB,0,1,1947,False
Ping Bodie,/B/BodiPi20.htm,FB,0,1,1921,False
George Bogue,/B/BoguGe20.htm,FB,0,1,1930,False
Tommy Bohanon,/B/BohaTo00.htm,FB,0,6,2018,False
George Bolan,/B/BolaGe20.htm,FB,0,4,1924,False
Bob Books,/B/BookBo20.htm,FB,0,1,1926,False
Don Bosseler,/B/BossDo00.htm,FB,0,8,1964,False
Bill Bowman,/B/BowmBi00.htm,FB,0,4,1957,False
Dorson Boyce,/B/BoycDo00.htm,FB,0,1,2012,False
Mike Boyda,/B/BoydMi20.htm,LB-FB,0,1,1949,False
Hezekiah Braxton,/B/BraxHe00.htm,FB,0,2,1963,False
John Brewer,/B/BrewJo21.htm,FB,0,2,1953,False
Bob Briggs,/B/BrigBo00.htm,FB,0,1,1965,False
Eddie Britt,/B/BritEd20.htm,TB-DB-FB,0,3,1938,False
Charley Brock,/B/BrocCh20.htm,C-HB-FB,0,9,1947,False
J.W. Brodnax,/B/BrodJ.00.htm,FB,0,1,1960,False
Bob Brooks,/B/BrooBo00.htm,FB,0,1,1961,False
Nehemiah Broughton,/B/BrouNe00.htm,FB,0,2,2006,False
Dave Brown,/B/BrowDa21.htm,WB-FB-HB,0,5,1947,False
Hardy Brown,/B/BrowHa00.htm,LB-DB-FB,0,13,1960,False
Jim Brown,/B/BrowJi00.htm,FB,1,9,1965,False
Les Bruckner,/B/BrucLe20.htm,FB,0,1,1945,False
Ted Bucklin,/B/BuckTe21.htm,FB-G,0,5,1931,False
Fred Bukaty,/B/BukaFr00.htm,FB,0,1,1961,False
George Buksar,/B/BuksGe20.htm,LB-FB,0,4,1952,False
Jarrod Bunch,/B/BuncJa00.htm,FB,0,4,1994,False
Russ Burt,/B/BurtRu20.htm,WB-FB,0,2,1925,False
Michael Burton,/B/BurtMi00.htm,FB,0,5,2019,True
Lyle Burton,/B/BurtLy20.htm,G-T-FB,0,2,1925,False
George Cafego,/C/CafeGe20.htm,FB-QB-HB,0,6,1945,False
Bruce Caldwell,/C/CaldBr20.htm,TB-FB,0,1,1928,False
Darryl Caldwell,/C/CaldDa20.htm,TB-FB,0,1,1983,False
Jamie Caleb,/C/CaleJa00.htm,HB-FB,0,6,1965,False
Leon Campbell,/C/CampLe20.htm,FB,0,6,1955,False
Tony Canadeo,/C/CanaTo00.htm,HB-TB-FB-DB,1,12,1952,False
Billy Cannon,/C/CannBi00.htm,TE-HB-FB,0,11,1970,False
Lloyd Cardwell,/C/CardLl20.htm,WB-DB-FB,0,7,1943,False
Wray Carlton,/C/CarlWr00.htm,HB-FB,0,8,1967,False
Lew Carpenter,/C/CarpLe00.htm,HB-FB,0,11,1963,False
Rock Cartwright,/C/CartRo01.htm,FB,0,10,2011,False
Rick Casares,/C/CasaRi00.htm,FB,0,12,1966,False
Frank Cassara,/C/CassFr20.htm,FB-LB,0,1,1954,False
Jim Castiglia,/C/CastJi20.htm,FB,0,8,1948,False
Larry Centers,/C/CentLa00.htm,FB,0,14,2003,False
Len Charpier,/C/CharLe20.htm,FB,0,1,1920,False
Ed Cherry,/C/CherEd20.htm,FB,0,2,1939,False
Joe Childress,/C/ChilJo00.htm,HB-FB-FL,0,10,1965,False
Todd Christensen,/C/ChriTo00.htm,TE-FB,0,10,1988,False
Marty Christiansen,/C/ChriMa20.htm,FB,0,1,1940,False
Babe Clark,/C/ClarBa20.htm,FB-C-T,0,1,1920,False
Corwin Clatt,/C/ClatCo20.htm,FB,0,2,1949,False
Ralph Clayton,/C/ClayRa22.htm,WR-FB,0,1,1981,False
Bob Clemens,/C/ClemBo00.htm,FB,0,1,1962,False
Bob Clemens,/C/ClemBo20.htm,FB,0,1,1955,False
Doug Cline,/C/ClinDo20.htm,LB-FB,0,7,1966,False
Ollie Cline,/C/ClinOl20.htm,FB,0,6,1953,False
Jack Cloud,/C/ClouJa20.htm,LB-FB,0,4,1953,False
Herbert Clow,/C/ClowHe20.htm,FB,0,1,1924,False
Tyler Clutts,/C/ClutTy00.htm,FB,0,5,2015,False
Leon Cochran,/C/CochLe20.htm,FB,0,1,1949,False
Red Cochran,/C/CochRe20.htm,CB-FB-HB,0,3,1949,False
Ed Cody,/C/CodyEd20.htm,FB,0,4,1950,False
Emerson Cole,/C/ColeEm20.htm,FB-DB-LB,0,3,1952,False
John Cole,/C/ColeJo20.htm,FB,0,3,1940,False
Lincoln Coleman,/C/ColeLi00.htm,FB,0,2,1994,False
Jed Collins,/C/CollJe01.htm,FB,0,4,2014,False
Rip Collins,/C/CollRi21.htm,HB-FB,0,3,1951,False
Hook Comer,/C/ComeHo20.htm,FB,0,1,1926,False
Greg Comella,/C/ComeGr00.htm,FB,0,7,2004,False
Ulysses Comier,/C/ComiUl20.htm,FB,0,1,1929,False
Tony Compagno,/C/CompTo20.htm,FB,0,3,1948,False
Fred Cone,/C/ConeFr20.htm,FB-K,0,10,1960,False
Jameel Cook,/C/CookJa00.htm,FB,0,8,2008,False
Bill Cooper,/C/CoopBi00.htm,FB-LB,0,4,1964,False
Mike Corgan,/C/CorgMi20.htm,FB,0,1,1943,False
Al Cornsweet,/C/CornAl20.htm,FB,0,1,1931,False
Red Corzine,/C/CorzRe20.htm,FB-BB,0,5,1937,False
Jeff Cothran,/C/CothJe00.htm,FB,0,3,1996,False
Gerry Cowhig,/C/CowhGe20.htm,LB-FB-DB,0,5,1951,False
Nate Craddock,/C/CradNa00.htm,FB,0,1,1963,False
Milt Crain,/C/CraiMi20.htm,FB,0,1,1944,False
Bill Crass,/C/CrasBi20.htm,FB,0,1,1937,False
Jim Crawford,/C/CrawJi00.htm,HB-FB,0,5,1964,False
Dick Crayne,/C/CrayDi20.htm,FB,0,2,1937,False
Bernie Crimmins,/C/CrimBe20.htm,G-HB-FB,0,1,1945,False
Zack Crockett,/C/CrocZa00.htm,FB,0,13,2007,False
Phillip Crosby,/C/CrosPh00.htm,FB,0,3,2003,False
John David Crow,/C/CrowJo00.htm,HB-TE-FB,0,11,1968,False
Harry Crump,/C/CrumHa00.htm,FB,0,1,1963,False
Jim Cunningham,/C/CunnJi00.htm,FB,0,3,1963,False
Dan Curley,/C/CurlDa20.htm,FB,0,1,2003,False
Mike Curtis,/C/CurtMi00.htm,LB-FB,0,14,1978,False
Lou D'Agostino,/D/DAgoLo20.htm,FB,0,1,1996,False
Pete D'Alonzo,/D/DAloPe20.htm,FB,0,2,1952,False
Ryan D'Imperio,/D/DImpRy00.htm,FB,0,1,2011,False
Fred DaGata,/D/DaGaFr20.htm,FB,0,1,1931,False
Bill Daley,/D/DaleBi20.htm,FB-DB-LB,0,3,1948,False
Fred Danziger,/D/DanzFr20.htm,FB,0,1,1931,False
Neno DaPrato,/D/DaPrNe20.htm,FB,0,1,1921,False
Bob Davis,/D/DaviBo21.htm,HB-FB-QB-P,0,9,1946,False
Chris Davis,/D/DaviCh24.htm,FB,0,1,2003,False
Corby Davis,/D/DaviCo20.htm,BB-FB-K,0,5,1942,False
John Davis,/D/DaviJo22.htm,FB-WB-TB-BB,0,1,1920,False
Pahl Davis,/D/DaviPa20.htm,G-E-FB,0,1,1922,False
Paul Davis,/D/DaviPa22.htm,FB-DB,0,2,1948,False
Fred Dawley,/D/DawlFr20.htm,FB,0,1,1944,False
Ted Dean,/D/DeanTe00.htm,FB-HB,0,5,1964,False
Spiro Dellerba,/D/DellSp20.htm,LB-FB,0,3,1949,False
John Detwiler,/D/DetwJo20.htm,FB-BB,0,2,1924,False
Bo Dickinson,/D/DickBo00.htm,FB,0,5,1964,False
Wally Diehl,/D/DiehWa20.htm,FB,0,3,1930,False
Patrick DiMarco,/D/DiMaPa00.htm,FB,0,8,2019,True
Fred DiRenzo,/D/DiReFr20.htm,FB,0,1,1987,False
Dinger Doane,/D/DoanDi20.htm,FB,0,8,1927,False
John Dottley,/D/DottJo00.htm,FB,0,3,1953,False
Bob Douglas,/D/DougBo21.htm,FB,0,1,1938,False
Merrill Douglas,/D/DougMe00.htm,FB-HB,0,5,1962,False
Leo Douglass,/D/DougLe21.htm,FB-TB,0,1,1926,False
Woody Dow,/D/DowxWo20.htm,BB-FB,0,3,1940,False
Ken Dow,/D/DowxKe20.htm,FB,0,1,1941,False
Mike Dowdle,/D/DowdMi20.htm,LB-FB,0,7,1966,False
Perry Dowrick,/D/DowrPe20.htm,FB,0,1,1921,False
Scott Dragos,/D/DragSc00.htm,FB-TE,0,2,2001,False
Chuck Drazenovich,/D/DrazCh00.htm,LB-FB,0,10,1959,False
Eddie Duggan,/D/DuggEd20.htm,FB,0,1,1921,False
Pat Dunne,/D/DunnPa21.htm,FB,0,2,1921,False
Jeff Durkota,/D/DurkJe20.htm,FB-LB,0,1,1948,False
Deon Dyer,/D/DyerDe00.htm,FB,0,3,2002,False
Guy Early,/E/EarlGu20.htm,G-FB,0,2,1921,False
Omar Easy,/E/EasyOm00.htm,FB,0,4,2005,False
Gus Eckberg,/E/EckbGu20.htm,FB,0,1,1925,False
Ox Eckhardt,/E/EckhOx20.htm,FB,0,1,1928,False
Chris Edmonds,/E/EdmoCh20.htm,FB,0,2,2003,False
Marc Edwards,/E/EdwaMa00.htm,FB,0,9,2005,False
Marshall Edwards,/E/EdwaMa21.htm,FB,0,1,1943,False
Ray Eichenlaub,/E/EichRa20.htm,FB,0,1,1925,False
Rhett Ellison,/E/ElliRh00.htm,FB,0,8,2019,True
Leo Elter,/E/ElteLe00.htm,FB-HB,0,7,1959,False
Rex Enright,/E/EnriRe20.htm,FB,0,2,1927,False
Bobby Epps,/E/EppsBo20.htm,FB,0,4,1957,False
Len Eshmont,/E/EshmLe20.htm,HB-FB,0,9,1949,False
Heath Evans,/E/EvanHe00.htm,FB,0,10,2010,False
Bradie Ewing,/E/EwinBr00.htm,FB,0,3,2014,False
Guil Falcon,/F/FalcGu20.htm,FB,0,6,1925,False
Tony Falkenstein,/F/FalkTo20.htm,FB-BB,0,2,1944,False
Gary Famiglietti,/F/FamiGa20.htm,FB-HB,0,9,1946,False
Justin Fargas,/F/FargJu00.htm,FB,0,7,2009,False
Andy Farkas,/F/FarkAn20.htm,FB-HB-WB,0,8,1945,False
Scrapper Farrell,/F/FarrSc20.htm,FB,0,2,1939,False
Frank Fausch,/F/FausFr20.htm,FB-T,0,2,1922,False
Walt Fedora,/F/FedoWa20.htm,FB,0,1,1942,False
Gene Fekete,/F/FekeGe20.htm,FB-LB,0,1,1946,False
Lou Feist,/F/FeisLo20.htm,E-T-FB,0,3,1926,False
Ralph Felton,/F/FeltRa20.htm,LB-DB-FB,0,9,1962,False
Bob Ferguson,/F/FergBo00.htm,FB,0,2,1963,False
Howie Ferguson,/F/FergHo00.htm,FB-HB,0,8,1960,False
Steve Filipowicz,/F/FiliSt20.htm,FB-BB,0,2,1946,False
Bull Finch,/F/FincBu20.htm,BB-FB,0,1,1926,False
Jim Finn,/F/FinnJi00.htm,FB,0,7,2006,False
Darrell Fisher,/F/FishDa20.htm,TB-FB,0,1,1925,False
Alec Fishman,/F/FishAl20.htm,G-FB,0,1,1921,False
Jack Flavin,/F/FlavJa20.htm,FB,0,2,1924,False
Andrew Fletcher,/F/FletAn20.htm,FB,0,1,1920,False
Charlie Flowers,/F/FlowCh00.htm,FB,0,3,1962,False
Bobby Jack Floyd,/F/FloyBo20.htm,FB,0,2,1953,False
William Floyd,/F/FloyWi00.htm,FB,0,7,2000,False
Dick Folk,/F/FolkDi20.htm,FB,0,1,1939,False
Jim Fordham,/F/FordJi20.htm,FB,0,2,1945,False
Nick Forkovitch,/F/ForkNi20.htm,FB,0,1,1948,False
Dutch Forst,/F/ForsDu20.htm,FB,0,1,1926,False
J.P. Foschi,/F/FoscJo00.htm,FB-TE,0,6,2010,False
Fred Foster,/F/FostFr20.htm,FB-BB,0,2,1924,False
Bobby Fowler,/F/FowlBo20.htm,FB,0,1,1985,False
Bobby Fowler,/F/FowlBo00.htm,FB,0,1,1962,False
Jalston Fowler,/F/FowlJa00.htm,FB,0,3,2017,False
Terry Fox,/F/FoxxTe20.htm,FB-LB,0,6,1946,False
Dave Francis,/F/FranDa20.htm,FB,0,1,1963,False
Gene Francis,/F/FranGe20.htm,FB,0,1,1926,False
Sam Francis,/F/FranSa20.htm,FB-HB,0,4,1940,False
Ted Fritsch,/F/FritTe20.htm,FB,0,9,1950,False
Lu Gambino,/G/GambLu20.htm,FB,0,2,1949,False
Gus Gardella,/G/GardGu20.htm,FB,0,1,1922,False
Carwell Gardner,/G/GardCa00.htm,FB,0,8,1997,False
Budge Garrett,/G/GarrBu20.htm,E-G-FB,0,3,1922,False
Larry Garron,/G/GarrLa00.htm,HB-FB,0,9,1968,False
Sam Gash,/G/GashSa00.htm,FB,0,12,2003,False
Charlie Gauer,/G/GaueCh20.htm,FB-E,0,3,1945,False
Prentice Gautt,/G/GautPr00.htm,HB-FB,0,8,1967,False
Mike Gavagan,/G/GavaMi20.htm,FB-BB,0,1,1923,False
Cookie Gilchrist,/G/GilcCo00.htm,FB,0,6,1967,False
Paul Goad,/G/GoadPa20.htm,FB,0,1,1956,False
Gene Golsen,/G/GolsGe20.htm,FB-TB,0,1,1926,False
Joey Goodspeed,/G/GoodJo00.htm,FB,0,3,2004,False
Alex Gorgal,/G/GorgAl20.htm,FB-WB,0,1,1923,False
Walt Gorinski,/G/GoriWa20.htm,FB,0,1,1946,False
Hippo Gozdowski,/G/GozdHi20.htm,FB-G-C,0,1,1922,False
Ernie Green,/G/GreeEr01.htm,HB-FB,0,7,1968,False
Justin Green,/G/GreeJu00.htm,FB,0,3,2007,False
Ben Greenberg,/G/GreeBe20.htm,FB-TB,0,1,1930,False
Bob Greenhalgh,/G/GreeBo21.htm,FB,0,1,1949,False
Glenn Greenwood,/G/GreeGl20.htm,FB,0,1,1926,False
Gil Gregory,/G/GregGi20.htm,FB-WB,0,2,1924,False
Justin Griffith,/G/GrifJu00.htm,FB,0,7,2009,False
John Grigas,/G/GrigJo20.htm,FB-HB,0,5,1947,False
Frank Grigonis,/G/GrigFr20.htm,FB,0,1,1942,False
Glenn Gronkowski,/G/GronGl01.htm,FB,0,1,2016,False
Earl Gros,/G/GrosEa00.htm,FB,0,9,1970,False
Rex Grossman,/G/GrosRe20.htm,LB-FB,0,3,1950,False
Ace Gutowsky,/G/GutoAc20.htm,FB-TB,0,8,1939,False
Joe Guyon,/G/GuyoJo20.htm,WB-TB-BB-FB,1,8,1927,False
Elmer Hackney,/H/HackEl20.htm,FB,0,7,1946,False
Roger Hagberg,/H/HagbRo00.htm,FB-FL,0,5,1969,False
Horse Hagerty,/H/HageHo20.htm,FB-TB,0,1,1930,False
Irv Hall,/H/HallIr20.htm,FB,0,1,1942,False
Korey Hall,/H/HallKo99.htm,FB-LB,0,5,2011,False
Steven Hamas,/H/HamaSt20.htm,FB-WB,0,1,1929,False
Ernie Hambacher,/H/HambEr20.htm,FB-TB,0,1,1929,False
Mal Hammack,/H/HammMa00.htm,FB-LB,0,12,1966,False
Duke Hanny,/H/HannDu20.htm,E-T-G-FB,0,8,1930,False
Hal Hansen,/H/HansHa20.htm,FB-E,0,1,1923,False
Patrick Hape,/H/HapePa00.htm,TE-FB,0,8,2004,False
Merle Hapes,/H/HapeMe20.htm,FB,0,5,1946,False
Pat Harder,/H/HardPa00.htm,FB-LB,0,8,1953,False
Lem Harkey,/H/HarkLe20.htm,FB,0,1,1955,False
Jack Harris,/H/HarrJa21.htm,FB-E-HB,0,2,1926,False
Ken Harris,/H/HarrKe20.htm,FB,0,1,1923,False
Leon Hart,/H/HartLe01.htm,E-FB-DE,0,8,1957,False
Pete Hart,/H/HartPe00.htm,FB,0,1,1960,False
Ron Hatcher,/H/HatcRo20.htm,FB,0,1,1962,False
Ken Hauser,/H/HausKe20.htm,FB-BB,0,4,1930,False
Norbert Hayes,/H/HayeNo20.htm,E-FB,0,2,1923,False
Ray Hayes,/H/HayeRa00.htm,FB,0,1,1961,False
Leon Heath,/H/HeatLe20.htm,FB-HB,0,3,1953,False
Madison Hedgecock,/H/HedgMa00.htm,FB,0,6,2010,False
Wilbur Henderson,/H/HendWi20.htm,FB,0,1,1920,False
William Henderson,/H/HendWi00.htm,FB,0,12,2006,False
Chris Hetherington,/H/HethCh00.htm,FB,0,11,2006,False
Ryan Hewitt,/H/HewiRy00.htm,FB,0,5,2018,False
Larry Hickman,/H/HickLa00.htm,FB,0,2,1960,False
Charley Hill,/H/HillCh21.htm,TB-QB-FB-BB,0,3,1926,False
Chuck Hill,/H/HillCh22.htm,FB-WB-E,0,1,1925,False
Irv Hill,/H/HillIr20.htm,BB-FB-LB-DB,0,3,1933,False
Mack Lee Hill,/H/HillMa00.htm,FB-HB,0,2,1965,False
Clarke Hinkle,/H/HinkCl20.htm,FB-LB-HB-DB,1,10,1941,False
Buckets Hirsch,/H/HirsBu20.htm,QB-FB,0,3,1949,False
Joe Hoague,/H/HoagJo20.htm,FB-HB,0,6,1946,False
Merwin Hodel,/H/HodeMe20.htm,FB,0,1,1953,False
James Hodgins,/H/HodgJa00.htm,FB,0,8,2006,False
Dick Hoerner,/H/HoerDi00.htm,FB,0,6,1952,False
Jon Hoese,/H/HoesJo00.htm,FB,0,1,2012,False
Dalton Hoffman,/H/HoffDa00.htm,FB,0,2,1965,False
Jake Hoffman,/H/HoffJa21.htm,FB,0,1,1925,False
John Hoffman,/H/HoffJo00.htm,HB-FB-E-LB,0,8,1956,False
John Hollar,/H/HollJo21.htm,FB,0,2,1949,False
Joe Hollingsworth,/H/HollJo22.htm,FB,0,3,1951,False
Mike Holovak,/H/HoloMi20.htm,FB-LB,0,3,1948,False
Harry Hooligan,/H/HoolHa20.htm,FB,0,1,1965,False
Brad Hoover,/H/HoovBr00.htm,FB,0,10,2009,False
Paul Hornung,/H/HornPa00.htm,HB-FB-QB,1,10,1966,False
Roy Horstmann,/H/HorsRo20.htm,FB-HB,0,2,1934,False
Steve Howell,/H/HoweSt00.htm,FB-TE,0,3,1981,False
Karl Hower,/H/HoweKa20.htm,FB,0,1,1921,False
Julian Howsare,/H/HowsJu00.htm,FB,0,1,2016,False
Johnnie Hudson,/H/HudsJo21.htm,HB-FB,0,1,1921,False
Ken Huffine,/H/HuffKe21.htm,FB,0,6,1925,False
Roy Huggins,/H/HuggRo20.htm,FB,0,1,1944,False
David Hughes,/H/HughDa01.htm,RB-FB,0,6,1986,False
George Hughley,/H/HughGe00.htm,FB,0,1,1965,False
Swede Hummel,/H/HummSw20.htm,FB-HB,0,2,1927,False
Jackie Hunt,/H/HuntJa21.htm,FB,0,1,1945,False
John Huzvar,/H/HuzvJo20.htm,FB,0,3,1954,False
Henry Hynoski,/H/HynoHe01.htm,FB,0,4,2014,False
Emil Igwenagu,/I/IgweEm00.htm,FB,0,3,2014,False
Alec Ingold,/I/IngoAl01.htm,FB,0,1,2019,True
Joey Iosefa,/I/IoseJo00.htm,FB,0,1,2015,False
Tex Irvin,/I/IrviTe20.htm,T-FB-G,0,5,1935,False
Don Irwin,/I/IrwiDo20.htm,FB-HB,0,4,1939,False
Jim Irwin,/I/IrwiJi20.htm,FB,0,2,1922,False
Jasen Isom,/I/IsomJa00.htm,FB,0,2,2004,False
Jack Itzel,/I/ItzeJa20.htm,FB,0,1,1945,False
Bob Jackson,/J/JackBo20.htm,FB,0,2,1951,False
Bobby Jackson,/J/JackBo01.htm,FB,0,4,1965,False
Frank Jackson,/J/JackFr00.htm,FL-FB-SE-WR-HB,0,7,1967,False
Pete Jackson,/J/JackPe21.htm,FB-BB-WB,0,1,1928,False
Roland Jackson,/J/JackRo24.htm,FB-LB,0,1,1962,False
Terry Jackson,/J/JackTe00.htm,FB,0,7,2005,False
Allen Jacobs,/J/JacoAl00.htm,FB-HB,0,3,1967,False
Chick Jagade,/J/JagaCh00.htm,FB,0,7,1955,False
Ed Jankowski,/J/JankEd20.htm,FB,0,5,1941,False
Andy Janovich,/J/JanoAn00.htm,FB,0,4,2019,True
Whitey Jansing,/J/JansWh20.htm,FB,0,1,1922,False
Jack Jenkins,/J/JenkJa20.htm,FB,0,5,1947,False
Herb Joesting,/J/JoesHe20.htm,FB,0,4,1932,False
Austin Johnson,/J/JohnAu00.htm,FB,0,3,2016,False
Bert Johnson,/J/JohnBe21.htm,FB-BB-HB,0,6,1942,False
Bryan Johnson,/J/JohnBr01.htm,FB,0,6,2005,False
Dustin Johnson,/J/JohnDu20.htm,FB,0,1,1999,False
Harvey Johnson,/J/JohnHa20.htm,T-LB-BB-FB-G,0,6,1951,False
Jakob Johnson,/J/JohnJa12.htm,FB,0,1,2019,True
Jeremi Johnson,/J/JohnJe00.htm,FB,0,7,2009,False
Jerry Johnson,/J/JohnJe20.htm,TB-WB-FB-BB,0,2,1922,False
John Henry Johnson,/J/JohnJo02.htm,FB-HB,1,13,1966,False
Lorne Johnson,/J/JohnLo20.htm,FB-LB,0,1,1934,False
Malcolm Johnson,/J/JohnMa06.htm,FB,0,2,2016,True
Oscar Johnson,/J/JohnOs20.htm,FB,0,1,1924,False
Ray Johnson,/J/JohnRa21.htm,DB-TB-FB,0,4,1940,False
Pres Johnston,/J/JohnPr20.htm,HB-FB-LB,0,1,1946,False
Will Johnson,/J/JohnWi00.htm,FB,0,4,2015,False
Ben Jones,/J/JoneBe20.htm,FB-BB-TB-WB,0,6,1928,False
Harvey Jones,/J/JoneHa21.htm,FB-DB-HB,0,4,1947,False
James Jones,/J/JoneJa00.htm,FB-RB-TB-TE,0,10,1992,False
Kadeem Jones,/J/JoneKa00.htm,FB,0,1,2014,False
Marshall Jones,/J/JoneMa22.htm,WB-TB-FB,0,2,1921,False
Thurmon Jones,/J/JoneTh20.htm,FB-DB,0,2,1942,False
Willie Jones,/J/JoneWi00.htm,FB,0,1,1962,False
Steve Juzwik,/J/JuzwSt20.htm,HB-FB,0,7,1948,False
Kyle Juszczyk,/J/JuszKy00.htm,FB,0,7,2019,True
George Karamatic,/K/KaraGe20.htm,FB-DB,0,1,1938,False
Bull Karcis,/K/KarcBu20.htm,FB-BB-HB,0,12,1943,False
Mike Karney,/K/KarnMi00.htm,FB,0,7,2010,False
Joe Keeble,/K/KeebJo20.htm,HB-FB,0,1,1937,False
Jack Keefer,/K/KeefJa20.htm,TB-HB-FB,0,3,1928,False
Bill Kellagher,/K/KellBi20.htm,FB,0,3,1948,False
Clarence Kellogg,/K/KellCl20.htm,FB,0,1,1936,False
Mike Kellogg,/K/KellMi01.htm,FB,0,2,1967,False
Mose Kelsch,/K/KelsMo20.htm,FB-HB,0,2,1934,False
Jimmy Kennedy,/K/KennJi20.htm,FB,0,1,1925,False
Joe Kerridge,/K/KerrJo00.htm,FB,0,2,2017,True
George Kiick,/K/KiicGe20.htm,FB,0,6,1945,False
John Kimbrough,/K/KimbJo20.htm,FB,0,3,1948,False
Keith Kinderman,/K/KindKe00.htm,FB-DB,0,3,1965,False
Don Kindt,/K/KindDo00.htm,DB-FB-HB,0,9,1955,False
Dick King,/K/KingDi20.htm,FB-WB-TB-HB,0,3,1923,False
Emmett King,/K/KingEm21.htm,FB-HB,0,1,1954,False
Phil King,/K/KingPh00.htm,HB-FB,0,9,1966,False
Carl Kinscherf,/K/KinsCa20.htm,FB,0,2,1944,False
Charles Kirby,/K/KirbCh20.htm,FB,0,1,2000,False
Veto Kissell,/K/KissVi20.htm,LB-FB,0,2,1950,False
Dutch Kitzmiller,/K/KitzDu20.htm,FB,0,1,1931,False
Lee Kizzire,/K/KizzLe20.htm,FB,0,1,1937,False
Jim Kleinsasser,/K/KleiJi00.htm,TE-FB,0,13,2011,False
Corey Knox,/K/KnoxCo00.htm,FB,0,1,2014,False
Bob Koehler,/K/KoehBo20.htm,FB,0,7,1926,False
Rob Konrad,/K/KonrRo00.htm,FB,0,6,2004,False
Stan Kosel,/K/KoseSt20.htm,FB-HB,0,2,1939,False
Stan Kostka,/K/KostSt20.htm,FB-LB,0,1,1935,False
Marty Kottler,/K/KottMa20.htm,FB,0,1,1933,False
Walt Kowalczyk,/K/KowaWa00.htm,FB-DB,0,4,1961,False
Stan Kozlowski,/K/KozlSt20.htm,FB,0,1,1946,False
George Kracum,/K/KracGe20.htm,FB,0,1,1941,False
Dan Kreider,/K/KreiDa00.htm,FB,0,10,2009,False
Ty Krentler,/K/KrenTy20.htm,FB,0,1,1920,False
Earl Krieger,/K/KrieEa20.htm,FB-HB,0,2,1922,False
Larry Krutko,/K/KrutLa00.htm,FB,0,3,1960,False
John Kuhn,/K/KuhnJo00.htm,FB,0,12,2017,False
Vic Kulbitski,/K/KulbVi20.htm,FB,0,3,1948,False
Lou Kusserow,/K/KussLo20.htm,LB-FB,0,2,1950,False
Johnny Kyle,/K/KyleJo20.htm,FB,0,1,1923,False
Steve Lach,/L/LachSt20.htm,WB-FB-HB,0,6,1947,False
Doc LaDuron,/L/LadoDo20.htm,FB,0,1,1921,False
Joe LaFleur,/L/LaFlJo20.htm,G-FB-C-HB,0,3,1924,False
Pete Lamana,/L/LamaPe20.htm,LB-C-FB,0,3,1948,False
Curly Lambeau,/L/LambCu20.htm,TB-FB-BB-E,1,9,1929,False
Jorvorskie Lane,/L/LaneJo00.htm,FB,0,4,2015,False
Spencer Larsen,/L/LarsSp99.htm,FB-LB,0,6,2013,False
Bill Larson,/L/LarsBi20.htm,FB,0,1,1960,False
Paul Lasike,/L/LasiPa00.htm,FB,0,1,2016,False
Pete Lauer,/L/LauePe20.htm,FB-QB,0,1,1922,False
Bud Laughlin,/L/LaugBu20.htm,FB,0,1,1955,False
Doc Ledbetter,/L/LedbDo20.htm,FB-HB,0,2,1933,False
Tuffy Leemans,/L/LeemTu20.htm,FB-TB-DB-QB,1,8,1943,False
Dick Leftridge,/L/LeftDi00.htm,FB,0,1,1966,False
Chris Lehrer,/L/LehrCh20.htm,HB-FB,0,1,1922,False
Pesky Lentz,/L/LentPe20.htm,FB,0,1,1920,False
Darrell Lester,/L/LestDa00.htm,FB,0,3,1966,False
Dan Lewis,/L/LewiDa02.htm,HB-FB,0,9,1966,False
Ernie Lewis,/L/LewiEr20.htm,FB-LB,0,4,1949,False
Franklin Lewis,/L/LewiFr20.htm,FB,0,1,1931,False
Hal Lewis,/L/LewiHa20.htm,FB-HB-DB,0,4,1962,False
Tiny Lewis,/L/LewiTi21.htm,BB-FB-WB,0,2,1931,False
Cully Lidberg,/L/LidbCu20.htm,FB,0,5,1930,False
Keith Lincoln,/L/LincKe00.htm,FB-HB,0,8,1968,False
Mike Lind,/L/LindMi00.htm,FB,0,4,1966,False
Zach Line,/L/LineZa01.htm,FB,0,7,2019,True
Chim Lingrel,/L/LingCh20.htm,WB-HB-FB,0,1,1923,False
Mickey Livers,/L/LiveMi20.htm,FB,0,1,1921,False
Howie Livingston,/L/LiviHo20.htm,FB-WB-HB,0,10,1953,False
J.W. Lockett,/L/LockJ.00.htm,FB,0,4,1964,False
Joe Don Looney,/L/LoonJo00.htm,HB-FB,0,6,1969,False
Tom Lopienski,/L/LopiTo20.htm,FB,0,2,2004,False
Billy Lott,/L/LottBi00.htm,FB,0,6,1963,False
John Lucente,/L/LuceJo20.htm,FB-LB,0,1,1945,False
Art Macioszczyk,/M/MaciAr20.htm,FB,0,5,1948,False
Malaefou MacKenzie,/M/MacKMa20.htm,FB,0,1,2003,False
Jacque MacKinnon,/M/MacKJa00.htm,TE-FB,0,10,1970,False
Waddy MacPhee,/M/MacPWa20.htm,HB-FB,0,1,1926,False
Kyle MacWherter,/M/MacWKy20.htm,FB,0,1,1920,False
Ryan Mahaffey,/M/MahaRy00.htm,FB,0,1,2011,False
Joel Makovicka,/M/MakoJo00.htm,FB,0,4,2002,False
Jack Manders,/M/MandJa20.htm,HB-FB,0,8,1940,False
Pug Manders,/M/MandPu20.htm,FB-HB,0,9,1947,False
Jerry Mansfield,/M/MansJe20.htm,FB-E-HB,0,2,1921,False
Joe Marconi,/M/MarcJo00.htm,FB,0,11,1966,False
Andy Marefos,/M/MareAn20.htm,FB-HB,0,6,1946,False
Jodie Marek,/M/MareJo20.htm,FB,0,1,1943,False
Dutch Marion,/M/MariDu20.htm,FB,0,2,1926,False
Amos Marsh,/M/MarsAm00.htm,HB-FB,0,7,1967,False
Blanche Martin,/M/MartBl00.htm,FB,0,1,1960,False
Cecil Martin,/M/MartCe00.htm,FB,0,5,2003,False
Jamar Martin,/M/MartJa01.htm,FB,0,4,2006,False
Roy Martineau,/M/MartRo21.htm,G-FB-T,0,3,1925,False
Phil Martinovich,/M/MartPh20.htm,FB-G,0,9,1947,False
Len Masini,/M/MasiLe20.htm,BB-FB-LB,0,2,1948,False
Sam Mason,/M/MasoSa20.htm,FB,0,4,1925,False
Bill Mathis,/M/MathBi00.htm,FB-HB,0,10,1969,False
Tuffy Maul,/M/MaulTu20.htm,FB,0,1,1926,False
Doug Mayberry,/M/MaybDo00.htm,FB,0,3,1963,False
Jack McBride,/M/McBrJa20.htm,FB-TB-HB,0,10,1934,False
Curtis McClinton,/M/McClCu00.htm,FB-TE,0,8,1969,False
Felix McCormick,/M/McCoFe20.htm,FB-G-HB,0,2,1930,False
Frank McCormick,/M/McCoFr21.htm,WB-FB,0,2,1921,False
Fred McCrary,/M/McCrFr00.htm,FB,0,13,2007,False
Bob McDougal,/M/McDoBo22.htm,FB,0,1,1947,False
Gerry McDougall,/M/McDoGe00.htm,FB,0,3,1964,False
Doug McEnulty,/M/McEnDo20.htm,FB-HB,0,2,1944,False
Sean McHugh,/M/McHuSe00.htm,FB,0,5,2008,False
Nick McInerney,/M/McInNi20.htm,C-E-T-FB-G,0,8,1927,False
Corey McIntyre,/M/McInCo00.htm,FB,0,8,2012,False
Roy McKay,/M/McKaRo20.htm,TB-HB-FB,0,4,1947,False
Jason McKie,/M/McKiJa00.htm,FB,0,8,2009,False
Dennis McKinley,/M/McKiDe00.htm,FB,0,4,2002,False
Chief McLain,/M/McLaCh20.htm,FB-HB,0,2,1931,False
Ray McLean,/M/McLeRa20.htm,FB-HB,0,1,1921,False
Tom McLaughlin,/M/McLaTo20.htm,FB,0,1,1921,False
Kevin McLeod,/M/McLeKe00.htm,FB,0,5,2003,False
Tom McNamara,/M/McNaTo20.htm,G-FB,0,4,1926,False
Dexter McNabb,/M/McNaDe20.htm,FB,0,4,1995,False
Hal McPhail,/M/McPhHa20.htm,FB,0,2,1935,False
Buck McPhail,/M/McPhBu20.htm,FB-K,0,1,1953,False
Bill McWatters,/M/McWaBi00.htm,FB,0,1,1964,False
Jim Mello,/M/MellJi20.htm,DB-FB-LB,0,3,1949,False
Frank Mestnik,/M/MestFr00.htm,FB,0,4,1963,False
Lou Metzger,/M/MetzLo20.htm,FB-WB,0,1,1926,False
Al Michaels,/M/MichAl20.htm,TB-FB,0,3,1925,False
Bobby Micho,/M/MichBo00.htm,TE-FB,0,4,1987,False
Mike Micka,/M/MickMi20.htm,FB-HB-QB,0,5,1948,False
Tom Mikula,/M/MikuTo20.htm,FB-LB,0,1,1948,False
Buck Miles,/M/MileBu20.htm,FB,0,1,1920,False
Trey Millard,/M/MillTr00.htm,FB,0,1,2014,False
Al Miller,/M/MillAl20.htm,WB-HB-FB-BB,0,1,1929,False
Alan Miller,/M/MillAl00.htm,FB,0,6,1965,False
Bruce Miller,/M/MillBr02.htm,FB,0,5,2015,False
John Miller,/M/MillJo20.htm,FB,0,1,1921,False
Charlie Mills,/M/MillCh21.htm,FB-BB,0,1,1920,False
Garrett Mills,/M/MillGa01.htm,FB,0,4,2010,False
Stan Mills,/M/MillSt20.htm,FB-HB-E,0,3,1924,False
Ed Modzelewski,/M/ModzEd20.htm,FB,0,8,1959,False
Dicky Moegle,/M/MoegDi00.htm,DB-HB-FB,0,7,1961,False
Bo Molenda,/M/MoleBo20.htm,FB-BB-HB,0,9,1935,False
Lou Molinet,/M/MoliLo20.htm,FB,0,1,1927,False
Jim Monachino,/M/MonaJi20.htm,HB-FB-DB,0,5,1955,False
Tom Moore,/M/MoorTo00.htm,HB-FB,0,8,1967,False
Wilbur Moore,/M/MoorWi20.htm,WB-HB-DB-FB,0,8,1946,False
Jake Moreland,/M/MoreJa00.htm,FB-TE,0,2,2001,False
Frank Morris,/M/MorrFr20.htm,FB,0,1,1942,False
Larry Morris,/M/MorrLa20.htm,LB-FB-HB,0,12,1966,False
Fred Morrison,/M/MorrFr00.htm,FB-HB,0,7,1956,False
Joe Morrison,/M/MorrJo01.htm,HB-FL-FB,0,14,1972,False
Harold Morrow,/M/MorrHa00.htm,FB,0,10,2005,False
Marion Motley,/M/MotlMa00.htm,FB-LB,1,10,1955,False
Dick Moynihan,/M/MoynDi20.htm,BB-FB,0,1,1927,False
Frank Muehlheuser,/M/MuehFr20.htm,FB-LB,0,2,1949,False
Ovie Mughelli,/M/MughOv00.htm,FB,0,9,2011,False
Joe Muha,/M/MuhaJo20.htm,FB-LB,0,5,1950,False
Art Murakowski,/M/MuraAr20.htm,FB-LB,0,1,1951,False
Ted Murtha,/M/MurtTe20.htm,G-FB,0,1,1921,False
Jim Musick,/M/MusiJi20.htm,FB,0,5,1936,False
Jack Myers,/M/MyerJa20.htm,FB-QB-LB,0,5,1952,False
Bronko Nagurski,/N/NaguBr00.htm,FB-LB-T,1,14,1943,False
Spencer Nead,/N/NeadSp00.htm,FB,0,1,2003,False
Lorenzo Neal,/N/NealLo00.htm,FB,0,16,2008,False
Derrick Ned,/N/NedxDe00.htm,FB,0,3,1995,False
Jim Neill,/N/NeilJi20.htm,FB-WB,0,3,1939,False
Dick Nesbitt,/N/NesbDi20.htm,HB-FB,0,5,1934,False
Frank Nesser,/N/NessFr20.htm,FB-G-T,0,7,1926,False
Fred Nesser,/N/NessFr21.htm,T-E-FB,0,1,1921,False
Ernie Nevers,/N/NeveEr20.htm,FB,1,6,1931,False
Chuck Newton,/N/NewtCh20.htm,FB-HB,0,2,1940,False
Allen Nichols,/N/NichAl21.htm,FB,0,1,1945,False
Walt Nielsen,/N/NielWa20.htm,FB,0,1,1940,False
Roosevelt Nix,/N/NixxRo01.htm,FB,0,5,2019,True
Moran Norris,/N/NorrMo00.htm,FB,0,11,2011,False
Tom Nowatzke,/N/NowaTo00.htm,FB-LB,0,8,1972,False
Clem Nugent,/N/NugeCl20.htm,FB-WB,0,1,1924,False
Jerry Nuzum,/N/NuzuJe20.htm,HB-FB,0,4,1951,False
Brian O'Neal,/O/ONeaBr20.htm,FB,0,2,1995,False
Oren O'Neal,/O/ONeaOr00.htm,FB,0,3,2009,False
Jamize Olawale,/O/OlawJa00.htm,FB,0,8,2019,True
Forrest Olson,/O/OlsoFo20.htm,G-FB,0,1,1927,False
Johnny Olszewski,/O/OlszJo00.htm,FB-HB,0,10,1962,False
Russ Oltz,/O/OltzRu20.htm,C-G-T-FB,0,6,1925,False
Toben Opurum,/O/OpurTo00.htm,FB,0,2,2015,False
Ricky Ortiz,/O/OrtiRi00.htm,FB,0,2,2019,True
Bill Osmanski,/O/OsmaBi20.htm,FB,0,9,1947,False
Joe Osmanski,/O/OsmaJo20.htm,FB,0,4,1949,False
Joe Pagliei,/P/PaglJo00.htm,FB,0,2,1960,False
Louie Pahl,/P/PahlLo20.htm,WB-FB,0,2,1924,False
John Panelli,/P/PaneJo20.htm,LB-FB,0,5,1953,False
George Papach,/P/PapaGe20.htm,FB,0,2,1949,False
Buddy Parker,/P/ParkBu20.htm,BB-FB,0,9,1943,False
Doc Parkinson,/P/ParkDo21.htm,FB-HB,0,1,1931,False
Jim Parmer,/P/ParmJi20.htm,FB-HB,0,9,1956,False
Bill Parriott,/P/ParrBi20.htm,FB,0,1,1934,False
Lou Partlow,/P/PartLo20.htm,FB-TB-WB-HB,0,10,1929,False
Bill Paschal,/P/PascBi20.htm,FB-HB,0,6,1948,False
Gordon Paschka,/P/PascGo20.htm,FB-G,0,5,1947,False
George Paskvan,/P/PaskGe20.htm,FB,0,1,1941,False
Ralph Pasquariello,/P/PasqRa20.htm,FB,0,3,1952,False
Patrick Pass,/P/PassPa00.htm,FB,0,8,2007,False
John Patrick,/P/PatrJo20.htm,BB-QB-FB,0,6,1946,False
Jeff Paulk,/P/PaulJe20.htm,FB,0,2,2000,False
Clarence Peaks,/P/PeakCl00.htm,FB,0,9,1965,False
Pete Perini,/P/PeriPe20.htm,FB-LB,0,2,1955,False
Art Perkins,/P/PerkAr00.htm,FB,0,2,1963,False
Don Perkins,/P/PerkDo00.htm,FB-HB,0,8,1968,False
Joe Perry,/P/PerrJo00.htm,FB,1,16,1963,False
John Petty,/P/PettJo20.htm,FB,0,1,1942,False
Leo Peyton,/P/PeytLe20.htm,WB-BB-FB,0,2,1924,False
Dean Philpott,/P/PhilDe20.htm,FB,0,1,1958,False
Milt Piepul,/P/PiepMi20.htm,FB,0,1,1941,False
Nick Pietrosante,/P/PietNi00.htm,FB,0,9,1967,False
Andrew Pinnock,/P/PinnAn00.htm,FB,0,5,2007,False
John Pohlman,/P/PohlJo20.htm,FB,0,1,1925,False
John Polanski,/P/PolaJo20.htm,FB,0,5,1946,False
Al Pollard,/P/PollAl20.htm,HB-FB,0,3,1953,False
Marvin Powell,/P/PoweMa00.htm,FB,0,1,1999,False
Preston Powell,/P/PowePr00.htm,FB,0,1,1961,False
Lee Presley,/P/PresLe20.htm,FB-C,0,1,1945,False
Eddie Price,/P/PricEd00.htm,FB,0,6,1955,False
Billy Pricer,/P/PricBi00.htm,FB,0,5,1961,False
Stanley Pritchett,/P/PritSt00.htm,FB,0,9,2004,False
Dewey Proctor,/P/ProcDe20.htm,FB-LB,0,4,1949,False
Jay Prosch,/P/ProsJa00.htm,FB,0,4,2017,False
Lonnie Pryor,/P/PryoLo00.htm,FB,0,1,2014,False
Frank Purnell,/P/PurnFr20.htm,FB,0,1,1957,False
Ed Quirk,/Q/QuirEd20.htm,FB-MG-LB,0,4,1951,False
Vic Radzievitch,/R/RadzVi20.htm,B-G-FB,0,1,1926,False
Peter Rajkovich,/R/RajkPe20.htm,FB-LB,0,1,1934,False
Walt Rankin,/R/RankWa20.htm,QB-FB,0,7,1947,False
Manny Rapp,/R/RappMa20.htm,TB-FB,0,9,1942,False
Kenyon Rasheed,/R/RashKe00.htm,FB,0,3,1995,False
Jamie Reader,/R/ReadJa00.htm,FB,0,1,2001,False
Don Reece,/R/ReecDo20.htm,FB-LB-T,0,1,1946,False
Marcel Reece,/R/ReecMa00.htm,FB,0,8,2016,False
Bill Reichardt,/R/ReicBi20.htm,FB,0,1,1952,False
Bob Reinhard,/R/ReinBo20.htm,T-FB,0,5,1950,False
Dick Renfro,/R/RenfDi20.htm,FB-LB,0,1,1946,False
Neil Rengel,/R/RengNe20.htm,FB,0,1,1930,False
Jim Reynolds,/R/ReynJi20.htm,FB-LB,0,1,1946,False
Owen Reynolds,/R/ReynOw20.htm,E-FB,0,2,1926,False
Alan Ricard,/R/RicaAl00.htm,FB,0,5,2005,False
Dick Richards,/R/RichDi20.htm,FB-WB,0,1,1933,False
Tony Richardson,/R/RichTo00.htm,FB,0,16,2010,False
Aaron Ripkowski,/R/RipkAa00.htm,FB,0,3,2017,False
Jon Ritchie,/R/RitcJo00.htm,FB,0,7,2004,False
Rollin Roach,/R/RoacRo20.htm,FB-WB,0,1,1927,False
C.R. Roberts,/R/RobeC.00.htm,FB,0,4,1962,False
Gene Roberts,/R/RobeEu00.htm,HB-FB,0,4,1950,False
Jacque Robinson,/R/RobiJa21.htm,FB,0,1,1987,False
Michael Robinson,/R/RobiMi00.htm,FB,0,8,2013,False
Ed Robnett,/R/RobnEd20.htm,FB-LB,0,1,1947,False
Hosea Rodgers,/R/RodgHo20.htm,FB,0,1,1949,False
Fran Rogel,/R/RogeFr00.htm,FB,0,8,1957,False
John Rogalla,/R/RogaJo20.htm,FB,0,1,1945,False
Walt Rogers,/R/RogeWa20.htm,FB-LB,0,2,1922,False
George Rohleder,/R/RohlGe20.htm,G-T-FB,0,2,1926,False
Dave Rolle,/R/RollDa00.htm,FB,0,1,1960,False
Rudy Romboli,/R/RombRu20.htm,FB-LB,0,3,1948,False
Sal Rosato,/R/RosaSa20.htm,FB,0,3,1947,False
Ken Roskie,/R/RoskKe20.htm,FB,0,3,1948,False
Willie Ross,/R/RossWi00.htm,FB,0,1,1964,False
George Roudebush,/R/RoudGe20.htm,TB-FB,0,2,1921,False
Nelson Rupp,/R/RuppNe20.htm,WB-FB,0,1,1921,False
Nick Ryder,/R/RydeNi00.htm,FB,0,2,1964,False
Steve Sader,/S/SadeSt20.htm,FB,0,1,1943,False
Chuck Sample,/S/SampCh20.htm,FB,0,4,1945,False
Eber Sampson,/S/SampEb20.htm,FB,0,3,1923,False
Dick Sandefur,/S/SandDi20.htm,FB,0,2,1937,False
Theron Sapp,/S/SappTh00.htm,FB-HB,0,7,1965,False
Russ Saunders,/S/SaunRu20.htm,FB,0,1,1931,False
Joe Savoldi,/S/SavoJo20.htm,FB,0,1,1930,False
James Saxon,/S/SaxoJa00.htm,FB,0,8,1995,False
Charlie Scales,/S/ScalCh00.htm,HB-FB,0,7,1966,False
Don Schaefer,/S/SchaDo20.htm,FB,0,1,1956,False
Walt Schlinkman,/S/SchlWa20.htm,FB,0,4,1949,False
Cory Schlesinger,/S/SchlCo00.htm,FB,0,12,2006,False
Art Schmaehl,/S/SchmAr20.htm,FB,0,1,1921,False
Derek Schouman,/S/SchoDe00.htm,TE-FB,0,4,2010,False
Bill Schroll,/S/SchrBi21.htm,LB-FB,0,3,1951,False
Karl Schuelke,/S/SchuKa20.htm,FB,0,1,1939,False
Pete Schultz,/S/SchuPe20.htm,FB,0,3,1922,False
Johnny Scott,/S/ScotJo21.htm,BB-TB-WB-FB,0,4,1923,False
Sam Sebo,/S/SeboSa20.htm,FB-WB,0,1,1930,False
Harry Seltzer,/S/SeltHa20.htm,FB,0,1,1942,False
Bob Seymour,/S/SeymBo20.htm,HB-FB,0,7,1946,False
Ed Shaw,/S/ShawEd20.htm,T-FB-WB-G,0,4,1923,False
Glenn Shaw,/S/ShawGl00.htm,FB,0,5,1964,False
John Shelburne,/S/ShelJo20.htm,FB,0,1,1922,False
Daimon Shelton,/S/ShelDa00.htm,FB,0,10,2006,False
Gerry Sherry,/S/SherGe20.htm,FB,0,1,1926,False
Jerry Shipkey,/S/ShipJe00.htm,LB-FB-DB,0,6,1953,False
Johnny Shultz,/S/ShulJo20.htm,WB-FB,0,1,1930,False
Jules Siegle,/S/SiegJu20.htm,FB-LB,0,1,1948,False
John Simons,/S/SimoJo20.htm,FB-E,0,1,1924,False
Willie Simpson,/S/SimpWi00.htm,FB,0,1,1962,False
Marvin Sims,/S/SimsMa00.htm,FB,0,2,1981,False
Gil Skeate,/S/SkeaGi20.htm,FB,0,1,1927,False
Fritz Slackford,/S/SlacFr20.htm,WB-FB-E,0,2,1921,False
Howie Slater,/S/SlatHo20.htm,FB,0,1,1926,False
Bob Smith,/S/SmitBo22.htm,FB,0,2,1954,False
Cedric Smith,/S/SmitCe00.htm,FB,0,8,1997,False
Carl Smith,/S/SmitCa00.htm,FB,0,1,1960,False
Dave Smith,/S/SmitDa02.htm,FB,0,5,1964,False
Ed Smith,/S/SmitEd20.htm,BB-FB-TB-DB,0,2,1937,False
Gaylon Smith,/S/SmitGa21.htm,FB-WB-BB-DB-LB,0,8,1946,False
George Smith,/S/SmitGe21.htm,FB-DB,0,1,1943,False
J.D. Smith,/S/SmitJ.00.htm,FB-HB-DB,0,11,1966,False
J.D. Smith,/S/SmitJ.01.htm,FB-HB,0,2,1961,False
Oak Smith,/S/SmitOa20.htm,E-FB-WB,0,2,1921,False
Pat Smith,/S/SmitPa20.htm,FB,0,4,1923,False
Red Smith,/S/SmitRe20.htm,TB-WB-BB-G-FB,0,5,1931,False
Shane Smith,/S/SmitSh02.htm,FB,0,2,2018,False
Stu Smith,/S/SmitSt23.htm,FB-LB-TB-DB,0,2,1938,False
Terrelle Smith,/S/SmitTe00.htm,FB,0,10,2009,False
Wee Willie Smith,/S/SmitWe20.htm,DB-TB-FB,0,1,1934,False
Mark Smolinski,/S/SmolMa00.htm,FB-TE,0,8,1968,False
Dave Smukler,/S/SmukDa20.htm,FB-LB,0,9,1944,False
Ken Snelling,/S/SnelKe20.htm,FB-LB,0,1,1945,False
Matt Snider,/S/SnidMa21.htm,FB,0,3,2001,False
Gus Sonnenberg,/S/SonnGu20.htm,T-FB-TB,0,8,1930,False
Jerald Sowell,/S/SoweJe00.htm,FB,0,10,2006,False
Jim Spavital,/S/SpavJi20.htm,FB-LB,0,2,1950,False
Glen Spear,/S/SpeaGl20.htm,FB-WB-E,0,1,1926,False
Jack Spikes,/S/SpikJa00.htm,FB-HB-K,0,8,1967,False
Jack Spinks,/S/SpinJa20.htm,T-G-FB-DT,0,6,1957,False
Charles Stackhouse,/S/StacCh00.htm,FB,0,2,2003,False
Jack Stackpool,/S/StacJa20.htm,FB,0,1,1942,False
Norm Standlee,/S/StanNo00.htm,FB-LB,0,12,1952,False
Matt Stanley,/S/StanMa20.htm,FB,0,1,2004,False
Ken Steinmetz,/S/SteiKe20.htm,FB-LB,0,2,1945,False
Dutch Sternaman,/S/SterDu20.htm,HB-QB-FB,0,8,1927,False
Jeremy Stewart,/S/StewJe00.htm,FB,0,3,2014,False
James Stinnette,/S/StinJi00.htm,FB-LB,0,2,1962,False
Hust Stockton,/S/StocHu20.htm,FB-TB-HB,0,5,1929,False
Donnie Stone,/S/StonDo00.htm,HB-FB,0,6,1966,False
Pete Stout,/S/StouPe20.htm,FB-LB,0,2,1950,False
Dutch Strauss,/S/StraDu21.htm,FB-WB,0,2,1924,False
Bishop Strickland,/S/StriBi22.htm,FB,0,1,1951,False
Bob Stringer,/S/StriBo20.htm,LB-FB,0,2,1953,False
Ken Strong,/S/StroKe20.htm,FB-TB-HB-WB-DB-K,1,19,1947,False
Mack Strong,/S/StroMa00.htm,FB,0,14,2007,False
Steve Sucic,/S/SuciSt20.htm,HB-FB,0,3,1948,False
 Sullivan,/S/Sullxx20.htm,FB,0,1,1920,False
Jack Sullivan,/S/SullJa21.htm,FB,0,1,1921,False
Jack Sullivan,/S/SullJa20.htm,FB,0,1,1921,False
Bob Summerhays,/S/SummBo20.htm,LB-FB,0,3,1951,False
Ed Sustersic,/S/SustEd20.htm,FB-LB,0,1,1949,False
Bill Svoboda,/S/SvobBi00.htm,LB-FB,0,9,1958,False
Fred Sweetland,/S/SweeFr21.htm,WB-FB,0,2,1921,False
Bob Sykes,/S/SykeBo20.htm,FB,0,1,1952,False
Paul Szakash,/S/SzakPa20.htm,E-BB-FB,0,5,1942,False
Thomas Tapeh,/T/TapeTh00.htm,FB,0,5,2008,False
Biff Taugher,/T/TaugBi20.htm,FB,0,1,1922,False
Jim Taylor,/T/TaylJi00.htm,FB,1,10,1967,False
Lee Tevis,/T/TeviLe20.htm,FB-LB,0,2,1948,False
Lowell Tew,/T/TewxLo20.htm,FB,0,2,1949,False
Jim Thibaut,/T/ThibJi20.htm,FB-LB,0,1,1946,False
Karl Thielscher,/T/ThieKa20.htm,FB,0,1,1920,False
Carl Thomas,/T/ThomCa21.htm,T-E-BB-FB,0,4,1923,False
John Thomas,/T/ThomJo22.htm,FB,0,2,1925,False
Rex Thomas,/T/ThomRe20.htm,WB-FB-TB-HB,0,6,1931,False
Robert Thomas,/T/ThomRo02.htm,FB-LB,0,5,2002,False
Bill Thornton,/T/ThorBi00.htm,FB,0,5,1967,False
Jim Thorpe,/T/ThorJi20.htm,TB-E-FB,1,9,1928,False
Ed Tillison,/T/TillEd20.htm,FB,0,1,1992,False
Charlie Timmons,/T/TimmCh20.htm,FB-LB,0,1,1946,False
Tim Tindale,/T/TindTi00.htm,FB,0,3,1997,False
Charley Tolar,/T/TolaCh00.htm,FB,0,7,1966,False
Lou Tomasetti,/T/TomaLo20.htm,FB-HB,0,11,1949,False
Mario Tonelli,/T/ToneMa20.htm,FB,0,1,1940,False
Manase Tonga,/T/TongMa00.htm,FB,0,1,2011,False
Zollie Toth,/T/TothZo00.htm,FB,0,5,1954,False
Dan Towler,/T/TowlDa00.htm,FB,0,6,1955,False
Tom Tracy,/T/TracTo00.htm,HB-FB,0,9,1964,False
John Travis,/T/TravJo20.htm,FB,0,1,1966,False
Stephen Trejo,/T/TrejSt00.htm,FB,0,4,2004,False
Jack Triggs,/T/TrigJa20.htm,FB,0,1,1926,False
Frank Trigilio,/T/TrigFr20.htm,FB,0,1,1946,False
Mel Triplett,/T/TripMe00.htm,FB,0,8,1962,False
Kevin Turner,/T/TurnKe00.htm,FB,0,8,1999,False
Jiggs Ullery,/U/UlleJi20.htm,TB-WB-FB,0,1,1922,False
Ebert Van Buren,/V/VanBEb20.htm,DB-LB-FB-HB,0,3,1953,False
Joe Vance,/V/VancJo20.htm,WB-FB,0,1,1931,False
Viv Vanderloo,/V/VandVi20.htm,FB,0,1,1921,False
Lou Vedder,/V/VeddLo20.htm,FB,0,1,1927,False
Roy Vexall,/V/VexaRo20.htm,FB,0,2,1925,False
Gene Vidal,/V/VidaGe20.htm,FB,0,1,1921,False
Lawrence Vickers,/V/VickLa00.htm,FB,0,7,2012,False
Danny Vitale,/V/VitaDa00.htm,FB,0,4,2019,True
Gordon Wallace,/W/WallGo20.htm,TB-FB-C,0,2,1924,False
Jeremy Ware,/W/WareJe99.htm,FB,0,1,2010,False
Morrie Warren,/W/WarrMo20.htm,FB-LB,0,1,1948,False
Patrick Washington,/W/WashPa00.htm,FB,0,2,2002,False
Derek Watt,/W/WattDe00.htm,FB,0,4,2019,True
Chuck Webb,/W/WebbCh20.htm,FB,0,1,1991,False
Ken Webb,/W/WebbKe00.htm,HB-FB,0,6,1963,False
Alex Webster,/W/WebsAl00.htm,HB-FB,0,10,1964,False
Izzy Weinstock,/W/WeinIz20.htm,FB-BB,0,4,1938,False
Howie Weiss,/W/WeisHo20.htm,FB,0,2,1940,False
Barney Wentz,/W/WentBa20.htm,FB,0,4,1928,False
Bull Wesley,/W/WeslBu20.htm,C-G-T-FB,0,5,1930,False
Pat West,/W/WestPa20.htm,FB,0,4,1948,False
Walter West,/W/WestWa20.htm,FB-DB,0,1,1944,False
Bob Westfall,/W/WestBo20.htm,FB-LB-TB,0,4,1947,False
Buzz Wetzel,/W/WetzBu20.htm,FB-LB,0,1,1935,False
Jodie Whire,/W/WhirJo20.htm,FB-LB,0,1,1933,False
Bob White,/W/WhitBo22.htm,FB,0,1,1960,False
Buck White,/W/WhitBu20.htm,FB,0,5,1929,False
Ellery White,/W/WhitEl20.htm,WB-FB,0,1,1926,False
Nikita Whitlock,/W/WhitNi01.htm,FB,0,2,2015,False
Hubert Wiggs,/W/WiggHu20.htm,FB-T,0,3,1923,False
Frank Williams,/W/WillFr20.htm,FB-LB,0,1,1948,False
Frank Williams,/W/WillFr21.htm,FB,0,1,1961,False
Joe Williams,/W/WillJo21.htm,G-E-FB,0,4,1926,False
John Williams,/W/WillJo00.htm,FB,0,10,1995,False
Marquez Williams,/W/WillMa09.htm,FB,0,1,2017,False
Mike Williams,/W/WillMi02.htm,TE-FB,0,3,1981,False
Ben Wilson,/W/WilsBe00.htm,FB-HB,0,5,1967,False
Camp Wilson,/W/WilsCa20.htm,FB,0,4,1949,False
Frank Wilson,/W/WilsFr21.htm,TE-FB,0,1,1982,False
Tim Wilson,/W/WilsTi00.htm,FB,0,8,1984,False
Tommy Wilson,/W/WilsTo00.htm,HB-FB,0,8,1963,False
Lloyd Winston,/W/WinsLl00.htm,FB,0,2,1963,False
Terry Witherspoon,/W/WithTe00.htm,FB,0,1,2001,False
Red Wolfe,/W/WolfRe20.htm,FB,0,1,1938,False
Bill Wolski,/W/WolsBi20.htm,FB,0,1,1966,False
 Wood,/W/Woodxx20.htm,FB,0,1,1920,False
Marv Wood,/W/WoodMa20.htm,WB-FB-E,0,1,1924,False
Neil Worden,/W/WordNe20.htm,FB,0,4,1957,False
Lee Wykoff,/W/WykoLe20.htm,FB-HB,0,1,1923,False
Arnie Wyman,/W/WymaAr20.htm,FB-HB,0,1,1920,False
Chet Wynne,/W/WynnCh20.htm,FB-TB,0,1,1922,False
Elmer Wynne,/W/WynnEl20.htm,FB,0,2,1929,False
Vinnie Yablonski,/Y/YablVi20.htm,FB-LB,0,4,1951,False
Buddy Young,/Y/YounBu00.htm,HB-FB-DB,0,9,1955,False
Darrel Young,/Y/YounDa01.htm,FB,0,6,2015,False
Dick Young,/Y/YounDi20.htm,FB-HB,0,3,1957,False
Russ Young,/Y/YounRu20.htm,FB,0,1,1925,False
Tank Younger,/Y/YounTa00.htm,FB-LB-HB,0,10,1958,False
Henry Zehrer,/Z/ZehrHe20.htm,FB-WB,0,1,1926,False
Michael Zimmer,/Z/ZimmMi00.htm,FB,0,1,2014,False
Michael Zordich,/Z/ZordMi01.htm,FB,0,1,2014,False
