Name,URL,Position,HallOfFame,TotalYears,LastYear,Active
Dominic Alford,/A/AlfoDo00.htm,OL,0,1,2012,False
David Arkin,/A/ArkiDa00.htm,OL,0,5,2016,False
Alex Balducci,/B/BaldAl01.htm,OL,0,1,2016,False
Karim Barton,/B/BartKa00.htm,OL,0,1,2014,False
Garrett Bradbury,/B/BradGa00.htm,OL,0,1,2019,True
Corey Brandon,/B/BranCo00.htm,OL,0,1,2012,False
James Brewer,/B/BrewJa00.htm,OL,0,3,2014,False
Marcus Cannon,/C/CannMa00.htm,OL,0,9,2019,True
Gabe Carimi,/C/CariGa00.htm,OL,0,4,2014,False
Jack Cornell,/C/CornJa00.htm,OL,0,2,2013,False
Dennis Daley,/D/DaleDe00.htm,OL,0,1,2019,True
Nate Davis,/D/DaviNa01.htm,OL,0,1,2019,True
Michael Deiter,/D/DeitMi00.htm,OL,0,1,2019,True
Derek Dennis,/D/DennDe00.htm,OL,0,3,2014,False
Andre Dillard,/D/DillAn00.htm,OL,0,1,2019,True
Cornelius Edison,/E/EdisCo00.htm,OL,0,1,2016,False
Chuma Edoga,/E/EdogCh00.htm,OL,0,1,2019,True
David Edwards,/E/EdwaDa01.htm,OL,0,1,2019,True
Bobby Evans,/E/EvanBo00.htm,OL,0,1,2019,True
Anthony Fabiano,/F/FabiAn00.htm,OL,0,2,2017,False
Cody Ford,/F/FordCo00.htm,OL,0,1,2019,True
Desmond Harrison,/H/HarrDe05.htm,OL,0,1,2018,False
Caylin Hauptmann,/H/HaupCa00.htm,OL,0,2,2014,False
Kyle Hix,/H/HixxKy00.htm,OL,0,1,2012,False
Tyler Hoover,/H/HoovTy00.htm,OL,0,1,2014,False
Rodney Hudson,/H/HudsRo00.htm,OL,0,9,2019,True
Zach Hurd,/H/HurdZa00.htm,OL,0,1,2012,False
Maurice Hurt,/H/HurtMa00.htm,OL,0,2,2012,False
Ben Ijalana,/I/IjalBe00.htm,OL,0,7,2017,True
Andrew Jackson,/J/JackAn00.htm,OL,0,1,2012,False
Elgton Jenkins,/J/JenkEl00.htm,OL,0,1,2019,True
Michael Jordan,/J/JordMi01.htm,OL,0,1,2019,True
Josh Kline,/K/KlinJo01.htm,OL,0,7,2019,True
Corey Levin,/L/LeviCo00.htm,OL,0,1,2018,True
Mike Liedtke,/L/LiedMi00.htm,OL,0,2,2018,True
Chris Lindstrom,/L/LindCh00.htm,OL,0,1,2019,True
Greg Little,/L/LittGr01.htm,OL,0,1,2019,True
Demarcus Love,/L/LoveDe00.htm,OL,0,3,2014,False
Erik McCoy,/M/McCoEr01.htm,OL,0,1,2019,True
Kaleb McGary,/M/McGaKa00.htm,OL,0,1,2019,True
David Mims,/M/MimsDa01.htm,OL,0,1,2012,False
Daniel Munyer,/M/MunyDa00.htm,OL,0,4,2018,False
Kevin Murphy,/M/MurpKe00.htm,OL,0,1,2012,False
Pace Murphy,/M/MurpPa00.htm,OL,0,1,2016,False
Jimmy Murray,/M/MurrJi00.htm,OL,0,1,2018,True
Alex Parsons,/P/ParsAl00.htm,OL,0,3,2014,False
Ross Pierschbacher,/P/PierRo00.htm,OL,0,1,2019,True
Jason Pinkston,/P/PinkJa00.htm,OL,0,3,2013,False
Ben Powers,/P/PoweBe00.htm,OL,0,1,2019,True
Isaiah Prince,/P/PrinIs00.htm,OL,0,1,2019,True
Rich Ranglin,/R/RangRi00.htm,OL,0,1,2012,False
Dalton Risner,/R/RisnDa00.htm,OL,0,1,2019,True
Dru Samia,/S/SamiDr00.htm,OL,0,1,2019,True
Stephen Schilling,/S/SchiSt00.htm,OL,0,4,2014,False
Caleb Schlauderaff,/S/SchlCa00.htm,OL,0,3,2013,False
Jarrod Shaw,/S/ShawJa00.htm,OL,0,1,2012,False
Derek Sherrod,/S/SherDe00.htm,OL,0,4,2014,False
Zach Sterup,/S/SterZa00.htm,OL,0,2,2018,True
Jawaan Taylor,/T/TaylJa02.htm,OL,0,1,2019,True
J.J. Unga,/U/UngaJ.00.htm,OL,0,2,2014,False
Julian Vandervelde,/V/VandJu00.htm,OL,0,5,2015,False
Martin Wallace,/W/WallMa00.htm,OL,0,2,2014,False
Danny Watkins,/W/WatkDa00.htm,OL,0,3,2013,False
Scott Wedige,/W/WediSc00.htm,OL,0,1,2012,False
Darrell Williams,/W/WillDa08.htm,OL,0,1,2017,False
Keith Williams,/W/WillKe04.htm,OL,0,1,2012,False
Zack Williams,/W/WillZa01.htm,OL,0,1,2012,False
Lee Ziemba,/Z/ZiemLe00.htm,OL,0,2,2012,False
Markus Zusevics,/Z/ZuseMa00.htm,OL,0,1,2012,False
