Name,URL,Position,HallOfFame,TotalYears,LastYear,Active
Emmanuel Acho,/A/AchoEm00.htm,OLB,0,3,2014,False
Sam Acho,/A/AchoSa00.htm,OLB,0,9,2019,True
D.J. Alexander,/A/AlexD.00.htm,OLB,0,5,2019,True
Kwon Alexander,/A/AlexKw00.htm,OLB,0,5,2019,True
Denicos Allen,/A/AlleDe00.htm,OLB,0,1,2014,False
Ryan Anderson,/A/AndeRy00.htm,OLB,0,3,2019,True
Alex Anzalone,/A/AnzaAl00.htm,OLB,0,3,2019,True
Jeremiah Attaochu,/A/AttaJe00.htm,OLB,0,6,2019,True
Jerome Baker,/B/BakeJe00.htm,OLB,0,2,2019,True
Neiron Ball,/B/BallNe00.htm,OLB,0,1,2015,False
Anthony Barr,/B/BarrAn00.htm,OLB,0,6,2019,True
Shaquil Barrett,/B/BarrSh00.htm,OLB,0,6,2019,True
Houston Bates,/B/BateHo00.htm,OLB,0,2,2016,False
Vic Beasley,/B/BeasVi00.htm,OLB,0,5,2019,True
Brandon Bell,/B/BellBr01.htm,OLB,0,2,2018,False
Vince Biegel,/B/BiegVi00.htm,OLB,0,3,2019,True
Devante Bond,/B/BondDe00.htm,OLB,0,3,2019,True
Tashawn Bower,/B/BoweTa00.htm,OLB,0,2,2018,True
Tyus Bowser,/B/BowsTy00.htm,OLB,0,3,2019,True
Carl Bradford,/B/BradCa01.htm,OLB,0,3,2016,False
Bam Bradley,/B/BradBa00.htm,OLB,0,1,2017,False
Nigel Bradham,/B/BradNi00.htm,OLB,0,8,2019,True
Arthur Brown,/B/BrowAr00.htm,OLB,0,4,2016,False
Jatavis Brown,/B/BrowJa05.htm,OLB,0,4,2019,True
Jonathan Brown,/B/BrowJo01.htm,OLB,0,1,2014,False
Zach Brown,/B/BrowZa00.htm,OLB,0,8,2019,True
Miles Burris,/B/BurrMi00.htm,OLB,0,3,2014,False
De'Vondre Campbell,/C/CampDe00.htm,OLB,0,4,2019,True
Jamie Collins,/C/CollJa00.htm,OLB,0,7,2019,True
Kamalei Correa,/C/CorrKa00.htm,OLB,0,4,2019,True
Su'a Cravens,/C/CravSu00.htm,OLB,0,3,2018,False
Zach Cunningham,/C/CunnZa00.htm,OLB,0,3,2019,True
Lavonte David,/D/DaviLa00.htm,OLB,0,8,2019,True
Demario Davis,/D/DaviDe00.htm,OLB,0,8,2019,True
Paul Dawson,/D/DawsPa00.htm,OLB,0,3,2017,False
Samson Ebukam,/E/EbukSa00.htm,OLB,0,3,2019,True
Kasim Edebali,/E/EdebKa00.htm,OLB,0,5,2018,False
Ukeme Eligwe,/E/EligUk00.htm,OLB,0,2,2018,True
Kyle Emanuel,/E/EmanKy00.htm,OLB,0,4,2018,False
Kyler Fackrell,/F/FackKy00.htm,OLB,0,4,2019,True
Darius Fleming,/F/FlemDa00.htm,OLB,0,4,2015,False
Marquis Flowers,/F/FlowMa00.htm,OLB,0,5,2018,True
Leonard Floyd,/F/FloyLe00.htm,OLB,0,4,2019,True
Khairi Fortt,/F/FortKh00.htm,OLB,0,1,2014,False
Dante Fowler,/F/FowlDa00.htm,OLB,0,4,2019,True
Alani Fua,/F/FuaxAl00.htm,OLB,0,2,2016,False
Andrew Gachkar,/G/GachAn00.htm,OLB,0,7,2017,False
Markus Golden,/G/GoldMa00.htm,OLB,0,5,2019,True
Zaviar Gooden,/G/GoodZa00.htm,OLB,0,4,2016,False
B.J. Goodson,/G/GoodB.00.htm,OLB,0,4,2019,True
Khaseem Greene,/G/GreeKh00.htm,OLB,0,2,2014,False
Shaquem Griffin,/G/GrifSh01.htm,OLB,0,2,2019,True
Geneo Grissom,/G/GrisGe00.htm,OLB,0,4,2018,False
Kamu Grugier-Hill,/G/GrugKa00.htm,OLB,0,4,2019,True
Eli Harold,/H/HaroEl00.htm,OLB,0,4,2018,False
Nigel Harris,/H/HarrNi00.htm,OLB,0,3,2019,True
Marquis Haynes,/H/HaynMa01.htm,OLB,0,2,2019,True
Jordan Hicks,/H/HickJo00.htm,OLB,0,5,2019,True
Anthony Hitchens,/H/HitcAn00.htm,OLB,0,6,2019,True
Gerald Hodges,/H/HodgGe00.htm,OLB,0,6,2018,False
DeVonte Holloman,/H/HollDe01.htm,OLB,0,2,2014,False
Tyrone Holmes,/H/HolmTy01.htm,OLB,0,2,2017,False
Travin Howard,/H/HowaTr00.htm,OLB,0,1,2019,True
Adrian Hubbard,/H/HubbAd00.htm,OLB,0,1,2014,False
Isaiah Irving,/I/IrviIs00.htm,OLB,0,3,2019,True
Myles Jack,/J/JackMy00.htm,OLB,0,4,2019,True
Leon Jacobs,/J/JacoLe00.htm,OLB,0,2,2019,True
Cory James,/J/JameCo00.htm,OLB,0,2,2017,False
Malik Jefferson,/J/JeffMa00.htm,OLB,0,2,2019,True
Brandon Jenkins,/J/JenkBr00.htm,OLB,0,1,2013,False
Jelani Jenkins,/J/JenkJe00.htm,OLB,0,5,2017,False
Jordan Jenkins,/J/JenkJo01.htm,OLB,0,4,2019,True
Randell Johnson,/J/JohnRa01.htm,OLB,0,3,2016,False
Deion Jones,/J/JoneDe01.htm,OLB,0,4,2019,True
Jarvis Jones,/J/JoneJa05.htm,OLB,0,4,2016,False
Joseph Jones,/J/JoneJo05.htm,OLB,0,3,2019,True
Devon Kennard,/K/KennDe00.htm,OLB,0,6,2019,True
Hau'oli Kikaha,/K/KikaHa00.htm,OLB,0,3,2017,False
Christian Kirksey,/K/KirkCh00.htm,OLB,0,6,2019,True
Harold Landry,/L/LandHa00.htm,OLB,0,2,2019,True
Darron Lee,/L/LeexDa00.htm,OLB,0,4,2019,True
Elijah Lee,/L/LeexEl00.htm,OLB,0,3,2019,True
Corey Lemonier,/L/LemoCo00.htm,OLB,0,4,2016,False
Ronnell Lewis,/L/LewiRo02.htm,OLB,0,1,2012,False
Travis Lewis,/L/LewiTr00.htm,OLB,0,4,2015,False
Steve Longa,/L/LongSt00.htm,OLB,0,4,2019,True
John Lotulelei,/L/LotuJo00.htm,OLB,0,3,2015,False
Khalil Mack,/M/MackKh00.htm,OLB,0,6,2019,True
Brandon Magee,/M/MageBr00.htm,OLB,0,2,2014,False
Curt Maggitt,/M/MaggCu00.htm,OLB,0,1,2016,False
Terrell Manning,/M/MannTe00.htm,OLB,0,3,2014,False
Brandon Marshall,/M/MarsBr01.htm,OLB,0,7,2018,False
Lorenzo Mauldin,/M/MaulLo00.htm,OLB,0,2,2016,False
Michael Mauti,/M/MautMi00.htm,OLB,0,5,2017,False
Takkarist McKinley,/M/McKiTa00.htm,OLB,0,3,2019,True
Matt Milano,/M/MilaMa00.htm,OLB,0,3,2019,True
Gabe Miller,/M/MillGa00.htm,OLB,0,3,2014,False
Barkevious Mingo,/M/MingBa00.htm,OLB,0,7,2019,True
Nick Moody,/M/MoodNi00.htm,OLB,0,4,2016,False
Sio Moore,/M/MoorSi00.htm,OLB,0,4,2016,False
Skai Moore,/M/MoorSk00.htm,OLB,0,2,2019,True
Deiontrez Mount,/M/MounDe00.htm,OLB,0,3,2017,False
Calvin Munson,/M/MunsCa00.htm,OLB,0,3,2019,True
Corey Nelson,/N/NelsCo00.htm,OLB,0,6,2019,True
Jonathan Newsome,/N/NewsJo00.htm,OLB,0,2,2015,False
Yannick Ngakoue,/N/NgakYa00.htm,OLB,0,4,2019,True
Uchenna Nwosu,/N/NwosUc00.htm,OLB,0,2,2019,True
Mark Nzeocha,/N/NzeoMa00.htm,OLB,0,5,2019,True
Dorian O'Daniel,/O/ODanDo00.htm,OLB,0,2,2019,True
Alec Ogletree,/O/OgleAl00.htm,OLB,0,7,2019,True
James Onwualu,/O/OnwuJa00.htm,OLB,0,2,2018,True
Nate Orchard,/O/OrchNa00.htm,OLB,0,5,2019,True
Joshua Perry,/P/PerrJo01.htm,OLB,0,2,2017,False
Carroll Phillips,/P/PhilCa00.htm,OLB,0,3,2019,True
Kevin Pierre-Louis,/P/PierKe00.htm,OLB,0,6,2019,True
Sean Porter,/P/PortSe00.htm,OLB,0,3,2016,False
Ronald Powell,/P/PoweRo01.htm,OLB,0,1,2014,False
Ty Powell,/P/PoweTy00.htm,OLB,0,2,2014,False
Ejuan Price,/P/PricEj00.htm,OLB,0,1,2017,False
Haason Reddick,/R/ReddHa00.htm,OLB,0,3,2019,True
Jalen Reeves-Maybin,/R/ReevJa00.htm,OLB,0,3,2019,True
Trevor Reilly,/R/ReilTr00.htm,OLB,0,4,2017,False
Duke Riley,/R/RileDu00.htm,OLB,0,3,2019,True
Edmond Robinson,/R/RobiEd00.htm,OLB,0,3,2017,False
Keenan Robinson,/R/RobiKe01.htm,OLB,0,6,2017,False
Jake Ryan,/R/RyanJa00.htm,OLB,0,5,2019,True
Joe Schobert,/S/SchoJo00.htm,OLB,0,4,2019,True
Ryan Shazier,/S/ShazRy00.htm,OLB,0,4,2017,True
Prince Shembo,/S/ShemPr00.htm,OLB,0,1,2014,False
Jaylon Smith,/S/SmitJa05.htm,OLB,0,3,2019,True
Malcolm Smith,/S/SmitMa02.htm,OLB,0,9,2019,True
Will Smith,/S/SmitWi01.htm,OLB,0,1,2014,False
Martrell Spaight,/S/SpaiMa00.htm,OLB,0,4,2018,False
Tyler Starr,/S/StarTy00.htm,OLB,0,2,2015,False
Tony Steward,/S/StewTo01.htm,OLB,0,1,2015,False
Nathan Stupar,/S/StupNa01.htm,OLB,0,8,2019,True
Pita Taumoepenu,/T/TaumPi00.htm,OLB,0,2,2018,True
J.R. Tavai,/T/TavaJ.00.htm,OLB,0,1,2015,False
Matthew Thomas,/T/ThomMa00.htm,OLB,0,1,2018,False
Shaq Thompson,/T/ThomSh01.htm,OLB,0,5,2019,True
Danny Trevathan,/T/TrevDa00.htm,OLB,0,8,2019,True
Jordan Tripp,/T/TripJo00.htm,OLB,0,4,2017,False
Kemoko Turay,/T/TuraKe00.htm,OLB,0,2,2019,True
Courtney Upshaw,/U/UpshCo00.htm,OLB,0,6,2017,False
Kyle Van Noy,/V/VanNKy00.htm,OLB,0,6,2019,True
Leighton Vander Esch,/V/VandLe00.htm,OLB,0,2,2019,True
Aaron Wallace,/W/WallAa00.htm,OLB,0,3,2018,True
Fred Warner,/W/WarnFr00.htm,OLB,0,2,2019,True
T.J. Watt,/W/WattT.00.htm,OLB,0,3,2019,True
Brandon Watts,/W/WattBr00.htm,OLB,0,2,2015,False
Stephen Weatherly,/W/WeatSt00.htm,OLB,0,4,2019,True
Tahir Whitehead,/W/WhitTa00.htm,OLB,0,8,2019,True
Kyle Wilber,/W/WilbKy00.htm,OLB,0,8,2019,True
Antwione Williams,/W/WillAn01.htm,OLB,0,1,2016,False
Jabara Williams,/W/WillJa12.htm,OLB,0,2,2012,False
Jacquian Williams,/W/WillJa02.htm,OLB,0,4,2014,False
Tim Williams,/W/WillTi00.htm,OLB,0,3,2019,True
Trevardo Williams,/W/WillTr02.htm,OLB,0,1,2014,False
Martez Wilson,/W/WilsMa01.htm,OLB,0,3,2013,False
Chris Worley,/W/WorlCh00.htm,OLB,0,1,2018,False
Jordan Zumwalt,/Z/ZumwJo00.htm,OLB,0,1,2014,False
