Name,URL,Position,HallOfFame,TotalYears,LastYear,Active
Oday Aboushi,/A/AbouOd00.htm,OT,0,6,2019,True
Mike Adams,/A/AdamMi02.htm,OT,0,5,2016,False
Terron Armstead,/A/ArmsTe00.htm,OT,0,7,2019,True
David Bakhtiari,/B/BakhDa00.htm,OT,0,7,2019,True
Willie Beavers,/B/BeavWi00.htm,OT,0,1,2016,False
Nick Becton,/B/BectNi00.htm,OT,0,3,2015,False
Caleb Benenoch,/B/BeneCa00.htm,OT,0,4,2019,True
Tony Bergstrom,/B/BergTo00.htm,OT,0,8,2019,True
Adam Bisnowaty,/B/BisnAd00.htm,OT,0,1,2017,False
Joel Bitonio,/B/BitoJo00.htm,OT,0,6,2019,True
Garett Bolles,/B/BollGa00.htm,OT,0,3,2019,True
Justin Britt,/B/BritJu00.htm,OT,0,6,2019,True
Jamon Brown,/B/BrowJa04.htm,OT,0,5,2019,True
Orlando Brown,/B/BrowOr00.htm,OT,0,2,2019,True
Trent Brown,/B/BrowTr02.htm,OT,0,5,2019,True
Daniel Brunskill,/B/BrunDa00.htm,OT,0,1,2019,True
Alex Cappa,/C/CappAl00.htm,OT,0,2,2019,True
Geron Christian,/C/ChriGe01.htm,OT,0,2,2019,True
Le'Raven Clark,/C/ClarLe01.htm,OT,0,3,2018,True
T.J. Clemmings,/C/ClemT.00.htm,OT,0,4,2018,True
Shon Coleman,/C/ColeSh00.htm,OT,0,2,2017,True
La'el Collins,/C/CollLa01.htm,OT,0,5,2019,True
Jack Conklin,/C/ConkJa00.htm,OT,0,4,2019,True
Tyrell Crosby,/C/CrosTy00.htm,OT,0,2,2019,True
Cole Croston,/C/CrosCo00.htm,OT,0,2,2018,True
Korey Cunningham,/C/CunnKo00.htm,OT,0,2,2019,True
Julie'n Davenport,/D/DaveJu00.htm,OT,0,3,2019,True
Taylor Decker,/D/DeckTa00.htm,OT,0,4,2019,True
Jamil Demby,/D/DembJa00.htm,OT,0,1,2019,True
Andrew Donnal,/D/DonnAn00.htm,OT,0,5,2019,True
Dakota Dozier,/D/DoziDa00.htm,OT,0,6,2019,True
Laurent Duvernay-Tardif,/D/DuveLa00.htm,OT,0,6,2019,True
Cameron Erving,/E/ErviCa00.htm,OT,0,5,2019,True
Tayo Fabuluje,/F/FabuTa00.htm,OT,0,1,2015,False
Eric Fisher,/F/FishEr00.htm,OT,0,7,2019,True
Jake Fisher,/F/FishJa00.htm,OT,0,4,2018,False
Cameron Fleming,/F/FlemCa00.htm,OT,0,6,2019,True
Ereck Flowers,/F/FlowEr00.htm,OT,0,5,2019,True
D.J. Fluker,/F/FlukDJ00.htm,OT,0,7,2019,True
Fou Fonoti,/F/FonoFo00.htm,OT,0,1,2014,False
Drew Forbes,/F/ForbDr00.htm,OT\n,0,1,2019,True
Reid Fragel,/F/FragRe00.htm,OT,0,2,2015,False
Nick Gates,/G/GateNi00.htm,OT,0,1,2019,True
Denzelle Good,/G/GoodDe01.htm,OT,0,5,2019,True
Kevin Graf,/G/GrafKe00.htm,OT,0,1,2014,False
Chaz Green,/G/GreeCh02.htm,OT,0,3,2018,False
Joe Haeg,/H/HaegJo00.htm,OT,0,4,2019,True
Rob Havenstein,/H/HaveRo00.htm,OT,0,5,2019,True
Jerald Hawkins,/H/HawkJe00.htm,OT,0,3,2019,True
Tanner Hawkinson,/H/HawkTa00.htm,OT,0,3,2015,False
Seantrel Henderson,/H/HendSe00.htm,OT,0,6,2019,True
Will Holden,/H/HoldWi00.htm,OT,0,2,2018,False
D.J. Humphries,/H/HumpD.00.htm,OT,0,4,2019,True
James Hurst,/H/HursJa00.htm,OT,0,6,2019,True
Germain Ifedi,/I/IfedGe00.htm,OT,0,4,2019,True
Ja'Wuan James,/J/JameJa01.htm,OT,0,6,2019,True
Luke Joeckel,/J/JoecLu00.htm,OT,0,5,2017,False
Ulrick John,/J/JohnUl00.htm,OT,0,4,2017,True
Lane Johnson,/J/JohnLa01.htm,OT,0,7,2019,True
Roderick Johnson,/J/JohnRo06.htm,OT,0,2,2019,True
Wesley Johnson,/J/JohnWe00.htm,OT,0,5,2018,False
Jamarco Jones,/J/JoneJa08.htm,OT,0,1,2019,True
Matt Kalil,/K/KaliMa00.htm,OT,0,6,2017,True
Dennis Kelly,/K/KellDe00.htm,OT,0,8,2019,True
Cyrus Kouandjio,/K/KouaCy00.htm,OT,0,5,2018,False
Taylor Lewan,/L/LewaTa00.htm,OT,0,6,2019,True
Alex Lewis,/L/LewiAl01.htm,OT,0,4,2019,True
Kyle Long,/L/LongKy00.htm,OT,0,7,2019,True
Erik Magnuson,/M/MagnEr00.htm,OT,0,3,2019,True
Chris Martin,/M/MartCh01.htm,OT,0,1,2014,False
Jonathan Martin,/M/MartJo01.htm,OT,0,3,2014,False
Jake Matthews,/M/MattJa00.htm,OT,0,6,2019,True
Conor McDermott,/M/McDeCo00.htm,OT,0,3,2019,True
Mike McGlinchey,/M/McGlMi00.htm,OT,0,2,2019,True
Jack Mewhort,/M/MewhJa00.htm,OT,0,4,2017,False
Joshua Miles,/M/MileJo00.htm,OT\n,0,1,2019,True
Kolton Miller,/M/MillKo00.htm,OT,0,2,2019,True
Jordan Mills,/M/MillJo02.htm,OT,0,7,2019,True
Nick Mondek,/M/MondNi00.htm,OT,0,1,2012,False
Mitch Morse,/M/MorsMi00.htm,OT,0,5,2019,True
Morgan Moses,/M/MoseMo00.htm,OT,0,6,2019,True
Brandon Mosley,/M/MoslBr00.htm,OT,0,3,2014,False
Taylor Moton,/M/MotoTa00.htm,OT,0,3,2019,True
Kyle Murphy,/M/MurpKy00.htm,OT,0,2,2017,False
Xavier Nixon,/N/NixoXa00.htm,OT,0,2,2014,False
Storm Norton,/N/NortSt00.htm,OT,0,1,2018,False
Joseph Noteboom,/N/NoteJo00.htm,OT,0,2,2019,True
Brian O'Neill,/O/ONeiBr00.htm,OT,0,2,2019,True
Cedric Ogbuehi,/O/OgbuCe00.htm,OT,0,5,2019,True
Chukwuma Okorafor,/O/OkorCh00.htm,OT,0,2,2019,True
Vinston Painter,/P/PainVi00.htm,OT,0,4,2017,False
Kevin Pamphile,/P/PampKe00.htm,OT,0,5,2018,True
Brandon Parker,/P/ParkBr01.htm,OT,0,2,2019,True
Andrus Peat,/P/PeatAn00.htm,OT,0,5,2019,True
Kent Perkins,/P/PerkKe00.htm,OT,0,1,2017,False
Trey Pipkins,/P/PipkTr00.htm,OT\n,0,1,2019,True
Jeremiah Poutasi,/P/PoutJe00.htm,OT,0,2,2016,False
Matt Pryor,/P/PryoMa00.htm,OT,0,1,2019,True
David Quessenberry,/Q/QuesDa00.htm,OT,0,6,2019,True
Bryce Quigley,/Q/QuigBr00.htm,OT,0,1,2014,False
Ryan Ramczyk,/R/RamcRy00.htm,OT,0,3,2019,True
Martinas Rankin,/R/RankMa00.htm,OT,0,2,2019,True
Jah Reid,/R/ReidJa00.htm,OT,0,6,2016,False
Riley Reiff,/R/ReifRi00.htm,OT,0,8,2019,True
Will Richardson,/R/RichWi01.htm,OT,0,1,2019,True
Cam Robinson,/R/RobiCa00.htm,OT,0,3,2019,True
Corey Robinson,/R/RobiCo00.htm,OT,0,4,2018,False
Greg Robinson,/R/RobiGr01.htm,OT,0,6,2019,True
Tavon Rooks,/R/RookTa00.htm,OT,0,1,2014,False
Ty Sambrailo,/S/SambTy00.htm,OT,0,5,2019,True
Max Scharping,/S/SchaMa01.htm,OT\n,0,1,2019,True
Michael Schofield,/S/SchoMi00.htm,OT,0,6,2019,True
Wes Schweitzer,/S/SchwWe00.htm,OT,0,3,2019,True
Garrett Scott,/S/ScotGa01.htm,OT,0,1,2014,False
David Sharpe,/S/SharDa02.htm,OT,0,3,2019,True
Brandon Shell,/S/ShelBr00.htm,OT,0,4,2019,True
Austin Shepherd,/S/ShepAu00.htm,OT,0,1,2015,False
Jeremiah Sirles,/S/SirlJe00.htm,OT,0,5,2018,True
Dan Skipper,/S/SkipDa00.htm,OT,0,3,2019,True
Justin Skule,/S/SkulJu00.htm,OT\n,0,1,2019,True
Donovan Smith,/S/SmitDo02.htm,OT,0,5,2019,True
Tyron Smith,/S/SmitTy00.htm,OT,0,9,2019,True
Jason Spriggs,/S/SpriJa00.htm,OT,0,3,2018,True
Ronnie Stanley,/S/StanRo00.htm,OT,0,4,2019,True
Byron Stingily,/S/StinBy00.htm,OT,0,3,2014,False
Sam Tevi,/T/TeviSa00.htm,OT,0,3,2019,True
John Theus,/T/TheuJo00.htm,OT,0,1,2016,False
Dallas Thomas,/T/ThomDa04.htm,OT,0,4,2016,False
Cole Toner,/T/ToneCo00.htm,OT,0,3,2018,True
Laremy Tunsil,/T/TunsLa00.htm,OT,0,4,2019,True
Billy Turner,/T/TurnBi00.htm,OT,0,6,2019,True
Halapoulivaati Vaitai,/V/VaitHa00.htm,OT,0,4,2019,True
Ricky Wagner,/W/WagnRi00.htm,OT,0,7,2019,True
Jylan Ware,/W/WareJy00.htm,OT,0,1,2017,False
Rokevious Watkins,/W/WatkRo00.htm,OT,0,2,2013,False
Menelik Watson,/W/WatsMe00.htm,OT,0,5,2017,False
Jason Weaver,/W/WeavJa00.htm,OT,0,1,2014,False
Chad Wheeler,/W/WheeCh00.htm,OT,0,2,2018,True
Elijah Wilkinson,/W/WilkEl00.htm,OT,0,3,2019,True
Connor Williams,/W/WillCo00.htm,OT,0,2,2019,True
Daryl Williams,/W/WillDa06.htm,OT,0,5,2019,True
Isaiah Wynn,/W/WynnIs00.htm,OT,0,1,2019,True
