Name,URL,Position,HallOfFame,TotalYears,LastYear,Active
Isa Abdul-Quddus,/A/AbduIs00.htm,S,0,6,2016,False
Johnathan Abram,/A/AbraJo01.htm,S,0,1,2019,True
Jahleel Addae,/A/AddaJa00.htm,S,0,7,2019,True
Nasir Adderley,/A/AddeNa00.htm,S\n,0,1,2019,True
Marcus Allen,/A/AlleMa03.htm,S,0,2,2019,True
Ugochukwu Amadi,/A/AmadUg00.htm,S\n,0,1,2019,True
Troy Apke,/A/ApkeTr00.htm,S,0,2,2019,True
Sean Baker,/B/BakeSe00.htm,S,0,3,2014,False
Marcus Ball,/B/BallMa00.htm,S,0,3,2016,False
Chris Banjo,/B/BanjCh00.htm,S,0,7,2019,True
Brandan Bishop,/B/BishBr01.htm,S,0,1,2014,False
Marquise Blair,/B/BlaiMa01.htm,S,0,1,2019,True
Kentrell Brice,/B/BricKe00.htm,S,0,3,2018,True
Omar Brown,/B/BrowOm00.htm,S,0,2,2013,False
Josh Bush,/B/BushJo00.htm,S,0,4,2015,False
Rafael Bush,/B/BushRa00.htm,S,0,8,2018,False
Kevin Byard,/B/ByarKe01.htm,S,0,4,2019,True
Jamal Carter,/C/CartJa02.htm,S,0,3,2019,True
Jerome Couplin,/C/CoupJe00.htm,S,0,2,2015,False
Da'Mon Cromartie-Smith,/C/CromDa00.htm,S,0,3,2013,False
Justin Currie,/C/CurrJu00.htm,S,0,1,2017,True
Akeem Davis,/D/DaviAk00.htm,S,0,3,2016,False
Cody Davis,/D/DaviCo02.htm,S,0,7,2019,True
Kanorris Davis,/D/DaviKa00.htm,S,0,1,2013,False
K.J. Dillon,/D/DillK.00.htm,S,0,1,2016,False
Travell Dixon,/D/DixoTr01.htm,S,0,1,2016,False
Kurtis Drummond,/D/DrumKu01.htm,S,0,3,2017,False
Tony Dye,/D/DyexTo00.htm,S,0,2,2013,False
Terrell Edmunds,/E/EdmuTe00.htm,S,0,2,2019,True
Mike Edwards,/E/EdwaMi01.htm,S,0,1,2019,True
Marcus Epps,/E/EppsMa00.htm,S\n,0,1,2019,True
Marwin Evans,/E/EvanMa00.htm,S,0,2,2017,False
Jean Fanor,/F/FanoJe00.htm,S,0,1,2014,False
Rudy Ford,/F/FordRu00.htm,S,0,3,2019,True
Chauncey Gardner-Johnson,/G/GardCh00.htm,S\n,0,1,2019,True
Blake Gideon,/G/GideBl00.htm,S,0,1,2012,False
Robert Golden,/G/GoldRo00.htm,S,0,6,2017,False
Raven Greene,/G/GreeRa02.htm,S,0,2,2019,True
Jose Gumbs,/G/GumbJo00.htm,S,0,2,2013,False
Saquan Hampton,/H/HampSa00.htm,S,0,1,2019,True
Marcell Harris,/H/HarrMa03.htm,S,0,2,2019,True
Will Harris,/H/HarrWi02.htm,S,0,1,2019,True
Jeff Heath,/H/HeatJe00.htm,S,0,7,2019,True
Trayvon Henderson,/H/HendTr01.htm,S,0,1,2019,True
A.J. Hendy,/H/HendA.00.htm,S,0,1,2016,False
Will Hill,/H/HillWi01.htm,S,0,4,2015,False
Devin Holland,/H/HollDe00.htm,S,0,1,2011,False
Amani Hooker,/H/HookAm00.htm,S,0,1,2019,True
Duke Ihenacho,/I/IhenDu00.htm,S,0,5,2016,False
M.D. Jennings,/J/JennM.00.htm,S,0,3,2013,False
Isaiah Johnson,/J/JohnIs00.htm,S,0,2,2018,False
John Johnson,/J/JohnJo10.htm,S,0,3,2019,True
Robert Johnson,/J/JohnRo99.htm,S,0,2,2012,False
Shelton Johnson,/J/JohnSh00.htm,S,0,2,2014,False
Josh Jones,/J/JoneJo06.htm,S,0,3,2019,True
Jordan Kovacs,/K/KovaJo00.htm,S,0,3,2015,False
Keenan Lambert,/L/LambKe00.htm,S,0,1,2015,False
Dallin Leavitt,/L/LeavDa00.htm,S,0,2,2019,True
Robert Lester,/L/LestRo01.htm,S,0,2,2014,False
Anthony Levine,/L/LeviAn00.htm,S,0,8,2019,True
Daytawion Lowe,/L/LoweDa01.htm,S,0,1,2014,False
Dean Marlowe,/M/MarlDe00.htm,S,0,5,2019,True
Trey Marshall,/M/MarsTr00.htm,S,0,2,2019,True
Dexter McCoil,/M/McCoDe00.htm,S,0,2,2017,False
Stefan McClure,/M/McClSt01.htm,S,0,1,2017,False
Kelcie McCray,/M/McCrKe00.htm,S,0,5,2016,False
L.J. McCray,/M/McCrL.00.htm,S,0,2,2015,False
Dewey McDonald,/M/McDoDe01.htm,S,0,4,2017,False
Tevin McDonald,/M/McDoTe00.htm,S,0,1,2015,False
Kimario McFadden,/M/McFaKi00.htm,S,0,2,2015,False
Rodney McLeod,/M/McLeRo00.htm,S,0,8,2019,True
Leon McQuay,/M/McQuLe01.htm,S,0,1,2017,False
Jonathan Meeks,/M/MeekJo01.htm,S,0,4,2016,False
Doug Middleton,/M/MiddDo01.htm,S,0,4,2019,True
Rolan Milligan,/M/MillRo03.htm,S,0,1,2019,True
Corey Moore,/M/MoorCo00.htm,S,0,4,2018,False
Tarvarius Moore,/M/MoorTa00.htm,S,0,2,2019,True
Davon Morgan,/M/MorgDa00.htm,S,0,1,2014,False
Sharrod Neasman,/N/NeasSh00.htm,S,0,4,2019,True
Jerico Nelson,/N/NelsJe00.htm,S,0,1,2012,False
George Odum,/O/OdumGe00.htm,S,0,2,2019,True
Foyesade Oluokun,/O/OluoFo00.htm,S,0,2,2019,True
Jonathan Owens,/O/OwenJo01.htm,S,0,1,2019,True
Will Parks,/P/ParkWi01.htm,S,0,4,2019,True
Brian Poole,/P/PoolBr01.htm,S,0,4,2019,True
Chaz Powell,/P/PoweCh00.htm,S,0,1,2012,False
Taylor Rapp,/R/RappTa00.htm,S,0,1,2019,True
C.J. Reavis,/R/ReavC.00.htm,S,0,1,2018,False
Sheldrick Redwine,/R/RedwSh00.htm,S,0,1,2019,True
Sean Richardson,/R/RichSe00.htm,S,0,4,2015,False
Trent Robinson,/R/RobiTr02.htm,S,0,4,2015,False
Roderick Rogers,/R/RogeRo99.htm,S,0,2,2008,False
Nick Saenz,/S/SaenNi00.htm,S,0,1,2012,False
Darnell Savage,/S/SavaDa00.htm,S,0,1,2019,True
Nick Scott,/S/ScotNi01.htm,S\n,0,1,2019,True
Mana Silva,/S/SilvMa00.htm,S,0,2,2012,False
Ricardo Silva,/S/SilvRi00.htm,S,0,2,2012,False
David Sims,/S/SimsDa01.htm,S,0,1,2012,False
Fish Smithson,/S/SmitFi00.htm,S,0,1,2017,True
Daniel Sorensen,/S/SoreDa01.htm,S,0,6,2019,True
Darrell Stuckey,/S/StucDa20.htm,S,0,7,2016,False
Tre Sullivan,/S/SullTr01.htm,S,0,1,2018,False
Daxton Swanson,/S/SwanDa01.htm,S,0,1,2014,False
Keith Tandy,/T/TandKe00.htm,S,0,7,2018,False
Roderic Teamer,/T/TeamRo00.htm,S,0,1,2019,True
Marvell Tell,/T/TellMa00.htm,S,0,1,2019,True
Michael Thomas,/T/ThomMi02.htm,S,0,7,2019,True
Deionte Thompson,/T/ThomDe06.htm,S,0,1,2019,True
Mykkele Thompson,/T/ThomMy00.htm,S,0,1,2016,False
Juan Thornhill,/T/ThorJu00.htm,S,0,1,2019,True
Brynden Trawick,/T/TrawBr00.htm,S,0,7,2019,True
Suaesi Tuimaunei,/T/TuimSu00.htm,S,0,1,2012,False
Zeke Turner,/T/TurnZe00.htm,S,0,2,2019,True
Winston Venable,/V/VenaWi00.htm,S,0,1,2011,False
Tracy Walker,/W/WalkTr01.htm,S,0,2,2019,True
Anthony Walters,/W/WaltAn01.htm,S,0,4,2014,False
Pierre Warren,/W/WarrPi00.htm,S,0,1,2014,False
Kyzir White,/W/WhitKy00.htm,S,0,2,2019,True
J.J. Wilcox,/W/WilcJ.00.htm,S,0,6,2018,True
Khari Willis,/W/WillKh00.htm,S,0,1,2019,True
Donovan Wilson,/W/WilsDo01.htm,S,0,1,2019,True
Jarrod Wilson,/W/WilsJa00.htm,S,0,4,2019,True
Tracy Wilson,/W/WilsTr01.htm,S,0,2,2012,False
Andrew Wingard,/W/WingAn01.htm,S,0,1,2019,True
