Name,URL,Position,HallOfFame,TotalYears,LastYear,Active,MVP,Pro Bowl,All-Pro,SB Champ,AP PoY
Fay Abbott,/A/AbboFa20.htm,BB-FB-TB-QB-WB-E,0,9,1929,False,0,0,0,0,0
Joe Abbey,/A/AbbeJo20.htm,E,0,2,1949,False,0,0,0,0,0
Danny Abramowicz,/A/AbraDa00.htm,E,0,8,1974,False,0,0,1,0,0
Nate Abrams,/A/AbraNa20.htm,E,0,1,1921,False,0,0,0,0,0
Frank Abruzzino,/A/AbruFr20.htm,BB-LB-C-G-E-WB-DB,0,3,1933,False,0,0,0,0,0
Sneeze Achiu,/A/AchiSn20.htm,WB-TB-E-BB,0,2,1928,False,0,0,0,0,0
Chet Adams,/A/AdamCh20.htm,T-E-DT,0,12,1950,False,0,2,0,0,0
John Adams,/A/AdamJo00.htm,E-FB,0,5,1963,False,0,0,0,0,0
Neal Adams,/A/AdamNe20.htm,E,0,6,1947,False,0,0,0,0,0
Verlin Adams,/A/AdamVe20.htm,DE-T-G-E-LB,0,3,1945,False,0,0,0,0,0
Joe Aguirre,/A/AguiJo20.htm,E,0,9,1949,False,0,0,1,0,0
Dom Albanese,/A/AlbaDo20.htm,BB-E-FB,0,1,1925,False,0,0,0,0,0
Doc Alexander,/A/AlexDo20.htm,C-G-T-E,0,7,1927,False,0,0,2,0,0
Bruce Alford,/A/AlfoBr01.htm,E-DB,0,6,1951,False,0,0,1,0,0
Ed Allen,/A/AlleEd20.htm,E,0,1,1928,False,0,0,0,0,0
Neely Allison,/A/AlliNe20.htm,E,0,3,1928,False,0,0,0,0,0
Bob Allman,/A/AllmBo20.htm,E,0,1,1936,False,0,0,0,0,0
Stan Andersen,/A/AndeSt20.htm,T-E,0,2,1941,False,0,0,0,0,0
Bill Anderson,/A/AndeBi00.htm,E-TE,0,9,1966,False,0,2,0,1,0
Cliff Anderson,/A/AndeCl00.htm,E,0,2,1953,False,0,0,0,0,0
Charlie Anderson,/A/AndeCh20.htm,DE-E,0,1,1956,False,0,0,0,0,0
Eddie Anderson,/A/AndeEd20.htm,E,0,4,1925,False,0,0,1,0,0
Ralph Anderson,/A/AndeRa00.htm,E,0,3,1960,False,0,0,0,0,0
Sugarfoot Anderson,/A/AndeSu20.htm,E,0,1,1947,False,0,0,0,0,0
Winnie Anderson,/A/AndeWi22.htm,E,0,1,1936,False,0,0,0,0,0
Roy Andrews,/A/AndrRo20.htm,G-T-BB-TB-E,0,5,1927,False,0,0,0,0,0
Chuck Apolskis,/A/ApolCh20.htm,E,0,2,1939,False,0,0,0,0,0
Julie Archoska,/A/ArchJu20.htm,E,0,1,1930,False,0,0,0,0,0
Gump Ariail,/A/AriaGu20.htm,E,0,1,1934,False,0,0,0,0,0
Neill Armstrong,/A/ArmsNe00.htm,E-DB,0,5,1951,False,0,0,0,0,0
Jon Arnett,/A/ArneJo00.htm,HB-E,0,10,1966,False,0,5,1,0,0
Cliff Ashburn,/A/AshbCl20.htm,G-T-E,0,1,1929,False,0,0,0,0,0
Jack Atchason,/A/AtchJa00.htm,E,0,1,1960,False,0,0,0,0,0
Burl Atcheson,/A/AtchBu20.htm,E,0,1,1922,False,0,0,0,0,0
Jim Austin,/A/AustJi20.htm,E,0,3,1939,False,0,0,0,0,0
Harry Babcock,/B/BabcHa00.htm,E-DE,0,3,1955,False,0,0,0,0,0
Carl Bacchus,/B/BaccCa20.htm,E,0,2,1928,False,0,0,0,0,0
Joe Bachmaier,/B/BachJo20.htm,C-G-T-E,0,5,1924,False,0,0,0,0,0
Frank Bacon,/B/BacoFr20.htm,WB-TB-E,0,6,1925,False,0,0,0,0,0
Red Badgro,/B/BadgRe20.htm,E-DE,1,10,1936,False,0,0,0,0,0
Bill Bailey,/B/BailBi20.htm,E-DE,0,2,1941,False,0,0,0,0,0
Frank Baker,/B/BakeFr20.htm,E,0,1,1931,False,0,0,0,0,0
Ed Balatti,/B/BalaEd20.htm,E-DB,0,3,1948,False,0,0,0,0,0
Al Baldwin,/B/BaldAl00.htm,E-DB,0,4,1950,False,0,0,0,0,0
Burr Baldwin,/B/BaldBu20.htm,E-DE,0,3,1949,False,0,0,0,0,0
George Baldwin,/B/BaldGe20.htm,E-T,0,1,1925,False,0,0,0,0,0
Hugh Bancroft,/B/BancHu20.htm,E,0,1,1923,False,0,0,0,0,0
John Bandura,/B/BandJo20.htm,E,0,1,1943,False,0,0,0,0,0
Ed Barker,/B/BarkEd00.htm,E,0,2,1954,False,0,0,0,0,0
George Barna,/B/BarnGe20.htm,E,0,1,1929,False,0,0,0,0,0
Charles Barnard,/B/BarnCh20.htm,E,0,1,1938,False,0,1,0,0,0
Charlie Barnes,/B/BarnCh00.htm,E,0,1,1961,False,0,0,0,0,0
Bob Barrabee,/B/BarrBo20.htm,E,0,1,1931,False,0,0,0,0,0
Bob Barrett,/B/BarrBo21.htm,E,0,1,1960,False,0,0,0,0,0
Jan Barrett,/B/BarrJa00.htm,E,0,2,1964,False,0,0,0,0,0
Jeff Barrett,/B/BarrJe21.htm,E,0,3,1938,False,0,0,0,0,0
John Barrett,/B/BarrJo20.htm,C-T-E,0,5,1928,False,0,0,0,0,0
Johnny Barrett,/B/BarrJo21.htm,E-HB,0,1,1920,False,0,0,0,0,0
Bert Baston,/B/BastBe20.htm,E,0,1,1920,False,0,0,0,0,0
John Batorski,/B/BatoJo20.htm,E,0,1,1946,False,0,0,0,0,0
Herb Bauer,/B/BaueHe20.htm,E,0,1,1925,False,0,0,0,0,0
Harry Baujan,/B/BaujHa20.htm,E,0,2,1921,False,0,0,0,0,0
Bill Baumgartner,/B/BaumBi20.htm,E,0,1,1947,False,0,0,0,0,0
Reaves Baysinger,/B/BaysRe20.htm,E,0,1,1924,False,0,0,0,0,0
Alyn Beals,/B/BealAl00.htm,E-DE,0,6,1951,False,0,0,0,0,0
Hub Bechtol,/B/BechHu20.htm,E,0,3,1949,False,0,0,0,0,0
Wayland Becker,/B/BeckWa20.htm,E,0,6,1939,False,0,0,0,0,0
Gene Bedford,/B/BedfGe20.htm,E,0,2,1926,False,0,0,0,0,0
Charlie Behan,/B/BehaCh20.htm,E,0,1,1942,False,0,0,0,0,0
Bill Belanich,/B/BelaBi20.htm,T-E,0,3,1929,False,0,0,0,0,0
Les Belding,/B/BeldLe20.htm,E-B,0,1,1925,False,0,0,0,0,0
Jim Benton,/B/BentJi00.htm,E,0,10,1947,False,0,1,2,0,0
Eddie Benz,/B/BenzEd20.htm,E,0,1,1922,False,0,0,0,0,0
Ed Bernet,/B/BernEd00.htm,E,0,6,1960,False,0,0,0,0,0
Bill Berrehsem,/B/BerrBi20.htm,T-E,0,1,1926,False,0,0,0,0,0
Ed Berrang,/B/BerrEd20.htm,DE-E,0,4,1952,False,0,0,0,0,0
Charlie Berry,/B/BerrCh20.htm,E,0,2,1926,False,0,0,2,0,0
Connie Mack Berry,/B/BerrCo20.htm,E,0,9,1947,False,0,0,0,0,0
Raymond Berry,/B/BerrRa00.htm,E,1,13,1967,False,0,6,3,0,0
Ed Berwick,/B/BerwEd20.htm,C-E,0,1,1926,False,0,0,0,0,0
Dick Bielski,/B/BielDi00.htm,E-FB,0,9,1963,False,0,1,0,0,0
Tom Bienemann,/B/BienTo20.htm,DE-E-LB,0,6,1956,False,0,0,0,0,0
Scotty Bierce,/B/BierSc20.htm,E,0,6,1925,False,0,0,0,0,0
Lyle Bigbee,/B/BigbLy20.htm,E,0,1,1922,False,0,0,0,0,0
Jack Bighead,/B/BighJa00.htm,DE-E,0,2,1955,False,0,0,0,0,0
Joe Biscaha,/B/BiscJo00.htm,E,0,2,1960,False,0,0,0,0,0
Keith Birlem,/B/BirlKe20.htm,B-E,0,1,1939,False,0,0,0,0,0
Frank Bissell,/B/BissFr20.htm,E,0,2,1926,False,0,0,0,0,0
Herb Bizer,/B/BizeHe20.htm,E-FB,0,1,1929,False,0,0,0,0,0
Bob Bjorklund,/B/BjorBo20.htm,C-LB-E,0,1,1941,False,0,0,0,0,0
Charlie Black,/B/BlacCh20.htm,E,0,1,1925,False,0,0,0,0,0
Peter Blackbear,/B/BlacPe20.htm,E,0,1,1923,False,0,0,0,0,0
Paul Blessing,/B/BlesPa20.htm,E,0,1,1944,False,0,0,0,0,0
Lamar Blount,/B/BlouLa20.htm,E-B,0,2,1947,False,0,0,0,0,0
Herb Blumer,/B/BlumHe20.htm,E-G-T,0,9,1933,False,0,0,0,0,0
E. Bobadash,/B/BobaE.20.htm,E,0,1,1922,False,0,0,0,0,0
Lynn Bomar,/B/BomaLy20.htm,E,0,2,1926,False,0,0,0,0,0
Bourbon Bondurant,/B/BondBo20.htm,T-E,0,2,1922,False,0,0,0,0,0
Elliott Bonowitz,/B/BonoEl20.htm,G-B-T-E,0,3,1925,False,0,0,0,0,0
J.R. Boone,/B/BoonJ.20.htm,E-HB,0,6,1953,False,0,0,0,0,0
Les Borden,/B/BordLe20.htm,E-DE,0,1,1935,False,0,0,0,0,0
John Bosdett,/B/BosdJo20.htm,E,0,1,1920,False,0,0,0,0,0
Tony Bova,/B/BovaTo20.htm,E-B,0,6,1947,False,0,0,0,0,0
Cloyce Box,/B/BoxxCl00.htm,E-HB,0,6,1954,False,0,2,1,0,0
Bob Boyd,/B/BoydBo00.htm,E-DB,0,8,1957,False,0,1,1,0,0
Sam Boyd,/B/BoydSa20.htm,E,0,2,1940,False,0,0,0,0,0
Max Boydston,/B/BoydMa00.htm,E,0,8,1962,False,0,0,0,0,0
Tom Braatz,/B/BraaTo20.htm,LB-E,0,4,1960,False,0,0,0,0,0
Hal Bradley,/B/BradHa21.htm,E,0,2,1939,False,0,0,0,0,0
Chuck Braidwood,/B/BraiCh20.htm,E,0,4,1933,False,0,0,0,0,0
Eddie Bratt,/B/BratEd20.htm,E,0,1,1924,False,0,0,0,0,0
John Bredice,/B/BredJo20.htm,E,0,1,1956,False,0,0,0,0,0
Phil Brennan,/B/BrenPh20.htm,E,0,1,1930,False,0,0,0,0,0
Monte Brethauer,/B/BretMo20.htm,DB-E,0,3,1955,False,0,0,0,0,0
Jeep Brett,/B/BretJe20.htm,E-DE,0,2,1937,False,0,0,0,0,0
Pete Brewster,/B/BrewPe00.htm,E,0,9,1960,False,0,2,0,0,0
Shirley Brick,/B/BricSh20.htm,E,0,1,1920,False,0,0,0,0,0
Larry Brink,/B/BrinLa01.htm,DE-E,0,7,1954,False,0,2,1,0,0
Gene Brito,/B/BritGe00.htm,DE-E,0,10,1960,False,0,5,3,0,0
Maurice Britt,/B/BritMa20.htm,E,0,1,1941,False,0,0,0,0,0
Rankin Britt,/B/BritRa21.htm,E,0,1,1939,False,0,0,0,0,0
Hal Broda,/B/BrodHa20.htm,E,0,1,1927,False,0,0,0,0,0
Tommy Brooker,/B/BrooTo20.htm,E-K,0,5,1966,False,0,1,0,0,0
Tom Brown,/B/BrowTo20.htm,E,0,1,1942,False,0,0,0,0,0
Gregg Browning,/B/BrowGr21.htm,E,0,1,1947,False,0,0,0,0,0
Dick Brubaker,/B/BrubDi00.htm,E-DE,0,6,1960,False,0,0,0,0,0
Gail Bruce,/B/BrucGa20.htm,DE-E,0,4,1951,False,0,0,0,0,0
Roman Brumm,/B/BrumRo20.htm,E-T-C-G,0,3,1926,False,0,0,0,0,0
Bob Bryant,/B/BryaBo00.htm,E,0,1,1960,False,0,0,0,0,0
Chuck Bryant,/B/BryaCh20.htm,E,0,1,1962,False,0,0,0,0,0
Bill Bucher,/B/BuchBi20.htm,E,0,1,1925,False,0,0,0,0,0
Frank Bucher,/B/BuchFr20.htm,E,0,2,1926,False,0,0,0,0,0
Bill Buckler,/B/BuckBi20.htm,G-T-E,0,8,1933,False,0,0,0,0,0
Phil Bucklew,/B/BuckPh20.htm,E,0,2,1938,False,0,0,0,0,0
Ted Buffalo,/B/BuffTe20.htm,T-E-G,0,1,1923,False,0,0,0,0,0
Gale Bullman,/B/BullGa20.htm,E,0,1,1925,False,0,0,0,0,0
Jeff Burkett,/B/BurkJe20.htm,E-DB,0,1,1947,False,0,0,0,0,0
Hank Burnine,/B/BurnHa20.htm,E,0,2,1957,False,0,0,0,0,0
Harry Burrus,/B/BurrHa20.htm,B-E,0,3,1948,False,0,0,0,0,0
Ray Bush,/B/BushRa20.htm,E,0,1,1926,False,0,0,0,0,0
Sam Busich,/B/BusiSa20.htm,E,0,8,1943,False,0,0,0,0,0
Larry Cabrelli,/C/CabrLa20.htm,E-DB,0,7,1947,False,0,0,0,0,0
Jim Cain,/C/CainJi20.htm,DE-E,0,7,1955,False,0,0,0,0,0
Pete Calac,/C/CalaPe20.htm,B-E,0,7,1926,False,0,0,0,0,0
Glenn Campbell,/C/CampGl20.htm,E,0,7,1935,False,0,0,0,0,0
Ken Campbell,/C/CampKe20.htm,E,0,1,1960,False,0,0,0,0,0
Mac Cara,/C/CaraMa20.htm,E,0,2,1938,False,0,0,0,0,0
Glenn Carberry,/C/CarbGl20.htm,E,0,3,1925,False,0,0,0,0,0
Bob Carey,/C/CareBo20.htm,E,0,7,1958,False,0,0,0,0,0
Roy Carlson,/C/CarlRo20.htm,E-G,0,2,1929,False,0,0,0,0,0
Ed Carman,/C/CarmEd20.htm,E-T,0,4,1925,False,0,0,0,0,0
Art Carney,/C/CarnAr20.htm,G-E,0,2,1926,False,0,0,1,0,0
Don Carothers,/C/CaroDo00.htm,E,0,1,1960,False,0,0,0,0,0
Joe Carpe,/C/CarpJo20.htm,T-E-C,0,8,1933,False,0,0,0,0,0
Preston Carpenter,/C/CarpPr00.htm,E-HB,0,12,1967,False,0,1,0,0,0
Bird Carroll,/C/CarrBi20.htm,E,0,5,1925,False,0,0,1,0,0
Gene Carroll,/C/CarrGe20.htm,E-G,0,1,1922,False,0,0,0,0,0
John Carson,/C/CarsJo00.htm,E,0,7,1960,False,0,1,0,0,0
Joe Carter,/C/CartJo20.htm,E,0,13,1945,False,0,2,0,0,0
Charlie Carton,/C/CartCh21.htm,E-T-G-C,0,1,1925,False,0,0,0,0,0
Walt Cassidy,/C/CassWa20.htm,E,0,1,1924,False,0,0,0,0,0
John Cavosie,/C/CavoJo20.htm,B-E,0,3,1933,False,0,0,0,0,0
Dan Chamberlain,/C/ChamDa00.htm,E-HB,0,2,1961,False,0,0,0,0,0
Guy Chamberlin,/C/ChamGu20.htm,E-WB,1,8,1927,False,0,0,1,0,0
Bill Chipley,/C/ChipBi20.htm,E-DB,0,3,1949,False,0,0,0,0,0
Koester Christensen,/C/ChriKo20.htm,E,0,1,1930,False,0,0,0,0,0
Oscar Christianson,/C/ChriOs20.htm,E-TB,0,4,1924,False,0,0,0,0,0
Ed Cifers,/C/CifeEd20.htm,E,0,8,1948,False,0,1,0,0,0
Walt Clago,/C/ClagWa20.htm,E,0,2,1922,False,0,0,0,0,0
Frank Clair,/C/ClaiFr20.htm,E,0,1,1941,False,0,0,0,0,0
Hal Clark,/C/ClarHa20.htm,E-B,0,6,1925,False,0,0,0,0,0
Wayne Clark,/C/ClarWa20.htm,E,0,1,1944,False,0,0,0,0,0
Frank Clarke,/C/ClarFr00.htm,E,0,11,1967,False,0,0,1,0,0
Fred Clarke,/C/ClarFr20.htm,E,0,1,1920,False,0,0,0,0,0
Leon Clarke,/C/ClarLe00.htm,E-FL,0,8,1963,False,0,1,0,0,0
Paul Cleary,/C/CleaPa20.htm,E-DE,0,2,1949,False,0,0,0,0,0
Ainer Cleve,/C/ClevAi20.htm,B-E,0,4,1924,False,0,0,0,0,0
Ben Clime,/C/ClimBe20.htm,G-E-WB,0,2,1921,False,0,0,0,0,0
Moose Cochran,/C/CochMo20.htm,E,0,1,1922,False,0,0,0,0,0
Jim Colclough,/C/ColcJi00.htm,E,0,9,1968,False,0,1,0,0,0
Bill Collins,/C/CollBi20.htm,E,0,1,1922,False,0,0,0,0,0
Paul Collins,/C/CollPa21.htm,E-DE,0,4,1935,False,0,0,0,0,0
Lloyd Colteryahn,/C/ColtLl20.htm,E,0,3,1956,False,0,0,0,0,0
Bill Combs,/C/CombBi20.htm,E-DB,0,1,1942,False,0,0,0,0,0
Marty Comer,/C/ComeMa20.htm,DE-E,0,3,1948,False,0,0,0,0,0
Mel Conger,/C/CongMe20.htm,DE-E,0,2,1947,False,0,0,0,0,0
Bill Conkright,/C/ConkBi20.htm,C-LB-E-DE,0,8,1944,False,0,0,0,0,0
Ward Connell,/C/ConnWa20.htm,B-E,0,1,1926,False,0,0,0,0,0
Clyde Conner,/C/ConnCl00.htm,E,0,8,1963,False,0,0,0,0,0
Ham Connors,/C/ConnHa21.htm,E,0,1,1925,False,0,0,0,0,0
Marty Conrad,/C/ConrMa20.htm,C-G-E,0,4,1925,False,0,0,0,0,0
Jimmy Conzelman,/C/ConzJi20.htm,BB-TB-HB-E,1,10,1929,False,0,0,0,0,0
Gene Cook,/C/CookGe20.htm,E,0,1,1959,False,0,0,0,0,0
Ted Cook,/C/CookTe20.htm,E-DB,0,4,1950,False,0,0,0,0,0
Charlie Copley,/C/CoplCh20.htm,T-E,0,3,1922,False,0,0,0,0,0
Al Coppage,/C/CoppAl20.htm,E,0,8,1947,False,0,0,0,0,0
Bunny Corcoran,/C/CorcBu20.htm,E-B,0,4,1923,False,0,0,0,0,0
Ollie Cordill,/C/CordOl21.htm,DB-P-E,0,3,1969,False,0,0,0,0,0
Chuck Corgan,/C/CorgCh20.htm,B-E,0,4,1927,False,0,0,0,0,0
Tex Coulter,/C/CoulTe00.htm,T-C-E,0,7,1952,False,0,2,0,0,0
Billy Cox,/C/CoxxBi20.htm,DE-DB-HB-E,0,5,1955,False,0,0,0,0,0
Larry Craig,/C/CraiLa20.htm,B-E,0,11,1949,False,0,3,0,0,0
Clark Craig,/C/CraiCl20.htm,E,0,1,1925,False,0,0,0,0,0
Joe Crakes,/C/CrakJo20.htm,E,0,2,1933,False,0,0,0,0,0
Ed Crawford,/C/CrawEd20.htm,DB-E,0,1,1957,False,0,0,0,0,0
Fred Crawford,/C/CrawFr20.htm,E-DE-T,0,1,1935,False,0,0,0,0,0
Milan Creighton,/C/CreiMi20.htm,E,0,7,1937,False,0,0,0,0,0
Ted Cremer,/C/CremTe20.htm,E-DE,0,3,1948,False,0,0,0,0,0
Hal Crisler,/C/CrisHa20.htm,E,0,5,1950,False,0,0,0,0,0
Jack Crittendon,/C/CritJa20.htm,E,0,1,1954,False,0,0,0,0,0
Abe Croft,/C/CrofAb20.htm,E,0,2,1945,False,0,0,0,0,0
Bill Cronin,/C/CronBi20.htm,B-E,0,3,1929,False,0,0,0,0,0
Fritz Cronin,/C/CronFr20.htm,E-G,0,1,1927,False,0,0,0,0,0
Doc Cronkhite,/C/CronDo20.htm,E,0,1,1934,False,0,0,0,0,0
Jerry Cronin,/C/CronJe20.htm,E,0,1,1932,False,0,0,0,0,0
Rae Crowther,/C/CrowRa21.htm,E,0,2,1926,False,0,0,0,0,0
Joe Crowley,/C/CrowJo20.htm,E-DB,0,2,1945,False,0,0,0,0,0
Frank Culver,/C/CulvFr20.htm,C-E,0,3,1925,False,0,0,0,0,0
Frank Cumiskey,/C/CumiFr20.htm,E,0,1,1937,False,0,0,0,0,0
Cookie Cunningham,/C/CunnCo20.htm,E,0,5,1931,False,0,0,0,0,0
Don Currivan,/C/CurrDo20.htm,E,0,7,1949,False,0,0,0,0,0
Harry Curzon,/C/CurzHa20.htm,B-E,0,4,1928,False,0,0,0,0,0
Hector Cyre,/C/CyreHe20.htm,T-G-E,0,3,1928,False,0,0,0,0,0
Bill Daddio,/D/DaddBi20.htm,E,0,6,1946,False,0,0,0,0,0
Ted Dailey,/D/DailTe20.htm,E,0,1,1933,False,0,0,0,0,0
Red Daum,/D/DaumRe20.htm,E-B,0,5,1926,False,0,0,0,0,0
Bill Davidson,/D/DaviBi20.htm,B-E,0,3,1939,False,0,0,0,0,0
Bob Davis,/D/DaviBo22.htm,E-DE,0,5,1950,False,0,0,0,0,0
Carl Davis,/D/DaviCa21.htm,E-T-G,0,1,1927,False,0,0,0,0,0
Herb Davis,/D/DaviHe21.htm,WB-E-BB,0,2,1926,False,0,0,0,0,0
Hermit Davis,/D/DaviHe22.htm,E,0,1,1936,False,0,0,0,0,0
Joe Davis,/D/DaviJo21.htm,E-DE,0,1,1946,False,0,0,0,0,0
Lamar Davis,/D/DaviLa20.htm,E-DE,0,4,1949,False,0,0,0,0,0
Pahl Davis,/D/DaviPa20.htm,G-E-FB,0,1,1922,False,0,0,0,0,0
Ray Davis,/D/DaviRa21.htm,C-G-T-E,0,2,1933,False,0,0,0,0,0
Van Davis,/D/DaviVa20.htm,DE-E,0,3,1949,False,0,0,0,0,0
Art DeCarlo,/D/DeCaAr00.htm,DB-E,0,8,1960,False,0,0,0,0,0
Dick Deer Slayer,/D/DeerDi20.htm,E,0,1,1922,False,0,0,0,0,0
Paul Dekker,/D/DekkPa20.htm,E,0,1,1953,False,0,0,0,0,0
Vince Dennery,/D/DennVi20.htm,E,0,1,1941,False,0,0,0,0,0
Carmine DePascal,/D/DePaCa20.htm,E,0,1,1945,False,0,0,0,0,0
John Depner,/D/DepnJo20.htm,E,0,1,1929,False,0,0,0,0,0
Paul Des Jardien,/D/DesJPa20.htm,C-E,0,3,1922,False,0,0,0,0,0
Versil Deskin,/D/DeskVe20.htm,E,0,5,1939,False,0,0,0,0,0
Billy Dewell,/D/DeweBi20.htm,E,0,10,1949,False,0,1,0,0,0
Willard Dewveall,/D/DewvWi00.htm,E,0,6,1964,False,0,1,0,0,0
Dorne Dibble,/D/DibbDo00.htm,E-DB,0,7,1957,False,0,0,0,0,0
Tom Dickinson,/D/DickTo20.htm,E,0,1,1920,False,0,0,0,0,0
Dave Diehl,/D/DiehDa20.htm,E,0,7,1945,False,0,0,0,0,0
Herb Dieter,/D/DietHe20.htm,G-T-E,0,1,1922,False,0,0,0,0,0
Lavvie Dilweg,/D/DilwLa20.htm,E,0,9,1934,False,0,0,5,0,0
Emil Dobry,/D/DobrEm20.htm,E,0,1,1928,False,0,0,0,0,0
Cliff Dolaway,/D/DolaCl20.htm,E,0,1,1935,False,0,0,0,0,0
Dick Dolly,/D/DollDi20.htm,E,0,5,1945,False,0,0,0,0,0
John Doolan,/D/DoolJo20.htm,HB-E,0,4,1948,False,0,0,0,0,0
Jim Dooley,/D/DoolJi00.htm,B-E-FL-TE,0,10,1961,False,0,0,0,0,0
Jim Doran,/D/DoraJi00.htm,E-DE,0,11,1961,False,0,1,0,0,0
Bob Dove,/D/DoveBo00.htm,DE-E,0,9,1954,False,0,1,0,0,0
Pat Dowling,/D/DowlPa20.htm,E,0,1,1929,False,0,0,0,0,0
Xavier Downwind,/D/DownXa20.htm,T-E,0,2,1923,False,0,0,0,0,0
Eddie Doyle,/D/DoylEd21.htm,E,0,2,1925,False,0,0,0,0,0
Fred Dreher,/D/DrehFr20.htm,E,0,1,1938,False,0,0,0,0,0
Ted Drews,/D/DrewTe20.htm,E,0,3,1928,False,0,0,0,0,0
Hoot Drury,/D/DrurHo20.htm,E,0,2,1931,False,0,0,0,0,0
Johnny Druze,/D/DruzJo20.htm,E,0,1,1938,False,0,0,0,0,0
Joe Duckworth,/D/DuckJo20.htm,E,0,1,1947,False,0,0,0,0,0
Dick Duden,/D/DudeDi20.htm,DE-E,0,1,1949,False,0,0,0,0,0
Dukes Duford,/D/DufoDu20.htm,E-B,0,1,1924,False,0,0,0,0,0
Fred Dugan,/D/DugaFr00.htm,E,0,6,1963,False,0,0,0,0,0
Herb Duggins,/D/DuggHe20.htm,E,0,1,1934,False,0,0,0,0,0
Billy DuMoe,/D/DuMoBi20.htm,E,0,1,1921,False,0,0,0,0,0
Joe DuMoe,/D/DuMoJo20.htm,E,0,2,1921,False,0,0,0,0,0
Pat Dunnigan,/D/DunnPa22.htm,T-G-E,0,5,1926,False,0,0,0,0,0
John Durko,/D/DurkJo20.htm,E,0,2,1945,False,0,0,0,0,0
Joe DuSossoit,/D/DuSoJo20.htm,E,0,1,1921,False,0,0,0,0,0
Earl Duvall,/D/DuvaEa20.htm,G-T-E,0,3,1926,False,0,0,0,0,0
Les Dye,/D/DyexLe20.htm,E,0,2,1945,False,0,0,0,0,0
Harry Ebding,/E/EbdiHa20.htm,E,0,7,1937,False,0,0,1,0,0
Ray Ebli,/E/EbliRa20.htm,E,0,6,1947,False,0,0,0,0,0
Dan Edwards,/E/EdwaDa00.htm,E,0,7,1954,False,0,1,1,0,0
Dick Egan,/E/EganDi20.htm,E-B,0,5,1924,False,0,0,0,0,0
Don Eliason,/E/EliaDo20.htm,E,0,5,1946,False,0,0,0,0,0
Carl Elliott,/E/ElliCa20.htm,DE-E,0,4,1954,False,0,0,0,0,0
Bud Ellor,/E/ElloBu20.htm,G-E,0,1,1930,False,0,0,0,0,0
Mel Embree,/E/EmbrMe20.htm,E,0,2,1954,False,0,0,0,0,0
Al Endress,/E/EndrAl20.htm,DE-E,0,1,1952,False,0,0,0,0,0
Harry Englund,/E/EnglHa20.htm,E-HB,0,2,1922,False,0,0,0,0,0
Pat Epperson,/E/EppePa00.htm,E,0,1,1960,False,0,0,0,0,0
Swede Erickson,/E/EricSw20.htm,E,0,1,1924,False,0,0,0,0,0
Clarence Esser,/E/EsseCl20.htm,E,0,1,1947,False,0,0,0,0,0
Dick Evans,/E/EvanDi20.htm,E,0,4,1943,False,0,0,0,0,0
Jon Evans,/E/EvanJo22.htm,E,0,1,1958,False,0,0,0,0,0
John Fahay,/F/FahaJo20.htm,E-B-G,0,5,1929,False,0,0,0,0,0
Mickey Fallon,/F/FallMi20.htm,G-E,0,1,1922,False,0,0,0,0,0
Dick Faust,/F/FausDi20.htm,T-G-E,0,6,1929,False,0,0,0,0,0
Doc Fay,/F/FayxDo20.htm,E,0,1,1922,False,0,0,0,0,0
Tom Fears,/F/FearTo00.htm,E,1,9,1956,False,0,1,1,0,0
Andy Feichtinger,/F/FeicAn20.htm,E,0,1,1920,False,0,0,0,0,0
Lou Feist,/F/FeisLo20.htm,E-T-FB,0,3,1926,False,0,0,0,0,0
Nip Felber,/F/FelbNi20.htm,E,0,2,1933,False,0,0,0,0,0
Gene Felker,/F/FelkGe20.htm,E,0,1,1952,False,0,0,0,0,0
Dick Fencl,/F/FencDi20.htm,E,0,1,1933,False,0,0,0,0,0
Harold Fenner,/F/FennHa20.htm,E,0,11,1930,False,0,0,0,0,0
Jack Ferrante,/F/FerrJa20.htm,E-DE,0,10,1950,False,0,0,0,0,0
James Finnegan,/F/FinnJa21.htm,E-QB,0,1,1923,False,0,0,0,0,0
Ev Fisher,/F/FishEv20.htm,BB-E,0,3,1940,False,0,0,0,0,0
Bill Fisk,/F/FiskBi20.htm,E-DE,0,9,1948,False,0,0,0,0,0
Max Fiske,/F/FiskMa20.htm,B-E,0,4,1939,False,0,0,0,0,0
Joe Fitzgerald,/F/FitzJo20.htm,E,0,1,1920,False,0,0,0,0,0
Jim Flaherty,/F/FlahJi20.htm,E-HB,0,1,1923,False,0,0,0,0,0
Dick Flaherty,/F/FlahDi20.htm,E,0,1,1926,False,0,0,0,0,0
Ray Flaherty,/F/FlahRa20.htm,E-DE,1,9,1935,False,0,0,3,0,0
Latham Flanagan,/F/FlanLa20.htm,E,0,1,1931,False,0,0,0,0,0
Willie Flattery,/F/FlatWi20.htm,G-E,0,2,1926,False,0,0,0,0,0
Bill Fleckenstein,/F/FlecBi20.htm,G-E-T-C,0,7,1931,False,0,0,0,0,0
Arthur Fletcher,/F/FletAr20.htm,E,0,1,1950,False,0,0,0,0,0
Paul Flinn,/F/FlinPa20.htm,E,0,2,1923,False,0,0,0,0,0
Paul Florence,/F/FlorPa20.htm,E,0,1,1920,False,0,0,0,0,0
Jim Flower,/F/FlowJi20.htm,T-E-C-G,0,6,1925,False,0,0,0,0,0
Bernie Flowers,/F/FlowBe20.htm,E,0,1,1956,False,0,0,0,0,0
Hank Foldberg,/F/FoldHa20.htm,E,0,2,1949,False,0,0,0,0,0
Len Ford,/F/FordLe00.htm,DE-E,1,11,1958,False,0,4,4,0,0
Sam Fox,/F/FoxxSa20.htm,E,0,1,1945,False,0,0,0,0,0
Ike Frankian,/F/FranIk20.htm,E,0,3,1935,False,0,0,0,0,0
Paul Franklin,/F/FranPa22.htm,B-E,0,3,1933,False,0,0,0,0,0
Walt Frickey,/F/FricWa20.htm,E,0,1,1920,False,0,0,0,0,0
Bob Friedlund,/F/FrieBo20.htm,E,0,1,1946,False,0,0,0,0,0
Jake Friedman,/F/FrieJa20.htm,E,0,1,1926,False,0,0,0,0,0
Harry Fry,/F/FryxHa20.htm,E,0,1,1932,False,0,0,0,0,0
Ed Frutig,/F/FrutEd20.htm,E,0,6,1946,False,0,0,0,0,0
Ray Fuqua,/F/FuquRa20.htm,E,0,2,1936,False,0,0,0,0,0
Al Gansberg,/G/GansAl20.htm,E-T,0,1,1926,False,0,0,0,0,0
Milt Gantenbein,/G/GantMi20.htm,E-DE,0,10,1940,False,0,1,1,0,0
Frank Garden,/G/GardFr20.htm,E,0,6,1925,False,0,0,0,0,0
Budge Garrett,/G/GarrBu20.htm,E-G-FB,0,3,1922,False,0,0,0,0,0
Franny Garvey,/G/GarvFr20.htm,E,0,2,1926,False,0,0,0,0,0
Hec Garvey,/G/GarvHe20.htm,G-E-T-C,0,10,1931,False,0,0,0,0,0
Dan Garza,/G/GarzDa20.htm,E,0,3,1951,False,0,0,0,0,0
Charlie Gauer,/G/GaueCh20.htm,FB-E,0,3,1945,False,0,0,0,0,0
Chuck Gelatka,/G/GelaCh20.htm,E,0,4,1940,False,0,1,0,0,0
Bruce Gehrke,/G/GehrBr20.htm,E,0,1,1948,False,0,0,0,0,0
Dale Gentry,/G/GentDa20.htm,E,0,3,1948,False,0,0,0,0,0
Patsy Gerardi,/G/GeraPa20.htm,E,0,1,1921,False,0,0,0,0,0
Gorham Getchell,/G/GetcGo20.htm,E-DE,0,1,1947,False,0,0,0,0,0
Fred Getz,/G/GetzFr20.htm,E,0,1,1930,False,0,0,0,0,0
John Giannoni,/G/GianJo20.htm,E,0,1,1938,False,0,0,0,0,0
Jim Gibbons,/G/GibbJi00.htm,E-TE,0,11,1968,False,0,3,0,0,0
Joe Gibson,/G/GibsJo20.htm,C-E,0,6,1947,False,0,0,0,0,0
Paul Gibson,/G/GibsPa20.htm,E-QB-DB-DE,0,3,1949,False,0,0,0,0,0
Horace Gillom,/G/GillHo00.htm,E-DE,0,10,1956,False,0,1,0,0,0
Jug Girard,/G/GiraJu20.htm,E-HB-QB-DB,0,10,1957,False,0,0,0,0,0
Mack Gladden,/G/GladMa20.htm,E,0,1,1934,False,0,0,0,0,0
Morris Glassman,/G/GlasMo20.htm,E,0,2,1922,False,0,0,0,0,0
Fred Glatz,/G/GlatFr20.htm,E,0,1,1956,False,0,0,0,0,0
George Glennie,/G/GlenGe20.htm,G-E-T,0,1,1926,False,0,0,0,0,0
Herb Godfrey,/G/GodfHe20.htm,E,0,1,1942,False,0,0,0,0,0
Paul Goebel,/G/GoebPa20.htm,E,0,3,1925,False,0,0,0,0,0
Art Goerke,/G/GoerAr20.htm,E,0,1,1921,False,0,0,0,0,0
Gus Goetz,/G/GoetGu20.htm,E-T,0,2,1923,False,0,0,0,0,0
Sam Goldman,/G/GoldSa20.htm,E,0,6,1949,False,0,0,0,0,0
Earl Goldsmith,/G/GoldEa20.htm,E-WB,0,2,1922,False,0,0,0,0,0
Alan Goldstein,/G/GoldAl00.htm,E,0,1,1960,False,0,0,0,0,0
Archie Golembeski,/G/GoleAr20.htm,E-G-C,0,5,1929,False,0,0,0,0,0
Clyde Goodnight,/G/GoodCl20.htm,E,0,6,1950,False,0,0,0,0,0
Earl Goodwin,/G/GoodEa20.htm,E,0,1,1928,False,0,0,0,0,0
Myrl Goodwin,/G/GoodMy20.htm,B-E,0,1,1928,False,0,0,0,0,0
Tod Goodwin,/G/GoodTo21.htm,E,0,2,1936,False,0,0,0,0,0
Lou Gordon,/G/GordLo20.htm,T-G-E,0,9,1938,False,0,0,0,0,0
Doc Gorman,/G/GormDo20.htm,E,0,2,1922,False,0,0,0,0,0
Flop Gorrill,/G/GorrFl20.htm,E,0,1,1926,False,0,0,0,0,0
Les Grace,/G/GracLe20.htm,E,0,1,1930,False,0,0,0,0,0
Fred Graham,/G/GrahFr20.htm,E,0,1,1926,False,0,0,0,0,0
Gardie Grange,/G/GranGa20.htm,HB-E,0,3,1931,False,0,0,0,0,0
Bud Grant,/G/GranBu00.htm,E-DE,1,2,1952,False,0,0,0,0,0
Jack Gray,/G/GrayJa20.htm,E,0,1,1923,False,0,0,0,0,0
Sam Gray,/G/GraySa20.htm,E,0,2,1947,False,0,0,0,0,0
Jerry Green,/G/GreeJe00.htm,E,0,1,1960,False,0,0,0,0,0
John Green,/G/GreeJo01.htm,DE-E,0,5,1951,False,0,1,0,0,0
Larry Green,/G/GreeLa21.htm,E,0,1,1920,False,0,0,0,0,0
John Greene,/G/GreeJo21.htm,E-G-B,0,7,1950,False,0,0,0,0,0
Ed Greene,/G/GreeEd20.htm,G-E,0,1,1926,False,0,0,0,0,0
Al Greer,/G/GreeAl23.htm,E,0,1,1963,False,0,0,0,0,0
Jim Greer,/G/GreeJi00.htm,E,0,1,1960,False,0,0,0,0,0
Ted Grefe,/G/GrefTe20.htm,E,0,1,1945,False,0,0,0,0,0
Edd Gregg,/G/GregEd20.htm,E,0,1,1922,False,0,0,0,0,0
Glynn Gregory,/G/GregGl00.htm,E-DB,0,2,1962,False,0,0,0,0,0
Ken Gregory,/G/GregKe00.htm,E,0,3,1963,False,0,0,0,0,0
Charlie Grube,/G/GrubCh20.htm,E,0,1,1926,False,0,0,0,0,0
Herb Gruber,/G/GrubHe20.htm,E,0,3,1923,False,0,0,0,0,0
Frank Grube,/G/GrubFr20.htm,E,0,1,1928,False,0,0,0,0,0
Al Guarnieri,/G/GuarAl20.htm,E,0,2,1925,False,0,0,0,0,0
Len Gudd,/G/GuddLe20.htm,E,0,1,1934,False,0,0,0,0,0
Roy Guffey,/G/GuffRo20.htm,E,0,1,1926,False,0,0,0,0,0
Bob Gunderman,/G/GundBo20.htm,E,0,1,1957,False,0,0,0,0,0
Milo Gwosden,/G/GwosMi20.htm,E,0,1,1925,False,0,0,0,0,0
Ira Haaven,/H/HaavIr20.htm,E,0,1,1923,False,0,0,0,0,0
Al Hadden,/H/HaddAl20.htm,B-E,0,6,1930,False,0,0,0,0,0
Barney Hafen,/H/HafeBa20.htm,DE-E,0,2,1950,False,0,0,0,0,0
Vern Hagenbuckle,/H/HageVe20.htm,E,0,1,1926,False,0,0,0,0,0
Ray Hahn,/H/HahnRa20.htm,E,0,1,1926,False,0,0,0,0,0
Hoot Haines,/H/HainHo20.htm,T-G-E,0,2,1931,False,0,0,0,0,0
George Halas,/H/HalaGe20.htm,E,1,9,1928,False,0,0,0,0,0
Dick Haley,/H/HaleDi20.htm,DB-HB-E,0,6,1964,False,0,0,0,0,0
Pete Hall,/H/HallPe00.htm,E,0,1,1961,False,0,0,0,0,0
Death Halladay,/H/HallDi21.htm,E-WB,0,2,1924,False,0,0,0,0,0
Paul Halleck,/H/HallPa21.htm,E,0,1,1937,False,0,0,0,0,0
Ray Hamilton,/H/HamiRa20.htm,E,0,10,1947,False,0,0,0,0,0
Henry Hammond,/H/HammHe20.htm,E,0,1,1937,False,0,0,0,0,0
Ray Hanken,/H/HankRa20.htm,E,0,2,1938,False,0,1,0,0,0
Carl Hanke,/H/HankCa20.htm,E,0,4,1924,False,0,0,0,0,0
Chuck Hanneman,/H/HannCh21.htm,E,0,5,1941,False,0,0,0,0,0
Duke Hanny,/H/HannDu20.htm,E-T-G-FB,0,8,1930,False,0,0,0,0,0
Hal Hansen,/H/HansHa20.htm,FB-E,0,1,1923,False,0,0,0,0,0
Steve Hanson,/H/HansSt20.htm,E,0,1,1926,False,0,0,0,0,0
John Harrington,/H/HarrJo20.htm,E-DE,0,2,1947,False,0,0,0,0,0
Billy Harris,/H/HarrBi20.htm,E-DE,0,1,1937,False,0,0,0,0,0
Jack Harris,/H/HarrJa21.htm,FB-E-HB,0,2,1926,False,0,0,0,0,0
Dick Harrison,/H/HarrDi21.htm,E-DB,0,1,1944,False,0,0,0,0,0
Ed Harrison,/H/HarrEd20.htm,E,0,1,1926,False,0,0,0,0,0
Gran Harrison,/H/HarrGr20.htm,E,0,2,1942,False,0,0,0,0,0
Max Harrison,/H/HarrMa24.htm,E,0,1,1940,False,0,0,0,0,0
Ben Hart,/H/HartBe20.htm,E,0,1,1967,False,0,0,0,0,0
Leon Hart,/H/HartLe01.htm,E-FB-DE,0,8,1957,False,0,1,1,0,0
Jim Hartman,/H/HartJi20.htm,E,0,1,1936,False,0,0,0,0,0
Norm Harvey,/H/HarvNo20.htm,T-E-C-G,0,5,1929,False,0,0,0,0,0
John Hasbrouck,/H/HasbJo20.htm,B-E,0,1,1921,False,0,0,0,0,0
Earl Hauser,/H/HausEa20.htm,E-T,0,2,1921,False,0,0,0,0,0
Ken Haycraft,/H/HaycKe20.htm,E,0,2,1930,False,0,0,0,0,0
Dave Hayes,/H/HayeDa20.htm,E,0,2,1922,False,0,0,0,0,0
Luther Hayes,/H/HayeLu00.htm,E,0,1,1961,False,0,0,0,0,0
Norbert Hayes,/H/HayeNo20.htm,E-FB,0,2,1923,False,0,0,0,0,0
George Hays,/H/HaysGe20.htm,DE-E,0,4,1953,False,0,0,0,0,0
Ed Healey,/H/HealEd20.htm,T-G-E,1,8,1927,False,0,0,4,0,0
Bob Heck,/H/HeckBo20.htm,DE-E,0,1,1949,False,0,0,0,0,0
Pat Heenan,/H/HeenPa20.htm,DB-E,0,2,1961,False,0,0,0,0,0
Charles Heileman,/H/HeilCh20.htm,E,0,1,1939,False,0,0,0,0,0
Bob Hein,/H/HeinBo20.htm,E,0,1,1947,False,0,0,0,0,0
Fritz Heinisch,/H/HeinFr20.htm,E-B,0,5,1926,False,0,0,0,0,0
Chuck Helvie,/H/HelvCh20.htm,E,0,2,1921,False,0,0,0,0,0
Gary Henson,/H/HensGa20.htm,E,0,2,1964,False,0,0,0,0,0
Dick Hensley,/H/HensDi20.htm,E-DE,0,5,1953,False,0,0,0,0,0
Ed Herman,/H/HermEd20.htm,E,0,1,1925,False,0,0,0,0,0
Kirk Hershey,/H/HersKi20.htm,E,0,1,1941,False,0,0,0,0,0
Pat Herron,/H/HerrPa20.htm,E,0,1,1920,False,0,0,0,0,0
Frank Hertz,/H/HertFr20.htm,E,0,1,1926,False,0,0,0,0,0
Bill Hewitt,/H/HewiBi20.htm,E-DE,1,12,1943,False,0,0,4,0,0
Ralph Heywood,/H/HeywRa20.htm,E-DE,0,4,1949,False,0,0,0,0,0
Red Hickey,/H/HickRe20.htm,E,0,8,1948,False,0,0,0,0,0
Max Hicks,/H/HickMa21.htm,E,0,2,1921,False,0,0,0,0,0
Austin Higgins,/H/HiggAu20.htm,C-E,0,3,1923,False,0,0,0,0,0
Bob Higgins,/H/HiggBo20.htm,E,0,2,1921,False,0,0,0,0,0
Lenny High,/H/HighLe20.htm,E,0,1,1920,False,0,0,0,0,0
Ben Hightower,/H/HighBe20.htm,E,0,2,1943,False,0,0,0,0,0
Chuck Hill,/H/HillCh22.htm,FB-WB-E,0,1,1925,False,0,0,0,0,0
Harlon Hill,/H/HillHa00.htm,E-DB,0,9,1962,False,0,3,2,0,0
Harold Hill,/H/HillHa20.htm,E,0,3,1940,False,0,0,0,0,0
Hal Hilpert,/H/HilpHa20.htm,E-B,0,4,1933,False,0,0,0,0,0
Hal Hinte,/H/HintHa20.htm,E,0,1,1942,False,0,0,0,0,0
Elroy Hirsch,/H/HirsEl00.htm,E-HB-DE,1,12,1957,False,0,3,2,0,0
Sam Hipa,/H/HipaSa20.htm,E,0,2,1928,False,0,0,0,0,0
Joel Hitt,/H/HittJo20.htm,E,0,1,1939,False,0,0,0,0,0
Billy Hix,/H/HixxBi20.htm,E,0,1,1950,False,0,0,0,0,0
Herman Hodges,/H/HodgHe20.htm,E,0,4,1942,False,0,0,0,0,0
John Hoffman,/H/HoffJo00.htm,HB-FB-E-LB,0,8,1956,False,0,2,0,0,0
Tom Hogan,/H/HogaTo20.htm,T-G-C-E,0,3,1926,False,0,0,0,0,0
Steve Hokuf,/H/HokuSt20.htm,B-E,0,3,1935,False,0,0,0,0,0
Al Hoisington,/H/HoisAl00.htm,E,0,1,1960,False,0,0,0,0,0
Lew Holder,/H/HoldLe20.htm,E,0,1,1949,False,0,0,0,0,0
Charlie Honaker,/H/HonaCh20.htm,E,0,1,1924,False,0,0,0,0,0
Ted Hopkins,/H/HopkTe20.htm,E,0,2,1922,False,0,0,0,0,0
Dick Horne,/H/HornDi21.htm,E,0,7,1947,False,0,0,0,0,0
Tubby Howard,/H/HowaTu20.htm,E-HB,0,2,1922,False,0,0,0,0,0
Bill Howell,/H/HoweBi20.htm,E,0,1,1929,False,0,0,0,0,0
Clarence Howell,/H/HoweCl20.htm,E,0,1,1948,False,0,0,0,0,0
Jim Lee Howell,/H/HoweJi20.htm,E,0,11,1947,False,0,1,0,0,0
Billy Howton,/H/HowtBi00.htm,E,0,12,1963,False,0,4,2,0,0
Bud Hubbard,/H/HubbBu20.htm,E,0,1,1935,False,0,0,0,0,0
Cal Hubbard,/H/HubbCa20.htm,T-E-DE-G,1,10,1936,False,0,0,4,0,0
Frank Hubbell,/H/HubbFr20.htm,E-DE,0,3,1949,False,0,0,0,0,0
Bob Hudson,/H/HudsBo20.htm,DB-LB-E,0,11,1961,False,0,0,0,0,0
Frank Huffman,/H/HuffFr20.htm,T-E,0,3,1941,False,0,0,0,0,0
Del Hufford,/H/HuffDe20.htm,E,0,1,1926,False,0,0,0,0,0
Joe Hugret,/H/HugrJo20.htm,E,0,1,1934,False,0,0,0,0,0
Vivian Hultman,/H/HultVi20.htm,E,0,3,1927,False,0,0,0,0,0
Dick Humbert,/H/HumbDi20.htm,E-DE,0,9,1949,False,0,1,0,0,0
Mack Hummon,/H/HummMa20.htm,E,0,3,1928,False,0,0,0,0,0
Ramey Hunter,/H/HuntRa20.htm,E,0,1,1933,False,0,0,0,0,0
John Hurley,/H/HurlJo21.htm,E,0,1,1931,False,0,0,0,0,0
Al Hust,/H/HustAl20.htm,E,0,1,1946,False,0,0,0,0,0
Don Hutson,/H/HutsDo00.htm,E-DB-DE,1,11,1945,False,0,0,0,0,0
Jack Hutton,/H/HuttJa20.htm,E-HB,0,1,1930,False,0,0,0,0,0
Bill Irgens,/I/IrgeBi20.htm,B-E,0,3,1923,False,0,0,0,0,0
Willie Irvin,/I/IrviWi20.htm,DE-E,0,1,1953,False,0,0,0,0,0
Pop Ivy,/I/IvyxPo20.htm,E,0,8,1947,False,0,1,0,0,0
Perry Jackson,/J/JackPe20.htm,T-E,0,3,1930,False,0,0,0,0,0
Harry Jacunski,/J/JacuHa20.htm,E,0,6,1944,False,0,1,0,0,0
Lefty Jamerson,/J/JameLe20.htm,E,0,1,1926,False,0,0,0,0,0
Val Jansante,/J/JansVa20.htm,E-DE,0,6,1951,False,0,0,0,0,0
Paul Jappe,/J/JappPa20.htm,E-G-T,0,4,1928,False,0,0,0,0,0
Jim Jennings,/J/JennJi20.htm,DE-E,0,1,1955,False,0,0,0,0,0
Lou Jennings,/J/JennLo20.htm,E-C,0,2,1930,False,0,0,0,0,0
Bob Jensen,/J/JensBo20.htm,DE-E,0,3,1950,False,0,0,0,0,0
Bill Jessup,/J/JessBi00.htm,E-FL,0,10,1960,False,0,0,0,0,0
John Jett,/J/JettJo20.htm,E,0,1,1941,False,0,0,0,0,0
Bob Jewett,/J/JeweBo20.htm,E,0,1,1958,False,0,0,0,0,0
Carroll Johnson,/J/JohnCa21.htm,E,0,1,1920,False,0,0,0,0,0
Joe Johnson,/J/JohnJo03.htm,HB-E,0,8,1961,False,0,0,0,0,0
Joe Johnson,/J/JohnJo20.htm,E,0,1,1948,False,0,0,0,0,0
Larry Johnson,/J/JohnLa21.htm,LB-C-E,0,12,1944,False,0,1,0,0,0
Leon Johnson,/J/JohnLe22.htm,E,0,1,1929,False,0,0,0,0,0
Luke Johnsos,/J/JohnLu20.htm,E,0,8,1936,False,0,0,2,0,0
Charlie Jonasen,/J/JonaCh20.htm,E,0,1,1921,False,0,0,0,0,0
Buck Jones,/J/JoneBu20.htm,E,0,1,1922,False,0,0,0,0,0
Ken Jones,/J/JoneKe20.htm,WB-E,0,1,1924,False,0,0,0,0,0
Ralph Jones,/J/JoneRa21.htm,E-DE,0,2,1947,False,0,0,0,0,0
Red Joseph,/J/JoseRe20.htm,E,0,5,1931,False,0,0,0,0,0
Zip Joseph,/J/JoseZi20.htm,E-G-C,0,3,1927,False,0,0,0,0,0
Saxon Judd,/J/JuddSa20.htm,E,0,3,1948,False,0,0,0,0,0
Steve Junker,/J/JunkSt00.htm,E,0,6,1962,False,0,0,0,0,0
Max Kadesky,/K/KadeMa20.htm,E,0,1,1923,False,0,0,0,0,0
Jim Kamp,/K/KampJi20.htm,T-G-E,0,2,1933,False,0,0,0,0,0
Al Kanya,/K/KanyAl20.htm,T-E,0,2,1932,False,0,0,0,0,0
Sam Kaplan,/K/KaplSa20.htm,E,0,1,1921,False,0,0,0,0,0
Bill Karr,/K/KarrBi20.htm,E,0,6,1938,False,0,0,1,0,0
Jack Karwales,/K/KarwJa20.htm,E,0,1,1947,False,0,0,0,0,0
Chuck Kassel,/K/KassCh20.htm,E,0,7,1933,False,0,0,0,0,0
Ken Kavanaugh,/K/KavaKe00.htm,E,0,11,1950,False,0,2,0,0,0
Jim Keane,/K/KeanJi20.htm,E-DE,0,7,1952,False,0,0,0,0,0
Tom Keane,/K/KeanTo00.htm,DB-E,0,8,1955,False,0,1,1,0,0
Bill Kelley,/K/KellBi22.htm,E,0,1,1949,False,0,0,0,0,0
Elmo Kelly,/K/KellEl21.htm,E,0,1,1944,False,0,0,0,0,0
Matt Kelsh,/K/KelsMa20.htm,E,0,1,1930,False,0,0,0,0,0
Jim Kendrick,/K/KendJi20.htm,B-E,0,6,1927,False,0,0,0,0,0
George Kenneally,/K/KennGe21.htm,E,0,10,1935,False,0,0,0,0,0
Bob Kercher,/K/KercBo20.htm,E,0,1,1944,False,0,0,0,0,0
Bill Kerr,/K/KerrBi20.htm,E,0,1,1946,False,0,0,0,0,0
George Kershaw,/K/KersGe20.htm,E,0,1,1949,False,0,0,0,0,0
Walt Kichefski,/K/KichWa20.htm,E,0,5,1944,False,0,0,0,0,0
Roger Kiley,/K/KileRo20.htm,E,0,1,1923,False,0,0,0,0,0
Frank Kimble,/K/KimbFr20.htm,E,0,1,1945,False,0,0,0,0,0
George Kinek,/K/KineGe20.htm,E,0,1,1954,False,0,0,0,0,0
Michael Kinek,/K/KineMi20.htm,E,0,1,1940,False,0,0,0,0,0
Fay King,/K/KingFa20.htm,E,0,4,1949,False,0,0,0,0,0
Gus King,/K/KingGu20.htm,E-HB,0,1,1922,False,0,0,0,0,0
George Kisiday,/K/KisiGe20.htm,E,0,1,1948,False,0,0,0,0,0
Ed Klewicki,/K/KlewEd20.htm,E,0,4,1938,False,0,0,1,0,0
Jiggs Kline,/K/KlinJi20.htm,E,0,4,1942,False,0,0,0,0,0
Harry Kloppenberg,/K/KlopHa20.htm,E-G,0,5,1934,False,0,0,0,0,0
John Klumb,/K/KlumJo20.htm,E,0,2,1940,False,0,0,0,0,0
Nick Klutka,/K/KlutNi20.htm,E,0,1,1946,False,0,0,0,0,0
Gary Knafelc,/K/KnafGa00.htm,E,0,10,1963,False,0,0,0,0,0
Oscar Knop,/K/KnopOs20.htm,B-E,0,8,1927,False,0,0,0,0,0
Larry Knorr,/K/KnorLa20.htm,E,0,4,1945,False,0,0,0,0,0
Dutch Kohl,/K/KohlDu20.htm,E,0,3,1922,False,0,0,0,0,0
Elmer Kolberg,/K/KolbEl20.htm,HB-E,0,3,1941,False,0,0,0,0,0
Floyd Konetsky,/K/KoneFl20.htm,E,0,4,1947,False,0,0,0,0,0
Tony Kostos,/K/KostTo20.htm,E-C-G-T,0,5,1931,False,0,0,0,0,0
Marty Kostos,/K/KostMa20.htm,E,0,1,1929,False,0,0,0,0,0
John Kovatch,/K/KovaJo20.htm,E,0,6,1947,False,0,0,0,0,0
Johnny Kovatch,/K/KovaJo21.htm,E,0,1,1938,False,0,0,0,0,0
Andy Kowalski,/K/KowaAn20.htm,E,0,3,1945,False,0,0,0,0,0
Joe Kozlowsky,/K/KozlJo20.htm,T-G-E,0,6,1930,False,0,0,0,0,0
Ollie Kraehe,/K/KraeOl20.htm,E-G-C,0,2,1923,False,0,0,0,0,0
Reynold Kraft,/K/KrafRe20.htm,E,0,1,1922,False,0,0,0,0,0
Ron Kramer,/K/KramRo00.htm,E-TE,0,11,1967,False,0,1,1,0,0
Joe Krejci,/K/KrejJo20.htm,E,0,1,1934,False,0,0,0,0,0
Rich Kreitling,/K/KreiRi00.htm,E,0,6,1964,False,0,0,0,0,0
Bob Krieger,/K/KrieBo20.htm,E,0,6,1946,False,0,0,0,0,0
Al Krueger,/K/KrueAl21.htm,HB-E,0,6,1946,False,0,1,0,0,0
Bert Kuczynski,/K/KuczBe20.htm,E,0,4,1946,False,0,0,0,0,0
Ted Kucharski,/K/KuchTe20.htm,E,0,1,1930,False,0,0,0,0,0
Ray Kuffel,/K/KuffRa20.htm,E,0,3,1949,False,0,0,0,0,0
Oscar Kuhner,/K/KuhnOs20.htm,T-G-E,0,2,1921,False,0,0,0,0,0
Roy Kurrasch,/K/KurrRo20.htm,E,0,2,1948,False,0,0,0,0,0
Mal Kutner,/K/KutnMa20.htm,E-DB,0,5,1950,False,0,0,1,0,0
Jim Ladd,/L/LaddJi20.htm,E,0,1,1954,False,0,0,0,0,0
Bill LaFitte,/L/LaFiBi20.htm,E,0,1,1944,False,0,0,0,0,0
Dick Lage,/L/LageDi20.htm,E,0,1,1961,False,0,0,0,0,0
Pat Lahey,/L/LahePa20.htm,E-DE,0,2,1947,False,0,0,0,0,0
Walt Lamb,/L/LambWa20.htm,E,0,1,1946,False,0,0,0,0,0
Curly Lambeau,/L/LambCu20.htm,TB-FB-BB-E,1,9,1929,False,0,0,0,0,0
Buck Lamme,/L/LammBu20.htm,E,0,1,1931,False,0,0,0,0,0
Night Train Lane,/L/LaneDi00.htm,DB-E,1,14,1965,False,0,7,3,0,0
Ted Lapka,/L/LapkTe20.htm,E,0,4,1946,False,0,0,0,0,0
Paul LaRosa,/L/LaRoPa20.htm,E,0,2,1921,False,0,0,0,0,0
John Lascari,/L/LascJo20.htm,E,0,1,1942,False,0,0,0,0,0
Nick Lassa,/L/LassNi20.htm,T-C-G-E,0,2,1923,False,0,0,0,0,0
Lou Lassahn,/L/LassLo20.htm,E,0,1,1938,False,0,0,0,0,0
Dutch Lauer,/L/LaueDu20.htm,B-E,0,5,1926,False,0,0,0,0,0
Dante Lavelli,/L/LaveDa00.htm,E-DE,1,11,1956,False,0,3,0,0,0
Jim Lawson,/L/LawsJi20.htm,E,0,1,1927,False,0,0,0,0,0
Bob Layden,/L/LaydBo20.htm,E-T,0,1,1943,False,0,0,0,0,0
Wes Leaper,/L/LeapWe20.htm,E,0,1,1923,False,0,0,0,0,0
Tom Leary,/L/LearTo20.htm,E,0,5,1931,False,0,0,0,0,0
Cliff Lemon,/L/LemoCl20.htm,E,0,1,1926,False,0,0,0,0,0
George Lenc,/L/LencGe20.htm,E,0,1,1939,False,0,0,0,0,0
Pinky Lester,/L/LestPi20.htm,E-T,0,1,1926,False,0,0,0,0,0
Woodley Lewis,/L/LewiWo00.htm,DB-E,0,11,1960,False,0,1,0,0,0
Frank Liebel,/L/LiebFr20.htm,E,0,7,1948,False,0,0,0,0,0
Joe Lindahl,/L/LindJo20.htm,G-E,0,1,1945,False,0,0,0,0,0
Red Litkus,/L/LitkRe20.htm,T-E,0,1,1921,False,0,0,0,0,0
Joe Little Twig,/L/LittJo22.htm,E-T,0,5,1926,False,0,0,1,0,0
Oscar Lofton,/L/LoftOs00.htm,E,0,1,1960,False,0,0,0,0,0
Bob Logel,/L/LogeBo20.htm,E,0,1,1949,False,0,0,0,0,0
Tom Lomasney,/L/LomaTo21.htm,E,0,1,1929,False,0,0,0,0,0
Bill Long,/L/LongBi20.htm,E,0,1,1949,False,0,0,0,0,0
Mike Long,/L/LongMi00.htm,E,0,1,1960,False,0,0,0,0,0
Buford Long,/L/LongBu20.htm,DB-HB-E,0,3,1955,False,0,0,0,0,0
Louie Long,/L/LongLo20.htm,E,0,1,1931,False,0,0,0,0,0
Paul Longua,/L/LongPa20.htm,E,0,2,1930,False,0,0,0,0,0
John Lookabaugh,/L/LookJo20.htm,E,0,2,1947,False,0,0,0,0,0
Don Looney,/L/LoonDo20.htm,E,0,3,1942,False,0,1,0,0,0
Ed Loucks,/L/LoucEd20.htm,E,0,1,1925,False,0,0,0,0,0
Bulger Lowe,/L/LoweBu20.htm,E-T,0,8,1927,False,0,0,1,0,0
Frank LoVuolo,/L/LoVuFr20.htm,E,0,1,1949,False,0,0,0,0,0
Darby Lowery,/L/LoweDa20.htm,G-E-T,0,6,1925,False,0,0,0,0,0
Alex Loyd,/L/LoydAl20.htm,E,0,1,1950,False,0,0,0,0,0
Dick Lucas,/L/LucaDi00.htm,E,0,6,1963,False,0,0,0,0,0
Don Luft,/L/LuftDo20.htm,E,0,1,1954,False,0,0,0,0,0
Nolan Luhn,/L/LuhnNo20.htm,E,0,5,1949,False,0,0,0,0,0
Jack Lummus,/L/LummJa20.htm,E,0,1,1941,False,0,0,0,0,0
Jim Lukens,/L/LukeJi20.htm,E,0,1,1949,False,0,0,0,0,0
Bob Lundell,/L/LundBo20.htm,E,0,2,1930,False,0,0,0,0,0
Lamar Lundy,/L/LundLa00.htm,DE-E,0,13,1969,False,0,1,0,0,0
Charlie Lungren,/L/LungCh20.htm,B-E,0,1,1923,False,0,0,0,0,0
Dewey Lyle,/L/LyleDe20.htm,G-E-T,0,4,1923,False,0,0,1,0,0
Ed Lynch,/L/LyncEd20.htm,E-T,0,5,1929,False,0,0,1,0,0
John Lyons,/L/LyonJo20.htm,E,0,1,1933,False,0,0,0,0,0
Ken MacAfee,/M/MacAKe20.htm,E-TE,0,6,1959,False,0,0,0,0,0
Max MacCollum,/M/MacCMa20.htm,E,0,1,1922,False,0,0,0,0,0
Dee Mackey,/M/MackDe00.htm,E-TE,0,6,1965,False,0,0,0,0,0
Elmer Madar,/M/MadaEl20.htm,E,0,1,1947,False,0,0,0,0,0
Bob Mahan,/M/MahaBo20.htm,B-E,0,2,1930,False,0,0,0,0,0
Birtie Maher,/M/MaheBi20.htm,E,0,1,1920,False,0,0,0,0,0
John Mahoney,/M/MahoJo20.htm,B-E,0,1,1923,False,0,0,0,0,0
Roger Mahoney,/M/MahoRo20.htm,C-G-E,0,3,1930,False,0,0,0,0,0
Johnny Mahrt,/M/MahrJo20.htm,E,0,1,1925,False,0,0,0,0,0
Charley Malone,/M/MaloCh20.htm,E,0,9,1942,False,0,1,0,0,0
Ned Maloney,/M/MaloNe20.htm,E,0,2,1949,False,0,0,0,0,0
Red Maloney,/M/MaloRe20.htm,E,0,5,1929,False,0,0,0,0,0
Carl Mankat,/M/MankCa20.htm,E-T-G,0,2,1929,False,0,0,0,0,0
Bob Mann,/M/MannBo00.htm,E,0,7,1954,False,0,0,0,0,0
Dave Mann,/M/MannDa20.htm,HB-E,0,3,1957,False,0,0,0,0,0
Jerry Mansfield,/M/MansJe20.htm,FB-E-HB,0,2,1921,False,0,0,0,0,0
Eggs Manske,/M/MansEg20.htm,E,0,6,1940,False,0,1,0,0,0
Pete Marcus,/M/MarcPe20.htm,E,0,1,1944,False,0,0,0,0,0
Lou Mark,/M/MarkLo20.htm,C-E,0,8,1945,False,0,0,0,0,0
Cliff Marker,/M/MarkCl20.htm,E-B,0,2,1927,False,0,0,0,0,0
Rube Marquardt,/M/MarqRu20.htm,E,0,1,1921,False,0,0,0,0,0
Bobby Marshall,/M/MarsBo20.htm,E,0,6,1925,False,0,0,0,0,0
Charley Marshall,/M/MarsCh20.htm,E,0,2,1932,False,0,0,0,0,0
Phil Marshall,/M/MarsPh20.htm,E,0,1,1920,False,0,0,0,0,0
Herman Martell,/M/MartHe20.htm,E,0,1,1921,False,0,0,0,0,0
Joel Mason,/M/MasoJo20.htm,E,0,7,1945,False,0,0,0,0,0
Bob Masterson,/M/MastBo21.htm,E,0,9,1946,False,0,1,0,0,0
Gus Mastrogany,/M/MastGu20.htm,E,0,1,1931,False,0,0,0,0,0
Jack Matheson,/M/MathJa20.htm,E-G,0,5,1947,False,0,0,0,0,0
Barney Mathews,/M/MathBa20.htm,E,0,1,1926,False,0,0,0,0,0
Ray Mathews,/M/MathRa00.htm,HB-E,0,10,1960,False,0,2,0,0,0
Joey Maxwell,/M/MaxwJo20.htm,C-E,0,3,1929,False,0,0,0,0,0
Emil Mayer,/M/MayeEm20.htm,E,0,4,1930,False,0,0,0,0,0
Les Maynard,/M/MaynLe20.htm,E,0,1,1932,False,0,0,0,0,0
Don Maynard,/M/MaynDo00.htm,E-FL-HB,1,16,1973,False,0,4,1,1,0
Gene Mayl,/M/MaylGe20.htm,E,0,2,1926,False,0,0,0,0,0
Vince Mazza,/M/MazzVi20.htm,E,0,5,1949,False,0,0,0,0,0
Jack McArthur,/M/McArJa20.htm,C-T-G-E,0,6,1931,False,0,0,0,0,0
Don McCafferty,/M/McCaDo20.htm,E,0,1,1946,False,0,0,0,0,0
Bob McCain,/M/McCaBo21.htm,E,0,1,1946,False,0,0,0,0,0
Ernie McCann,/M/McCaEr20.htm,T-E-G,0,1,1926,False,0,0,0,0,0
Don McCarthy,/M/McCaDo21.htm,E,0,1,1921,False,0,0,0,0,0
Jim McCarthy,/M/McCaJi22.htm,E,0,4,1949,False,0,0,0,0,0
Vince McCarthy,/M/McCaVi20.htm,B-E,0,2,1925,False,0,0,0,0,0
Leo McCausland,/M/McCaLe20.htm,C-G-T-E,0,1,1922,False,0,0,0,0,0
Bob McChesney,/M/McChBo20.htm,E,0,7,1942,False,0,2,0,0,0
Bill McCaw,/M/McCaBi20.htm,G-E,0,4,1926,False,0,0,0,0,0
Bob McChesney,/M/McChBo21.htm,E,0,3,1952,False,0,0,0,0,0
Jack McClairen,/M/McClJa00.htm,E,0,6,1960,False,0,1,0,0,0
Bill McColl,/M/McCoBi20.htm,E,0,8,1959,False,0,0,0,0,0
Flip McDonald,/M/McDoFl20.htm,E,0,5,1948,False,0,0,0,0,0
 McDonald,/M/McDoxx20.htm,E-G,0,1,1925,False,0,0,0,0,0
Les McDonald,/M/McDoLe20.htm,E,0,4,1940,False,0,0,0,0,0
Paul McDonough,/M/McDoPa20.htm,E,0,4,1941,False,0,0,0,0,0
Max McGee,/M/McGeMa00.htm,E,0,14,1967,False,0,1,0,2,0
Larry McGinnis,/M/McGiLa20.htm,G-C-E,0,2,1924,False,0,0,0,0,0
Hugh McGoldrick,/M/McGoHu20.htm,T-E,0,1,1925,False,0,0,0,0,0
Frank McGrath,/M/McGrFr20.htm,E,0,2,1928,False,0,0,0,0,0
Mac McIndoe,/M/McInMa20.htm,E,0,1,1921,False,0,0,0,0,0
Nick McInerney,/M/McInNi20.htm,C-E-T-FB-G,0,8,1927,False,0,0,0,0,0
Bill McKalip,/M/McKaBi20.htm,E-WB,0,6,1936,False,0,0,0,0,0
Paul McKee,/M/McKePa20.htm,E,0,2,1948,False,0,0,0,0,0
Frank McNeil,/M/McNeFr20.htm,E,0,1,1932,False,0,0,0,0,0
Paul McNulty,/M/McNuPa20.htm,E,0,2,1925,False,0,0,0,0,0
Frank McPhee,/M/McPhFr20.htm,DB-E,0,1,1955,False,0,0,0,0,0
Jack Mead,/M/MeadJa20.htm,E,0,2,1947,False,0,0,0,0,0
Ralph Meadow,/M/MeadRa20.htm,E,0,1,1920,False,0,0,0,0,0
Ed Meadows,/M/MeadEd20.htm,DE-E,0,6,1959,False,0,0,0,0,0
Jack Meagher,/M/MeagJa20.htm,E,0,1,1920,False,0,0,0,0,0
Ward Meese,/M/MeesWa20.htm,E,0,4,1925,False,0,0,0,0,0
Charley Mehelich,/M/MeheCh20.htm,DE-E,0,6,1951,False,0,0,0,0,0
Steve Meilinger,/M/MeilSt00.htm,E,0,6,1961,False,0,0,0,0,0
Tom Melvin,/M/MelvTo20.htm,E-WB,0,1,1921,False,0,0,0,0,0
Vic Menefee,/M/MeneVi20.htm,E,0,1,1921,False,0,0,0,0,0
Lou Merillat,/M/MeriLo20.htm,E,0,1,1925,False,0,0,0,0,0
Fred Meyer,/M/MeyeFr20.htm,E-DE,0,4,1945,False,0,0,0,0,0
Gil Meyer,/M/MeyeGi20.htm,E-DE,0,1,1947,False,0,0,0,0,0
Paul Meyers,/M/MeyePa20.htm,E,0,3,1923,False,0,0,0,0,0
Dave Middleton,/M/MiddDa00.htm,E-HB-FL,0,7,1961,False,0,0,0,0,0
Joe Milam,/M/MilaJo20.htm,G-E-T,0,1,1925,False,0,0,0,0,0
Archie Milano,/M/MilaAr20.htm,E,0,1,1945,False,0,0,0,0,0
Blake Miller,/M/MillBl20.htm,WB-E,0,2,1921,False,0,0,0,0,0
Candy Miller,/M/MillCa22.htm,T-E,0,2,1923,False,0,0,0,0,0
Heinie Miller,/M/MillHe20.htm,E-G,0,6,1925,False,0,0,0,0,0
Ron Miller,/M/MillRo20.htm,E,0,1,1956,False,0,0,0,0,0
Tom Miller,/M/MillTo20.htm,DE-E,0,4,1946,False,0,0,0,0,0
Wayne Millner,/M/MillWa20.htm,E-DE,1,10,1945,False,0,0,0,0,0
Joe Mills,/M/MillJo26.htm,C-E-TB-G-WB,0,5,1926,False,0,0,0,0,0
Stan Mills,/M/MillSt20.htm,FB-HB-E,0,3,1924,False,0,0,0,0,0
Johnny Milton,/M/MiltJo20.htm,E-B,0,2,1924,False,0,0,0,0,0
Henry Minarik,/M/MinaHe20.htm,E,0,1,1951,False,0,0,0,0,0
Paul Minick,/M/MiniPa20.htm,G-E,0,3,1929,False,0,0,0,0,0
Gene Mitcham,/M/MitcGe20.htm,E,0,1,1958,False,0,0,0,0,0
Al Mitchell,/M/MitcAl20.htm,T-C-E,0,1,1924,False,0,0,0,0,0
Buster Mitchell,/M/MitcBu20.htm,E-T,0,7,1937,False,0,0,1,0,0
Dick Moje,/M/MojeDi20.htm,E,0,1,1951,False,0,0,0,0,0
Louie Mohs,/M/MohsLo20.htm,E-G-T,0,3,1924,False,0,0,0,0,0
Jim Mooney,/M/MoonJi20.htm,E-T-G,0,6,1935,False,0,0,0,0,0
Bill Moore,/M/MoorBi20.htm,E-DE,0,1,1939,False,0,0,0,0,0
Sam Morley,/M/MorlSa20.htm,E,0,1,1954,False,0,0,0,0,0
Glenn Morris,/M/MorrGl20.htm,E,0,1,1940,False,0,0,0,0,0
Max Morris,/M/MorrMa20.htm,E-DE,0,3,1948,False,0,0,0,0,0
Butch Morse,/M/MorsBu20.htm,E,0,6,1940,False,0,0,0,0,0
Jack Morton,/M/MortJa20.htm,E-DE-DB,0,3,1947,False,0,0,0,0,0
Monk Moscrip,/M/MoscMo20.htm,E,0,2,1939,False,0,0,0,0,0
Paul Moss,/M/MossPa20.htm,E,0,2,1934,False,0,0,0,0,0
Kelley Mote,/M/MoteKe20.htm,E-DE-DB,0,6,1952,False,0,0,0,0,0
Bob Motl,/M/MotlBo20.htm,E,0,1,1946,False,0,0,0,0,0
Bill Muellner,/M/MuelBi20.htm,E,0,1,1937,False,0,0,0,0,0
Vern Mullen,/M/MullVe20.htm,E-HB,0,5,1927,False,0,0,0,0,0
Carl Mulleneaux,/M/MullCa20.htm,E,0,9,1946,False,0,2,0,0,0
George Mulligan,/M/MullGe20.htm,E,0,1,1936,False,0,0,0,0,0
Brick Muller,/M/MullBr20.htm,E,0,1,1926,False,0,0,1,0,0
Jerry Mulready,/M/MulrJe20.htm,E-DE,0,1,1947,False,0,0,0,0,0
Jock Mungavin,/M/MungJo20.htm,E,0,1,1920,False,0,0,0,0,0
Lyle Munn,/M/MunnLy20.htm,E,0,5,1929,False,0,0,0,0,0
Harvey Murphy,/M/MurpHa20.htm,E,0,1,1940,False,0,0,0,0,0
Jim Murphy,/M/MurpJi20.htm,B-E-C,0,3,1928,False,0,0,0,0,0
Fred Murphy,/M/MurpFr01.htm,E,0,2,1961,False,0,0,0,0,0
Jab Murray,/M/MurrJa20.htm,E-C-G-T,0,4,1924,False,0,0,0,0,0
Jock Murray,/M/MurrJo21.htm,E-G,0,1,1926,False,0,0,0,0,0
Mickey Murtagh,/M/MurtMi20.htm,C-G-E-B,0,7,1932,False,0,0,0,0,0
Don Murry,/M/MurrDo20.htm,T-E-G,0,11,1932,False,0,0,0,0,0
Jim Mutscheller,/M/MutsJi00.htm,E-DE,0,8,1961,False,0,1,0,0,0
Brad Myers,/M/MyerBr20.htm,B-E,0,6,1958,False,0,0,0,0,0
Truck Myers,/M/MyerTr20.htm,E-T,0,4,1925,False,0,0,0,0,0
Harry Myles,/M/MyleHa20.htm,E-T-G,0,2,1930,False,0,0,0,0,0
Andy Nacrelli,/N/NacrAn20.htm,E,0,1,1958,False,0,0,0,0,0
Johnny Nagle,/N/NaglJo20.htm,E,0,1,1921,False,0,0,0,0,0
Gern Nagler,/N/NaglGe00.htm,E,0,9,1961,False,0,1,0,0,0
Ralph Nairan,/N/NairRa20.htm,E-WB,0,1,1926,False,0,0,0,0,0
Bob Nash,/N/NashBo20.htm,T-E,0,6,1925,False,0,0,1,0,0
Tom Nash,/N/NashTo20.htm,E,0,7,1934,False,0,0,1,0,0
Clem Neacy,/N/NeacCl20.htm,E-T,0,5,1928,False,0,0,0,0,0
Herb Nelson,/N/NelsHe20.htm,E-T,0,3,1948,False,0,0,0,0,0
Jerry Nemecek,/N/NemeJe20.htm,E,0,1,1931,False,0,0,0,0,0
Al Nesser,/N/NessAl20.htm,G-E-C,0,12,1931,False,0,0,1,0,0
Fred Nesser,/N/NessFr21.htm,T-E-FB,0,1,1921,False,0,0,0,0,0
Bill Netherton,/N/NethBi20.htm,E,0,2,1922,False,0,0,0,0,0
Bob Neuman,/N/NeumBo20.htm,E,0,3,1936,False,0,0,0,0,0
Harry Newland,/N/NewlHa20.htm,E,0,1,1921,False,0,0,0,0,0
Obie Newman,/N/NewmOb20.htm,E-TB-WB,0,2,1926,False,0,0,0,0,0
Elbie Nickel,/N/NickEl00.htm,E-DE,0,11,1957,False,0,3,0,0,0
Dave Nisbet,/N/NisbDa20.htm,E,0,1,1933,False,0,0,0,0,0
Jack Nix,/N/NixxJa21.htm,E,0,1,1950,False,0,0,0,0,0
Jim Noble,/N/NoblJi20.htm,E,0,1,1925,False,0,0,0,0,0
Ike Nonnemaker,/N/NonnIk20.htm,E-BB,0,1,1926,False,0,0,0,0,0
Jerry Noonan,/N/NoonJe20.htm,B-E,0,4,1924,False,0,0,0,0,0
Hank Norberg,/N/NorbHa20.htm,E,0,3,1948,False,0,0,0,0,0
Al Norgard,/N/NorgAl20.htm,E,0,1,1934,False,0,0,0,0,0
Jack Norris,/N/NorrJa20.htm,E,0,1,1932,False,0,0,0,0,0
Trusse Norris,/N/NorrTr20.htm,E,0,1,1960,False,0,0,0,0,0
John North,/N/NortJo20.htm,E-DB,0,3,1950,False,0,0,0,0,0
Don Norton,/N/NortDo00.htm,E,0,7,1966,False,0,2,0,0,0
Jim Norton,/N/NortJi21.htm,DE-DT-T-E,0,6,1970,False,0,0,0,0,0
Walt Nowak,/N/NowaWa20.htm,E,0,1,1944,False,0,0,0,0,0
Bob Nowaskey,/N/NowaBo20.htm,E-DE,0,11,1950,False,0,2,0,0,0
Jack O'Brien,/O/OBriJa21.htm,E,0,3,1956,False,0,0,0,0,0
Grat O'Connell,/O/OConGr20.htm,E,0,2,1927,False,0,0,0,0,0
Bill O'Connor,/O/OConBi20.htm,E-DE,0,4,1951,False,0,0,0,0,0
Milt O'Connell,/O/OConMi20.htm,E,0,2,1925,False,0,0,0,0,0
Red O'Connor,/O/OConRe20.htm,E,0,5,1924,False,0,0,0,0,0
Dick O'Donnell,/O/ODonDi20.htm,E,0,9,1931,False,0,0,0,0,0
Chuck O'Neil,/O/ONeiCh20.htm,E-B,0,3,1923,False,0,0,0,0,0
Wally O'Neill,/O/ONeiWa20.htm,E-G-T,0,1,1925,False,0,0,0,0,0
Red O'Quinn,/O/OQuiRe20.htm,DB-E,0,2,1951,False,0,0,0,0,0
Earl Ohlgren,/O/OhlgEa20.htm,E,0,1,1942,False,0,0,0,0,0
Jim Oldham,/O/OldhJi20.htm,E-B,0,1,1926,False,0,0,0,0,0
Doug Oldershaw,/O/OldeDo20.htm,G-E,0,3,1941,False,0,1,0,0,0
Aaron Oliker,/O/OlikAa20.htm,E,0,1,1926,False,0,0,0,0,0
Al Olszewski,/O/OlszAl20.htm,E,0,1,1945,False,0,0,0,0,0
Bob Oristaglio,/O/OrisBo20.htm,DE-E,0,4,1952,False,0,0,0,0,0
Dan Orlich,/O/OrliDa20.htm,DE-E,0,3,1951,False,0,0,0,0,0
Jimmy Orr,/O/OrrxJi00.htm,FL-E-SE-WR,0,13,1970,False,0,2,1,1,0
Lowell Otte,/O/OtteLo20.htm,E,0,1,1927,False,0,0,0,0,0
Jim Owens,/O/OwenJi20.htm,E-DE,0,1,1950,False,0,0,0,0,0
R.C. Owens,/O/OwenR.00.htm,HB-E,0,8,1964,False,0,0,0,0,0
Max Padlow,/P/PadlMa20.htm,E,0,2,1936,False,0,0,0,0,0
Joe Pappio,/P/PappJo20.htm,G-E-T-BB,0,8,1930,False,0,0,0,0,0
Dave Parker,/P/ParkDa21.htm,E,0,1,1941,False,0,0,0,0,0
Joe Parker,/P/ParkJo20.htm,E,0,2,1947,False,0,0,0,0,0
Maury Patt,/P/PattMa20.htm,E,0,5,1942,False,0,0,0,0,0
Gordon Patterson,/P/PattGo20.htm,E,0,1,1921,False,0,0,0,0,0
Dwight Peabody,/P/PeabDw20.htm,E-BB,0,3,1922,False,0,0,0,0,0
Harley Pearce,/P/PearHa20.htm,E-B,0,1,1926,False,0,0,0,0,0
Jim Peebles,/P/PeebJi20.htm,E-T-DE,0,6,1951,False,0,0,0,0,0
Ray Pelfrey,/P/PelfRa20.htm,E-HB,0,3,1953,False,0,0,0,0,0
Bolo Perdue,/P/PerdBo20.htm,DE-E,0,7,1946,False,0,0,0,0,0
Claude Perry,/P/PerrCl20.htm,T-G-E,0,9,1935,False,0,0,0,0,0
Lowell Perry,/P/PerrLo20.htm,E,0,1,1956,False,0,0,0,0,0
Louie Pessolano,/P/PessLo20.htm,T-G-E,0,1,1929,False,0,0,0,0,0
Carl Peterson,/P/PeteCa21.htm,C-E,0,1,1924,False,0,0,0,0,0
Les Peterson,/P/PeteLe20.htm,E-T,0,4,1934,False,0,0,0,0,0
Phil Peterson,/P/PetePh20.htm,E,0,1,1934,False,0,0,0,0,0
Bill Petrilas,/P/PetrBi20.htm,HB-E,0,2,1945,False,0,0,0,0,0
Neal Petties,/P/PettNe00.htm,E,0,3,1966,False,0,0,0,0,0
Red Phillips,/P/PhilJi00.htm,E,0,10,1967,False,0,3,1,0,0
Alex Piasecky,/P/PiasAl20.htm,E,0,3,1945,False,0,0,0,0,0
Joe Pierre,/P/PierJo20.htm,E,0,1,1945,False,0,0,0,0,0
Pete Pihos,/P/PihoPe00.htm,E-DE,1,9,1955,False,0,6,5,0,0
Joe Pilconis,/P/PilcJo20.htm,E,0,4,1937,False,0,0,0,0,0
Joyce Pipkin,/P/PipkJo20.htm,E-DE-BB,0,2,1949,False,0,0,0,0,0
Hank Piro,/P/PiroHa20.htm,E,0,1,1941,False,0,0,0,0,0
Earl Plank,/P/PlanEa20.htm,E,0,5,1930,False,0,0,0,0,0
Dick Plasman,/P/PlasDi20.htm,E-T,0,11,1947,False,0,2,0,0,0
George Platukis,/P/PlatGe20.htm,E-DE,0,5,1942,False,0,0,0,0,0
Jim Podoley,/P/PodoJi00.htm,HB-E,0,4,1960,False,0,1,0,0,0
Red Pollock,/P/PollRe20.htm,HB-E,0,2,1936,False,0,0,0,0,0
Fran Polsfoot,/P/PolsFr00.htm,E,0,4,1953,False,0,1,0,0,0
Hampton Pool,/P/PoolHa20.htm,E,0,7,1946,False,0,2,0,0,0
Barney Poole,/P/PoolBa20.htm,DE-E,0,6,1954,False,0,0,0,0,0
Jim Poole,/P/PoolJi20.htm,E,0,10,1946,False,0,3,2,0,0
Ollie Poole,/P/PoolOl20.htm,DE-E,0,3,1949,False,0,0,0,0,0
Ray Poole,/P/PoolRa20.htm,DE-E,0,6,1952,False,0,1,0,0,0
Spencer Pope,/P/PopeSp20.htm,E,0,1,1920,False,0,0,0,0,0
Charley Powell,/P/PoweCh20.htm,DE-LB-E,0,10,1961,False,0,0,0,0,0
Dick Powell,/P/PoweDi20.htm,E,0,2,1933,False,0,0,0,0,0
Dale Prather,/P/PratDa20.htm,E-T,0,1,1938,False,0,0,0,0,0
Hal Prescott,/P/PresHa20.htm,E,0,4,1949,False,0,0,0,0,0
Bob Priestley,/P/PrieBo20.htm,E,0,1,1942,False,0,0,0,0,0
Steve Pritko,/P/PritSt20.htm,E-DE,0,8,1950,False,0,0,0,0,0
Ray Prochaska,/P/ProcRa20.htm,E,0,1,1941,False,0,0,0,0,0
Ken Provencial,/P/ProvKe20.htm,E,0,1,1930,False,0,0,0,0,0
Fred Putzier,/P/PutzFr20.htm,E-WB,0,1,1924,False,0,0,0,0,0
John Quast,/Q/QuasJo20.htm,E,0,1,1923,False,0,0,0,0,0
Frank Quillen,/Q/QuilFr20.htm,E-DE,0,2,1947,False,0,0,0,0,0
Frank Racis,/R/RaciFr20.htm,G-T-E,0,7,1931,False,0,0,0,0,0
Ken Radick,/R/RadiKe20.htm,E-G-T,0,2,1931,False,0,0,0,0,0
Bill Raffel,/R/RaffBi20.htm,E,0,1,1932,False,0,0,0,0,0
Red Ramsey,/R/RamsRe20.htm,E,0,8,1945,False,0,0,0,0,0
Proc Randels,/R/RandPr20.htm,E,0,3,1928,False,0,0,0,0,0
Sonny Randle,/R/RandSo00.htm,E-WR,0,10,1968,False,0,4,1,0,0
Clare Randolph,/R/RandCl20.htm,C-G-LB-E,0,7,1936,False,0,0,0,0,0
Keith Ranspot,/R/RansKe20.htm,E,0,6,1945,False,0,0,0,0,0
Roy Ratekin,/R/RateRo20.htm,E,0,1,1921,False,0,0,0,0,0
Bob Ravensberg,/R/RaveBo20.htm,E,0,2,1949,False,0,0,0,0,0
Van Rayburn,/R/RaybVa20.htm,E,0,1,1933,False,0,0,0,0,0
Bert Rechichar,/R/RechBe00.htm,DB-LB-HB-E,0,10,1961,False,0,3,0,0,0
Ray Reckmack,/R/ReckRa20.htm,E-HB,0,1,1937,False,0,0,0,0,0
Sheepy Redeen,/R/RedeSh20.htm,E,0,1,1921,False,0,0,0,0,0
Dave Reese,/R/ReesDa20.htm,E,0,4,1923,False,0,0,0,0,0
Dick Reichle,/R/ReicDi20.htm,E,0,1,1923,False,0,0,0,0,0
Jerry Reichow,/R/ReicJe00.htm,E-QB,0,9,1964,False,0,1,0,0,0
Peck Reiter,/R/ReitPe20.htm,G-E,0,2,1927,False,0,0,0,0,0
Jess Reno,/R/RenoJe20.htm,E,0,3,1922,False,0,0,0,0,0
Joe Restic,/R/RestJo20.htm,E,0,1,1952,False,0,0,0,0,0
Pete Retzlaff,/R/RetzPe00.htm,E-HB-TE,0,11,1966,False,0,5,1,0,0
Ray Reutt,/R/ReutRa21.htm,E,0,1,1943,False,0,0,0,0,0
Freeman Rexer,/R/RexeFr20.htm,E,0,3,1945,False,0,0,0,0,0
Owen Reynolds,/R/ReynOw20.htm,E-FB,0,2,1926,False,0,0,0,0,0
Elmer Rhenstrom,/R/RhenEl20.htm,E,0,1,1922,False,0,0,0,0,0
Paul Riblett,/R/RiblPa20.htm,E,0,5,1936,False,0,0,0,0,0
Perry Richards,/R/RichPe00.htm,E,0,6,1962,False,0,0,0,0,0
Ray Richards,/R/RichRa21.htm,T-G-E,0,7,1936,False,0,0,0,0,0
Ted Richards,/R/RichTe20.htm,E,0,1,1929,False,0,0,0,0,0
Speed Riddell,/R/RiddSp20.htm,E,0,1,1920,False,0,0,0,0,0
Ray Riddick,/R/RiddRa20.htm,E,0,7,1946,False,0,0,0,0,0
Dick Rifenburg,/R/RifeDi20.htm,E,0,1,1950,False,0,0,0,0,0
Mike Riordan,/R/RiorMi20.htm,E-BB,0,1,1929,False,0,0,0,0,0
Stan Robb,/R/RobbSt20.htm,E,0,1,1926,False,0,0,0,0,0
Mace Roberts,/R/RobeMa20.htm,E-G-T,0,5,1924,False,0,0,0,0,0
Red Roberts,/R/RobeRe20.htm,T-E-TB-G,0,2,1923,False,0,0,0,0,0
Paul Robeson,/R/RobePa20.htm,E-T,0,2,1922,False,0,0,0,0,0
Gil Robinson,/R/RobiGi20.htm,E,0,1,1933,False,0,0,0,0,0
Burle Robison,/R/RobiBu20.htm,E-C,0,1,1935,False,0,0,0,0,0
Fritz Roeseler,/R/RoesFr20.htm,E,0,4,1925,False,0,0,0,0,0
George Rogge,/R/RoggGe20.htm,E,0,4,1934,False,0,0,0,0,0
John Rokisky,/R/RokiJo20.htm,DE-E,0,3,1948,False,0,0,0,0,0
Joe Rooney,/R/RoonJo20.htm,E-T,0,6,1928,False,0,0,0,0,0
Al Rose,/R/RoseAl20.htm,E,0,7,1936,False,0,0,0,0,0
Gene Rose,/R/RoseGe20.htm,E,0,1,1936,False,0,0,0,0,0
Dave Ross,/R/RossDa01.htm,E,0,1,1960,False,0,0,0,0,0
Kyle Rote,/R/RoteKy00.htm,E-HB,0,11,1961,False,0,4,0,0,0
Herb Roton,/R/RotoHe20.htm,E,0,1,1937,False,0,0,0,0,0
Stillman Rouse,/R/RousSt20.htm,E,0,1,1940,False,0,0,0,0,0
Ev Rowan,/R/RowaEv20.htm,E-B,0,4,1933,False,0,0,0,0,0
Tony Rovinski,/R/RoviTo20.htm,E-DE,0,1,1933,False,0,0,0,0,0
Spin Roy,/R/RoyxSp20.htm,E,0,7,1927,False,0,0,0,0,0
Ed Rucinski,/R/RuciEd20.htm,E,0,6,1946,False,0,1,1,0,0
Emmett Ruh,/R/RuhxEm20.htm,WB-E,0,2,1922,False,0,0,0,0,0
Homer Ruh,/R/RuhxHo20.htm,E-B,0,6,1925,False,0,0,0,0,0
Clive Rush,/R/RushCl20.htm,E,0,1,1953,False,0,0,0,0,0
Roy Ruskusky,/R/RuskRo20.htm,E,0,1,1947,False,0,0,0,0,0
Jack Russell,/R/RussJa20.htm,E-DE,0,5,1950,False,0,0,0,0,0
Reggie Russell,/R/RussRe21.htm,E,0,1,1928,False,0,0,0,0,0
Ed Ryan,/R/RyanEd20.htm,E-DE,0,1,1948,False,0,0,0,0,0
Rocky Ryan,/R/RyanRo20.htm,DB-E,0,3,1958,False,0,0,0,0,0
Tom Rychlec,/R/RychTo00.htm,E,0,6,1963,False,0,0,0,0,0
Floyd Sagely,/S/SageFl20.htm,DB-E,0,4,1957,False,0,0,0,0,0
Paul Salata,/S/SalaPa00.htm,E,0,2,1950,False,0,0,0,0,0
Bill Sanborn,/S/SanbWi20.htm,E,0,1,1921,False,0,0,0,0,0
Joe Sanders,/S/SandJo20.htm,G-E,0,1,1922,False,0,0,0,0,0
Sandy Sanford,/S/SanfSa20.htm,E,0,1,1940,False,0,0,0,0,0
Ollie Satenstein,/S/SateOl20.htm,G-E-T-C,0,5,1933,False,0,0,0,0,0
Stillwell Saunooke,/S/SaunSt20.htm,E-WB,0,1,1922,False,0,0,0,0,0
Ollie Savatsky,/S/SavaOl20.htm,E,0,1,1937,False,0,0,0,0,0
Bernie Scherer,/S/ScheBe20.htm,E,0,4,1939,False,0,0,0,0,0
Ralph Schilling,/S/SchiRa20.htm,DE-E,0,1,1946,False,0,0,0,0,0
Henry Schmidt,/S/SchmHe00.htm,DT-E,0,8,1966,False,0,1,0,0,0
Kermit Schmidt,/S/SchmKe20.htm,E-HB,0,2,1933,False,0,0,0,0,0
Otto Schnellbacher,/S/SchnOt00.htm,DB-E,0,4,1951,False,0,2,1,0,0
John Schneller,/S/SchnJo21.htm,E,0,4,1936,False,0,0,0,0,0
Bob Schnelker,/S/SchnBo00.htm,E,0,9,1961,False,0,2,0,0,0
Ivan Schottel,/S/SchoIv20.htm,B-E,0,3,1948,False,0,0,0,0,0
Gene Schroeder,/S/SchrGe00.htm,E-DB,0,7,1957,False,0,1,0,0,0
Heine Schultz,/S/SchuHe20.htm,E,0,1,1920,False,0,0,0,0,0
Ray Schwab,/S/SchwRa20.htm,BB-E,0,2,1932,False,0,0,0,0,0
Perry Schwartz,/S/SchwPe20.htm,E,0,9,1946,False,0,4,2,0,0
Nick Scollard,/S/ScolNi20.htm,E-QB,0,4,1949,False,0,0,0,0,0
Joe Scott,/S/ScotJo20.htm,HB-DB-E,0,6,1953,False,0,0,0,0,0
Les Scott,/S/ScotLe20.htm,T-G-E,0,2,1924,False,0,0,0,0,0
Perry Scott,/S/ScotPe20.htm,E,0,1,1942,False,0,0,0,0,0
Phil Scott,/S/ScotPh20.htm,E,0,1,1929,False,0,0,0,0,0
Prince Scott,/S/ScotPr20.htm,E-DB,0,1,1946,False,0,0,0,0,0
Ted Scruggs,/S/ScruTe20.htm,E,0,2,1948,False,0,0,0,0,0
George Seeman,/S/SeemGe20.htm,E,0,1,1940,False,0,0,0,0,0
Rocky Segretta,/S/SegrRo20.htm,E,0,1,1926,False,0,0,0,0,0
Maury Segal,/S/SegaMa20.htm,E,0,1,1925,False,0,0,0,0,0
Ed Seibert,/S/SeibEd20.htm,G-E,0,1,1923,False,0,0,0,0,0
Si Seyfrit,/S/SeyfSi20.htm,E,0,2,1924,False,0,0,0,0,0
Bob Shaw,/S/ShawBo02.htm,E,0,6,1950,False,0,1,0,0,0
James Sheldon,/S/ShelJa20.htm,E,0,1,1926,False,0,0,0,0,0
Murray Shelton,/S/ShelMu20.htm,E,0,1,1920,False,0,0,0,0,0
Dave Sherer,/S/SherDa00.htm,E,0,2,1960,False,0,0,0,0,0
Bud Sherrod,/S/SherBu20.htm,E-DE,0,1,1952,False,0,0,0,0,0
John Shirk,/S/ShirJo20.htm,E-DE,0,1,1940,False,0,1,0,0,0
Hal Shoener,/S/ShoeHa20.htm,E-DE,0,3,1950,False,0,0,0,0,0
Herb Shoener,/S/ShoeHe20.htm,E-DE,0,2,1949,False,0,0,0,0,0
Del Shofner,/S/ShofDe00.htm,E-DB,0,11,1967,False,0,5,5,0,0
John Shonk,/S/ShonJo20.htm,E,0,1,1941,False,0,0,0,0,0
Marshall Shurnas,/S/ShurMa20.htm,E-DE,0,1,1947,False,0,0,0,0,0
John Siegal,/S/SiegJo20.htm,E-DE,0,5,1943,False,0,3,0,0,0
Sig Sigurdson,/S/SiguSi20.htm,E-DE,0,1,1947,False,0,0,0,0,0
Bob Simms,/S/SimmBo21.htm,LB-E,0,3,1962,False,0,0,0,0,0
John Simons,/S/SimoJo20.htm,FB-E,0,1,1924,False,0,0,0,0,0
Walt Singer,/S/SingWa20.htm,E-DE,0,2,1936,False,0,0,0,0,0
Vinnie Sites,/S/SiteVi20.htm,E,0,2,1937,False,0,0,0,0,0
Leo Skladany,/S/SklaLe20.htm,E,0,2,1950,False,0,0,0,0,0
Joe Skladany,/S/SklaJo20.htm,E,0,1,1934,False,0,0,0,0,0
Ed Skoronski,/S/SkorEd20.htm,E-C-LB,0,3,1937,False,0,0,0,0,0
Dave Skudin,/S/SkudDa20.htm,G-E,0,1,1929,False,0,0,0,0,0
Fritz Slackford,/S/SlacFr20.htm,WB-FB-E,0,2,1921,False,0,0,0,0,0
Pete Slone,/S/SlonPe20.htm,E,0,1,1921,False,0,0,0,0,0
Bill Slyker,/S/SlykBi20.htm,E,0,1,1922,False,0,0,0,0,0
Rudy Smeja,/S/SmejRu20.htm,E,0,3,1946,False,0,0,0,0,0
Allen Smith,/S/SmitAl20.htm,E-DE,0,2,1948,False,0,0,0,0,0
Ben Smith,/S/SmitBe20.htm,E-BB-DE,0,5,1937,False,0,0,0,0,0
Bill Smith,/S/SmitBi20.htm,E-DE,0,6,1939,False,0,1,1,0,0
Jack Smith,/S/SmitJa20.htm,DE-E,0,2,1943,False,0,0,0,0,0
Joe Smith,/S/SmitJo20.htm,E-DB,0,1,1948,False,0,0,0,0,0
Oak Smith,/S/SmitOa20.htm,E-FB-WB,0,2,1921,False,0,0,1,0,0
Rex Smith,/S/SmitRe23.htm,E,0,1,1922,False,0,0,0,0,0
Wilfred Smith,/S/SmitWi20.htm,T-G-E-C,0,6,1925,False,0,0,0,0,0
Bill Smyth,/S/SmytBi20.htm,DE-E-T,0,4,1950,False,0,0,0,0,0
Gordie Soltau,/S/SoltGo00.htm,E,0,9,1958,False,0,3,1,0,0
Bill Sortet,/S/SortBi20.htm,E,0,8,1940,False,0,0,0,0,0
Cecil Souders,/S/SoudCe20.htm,E-T,0,3,1949,False,0,0,0,0,0
Frank Souchak,/S/SoucFr20.htm,E,0,1,1939,False,0,0,0,0,0
Glen Spear,/S/SpeaGl20.htm,FB-WB-E,0,1,1926,False,0,0,0,0,0
Mac Speedie,/S/SpeeMa00.htm,E,0,7,1952,False,0,2,3,0,0
Frank Spellacy,/S/SpelFr20.htm,E,0,1,1922,False,0,0,0,0,0
Jack Spellman,/S/SpelJa20.htm,E-T-B,0,8,1932,False,0,0,0,0,0
Johnny Spirida,/S/SpirJo20.htm,BB-E,0,1,1939,False,0,0,0,0,0
Bob Sponaugle,/S/SponBo20.htm,E,0,1,1949,False,0,0,0,0,0
Hal Springer,/S/SpriHa20.htm,E,0,1,1945,False,0,0,0,0,0
Bill Springsteen,/S/SpriBi20.htm,C-E,0,4,1928,False,0,0,0,0,0
Ed Sprinkle,/S/SpriEd00.htm,DE-E-G-LB,0,12,1955,False,0,4,0,0,0
Henry Stanton,/S/StanHe20.htm,E,0,2,1947,False,0,0,0,0,0
Red Steele,/S/SteeRe20.htm,E,0,1,1921,False,0,0,0,0,0
Frank Steen,/S/SteeFr20.htm,E,0,1,1939,False,0,0,0,0,0
Bob Stefik,/S/StefBo20.htm,E,0,1,1948,False,0,0,0,0,0
Sammy Stein,/S/SteiSa20.htm,E-T,0,4,1932,False,0,0,0,0,0
Russ Stein,/S/SteiRu20.htm,T-E-C,0,5,1926,False,0,0,0,0,0
Johnny Stephens,/S/StepJo21.htm,E,0,1,1938,False,0,0,0,0,0
Tony Steponovich,/S/StepTo20.htm,G-E,0,1,1930,False,0,0,0,0,0
Jim Stifler,/S/StifJi20.htm,E-WB,0,2,1927,False,0,0,0,0,0
John Stock,/S/StocJo20.htm,E,0,1,1956,False,0,0,0,0,0
John Stonebraker,/S/StonJo20.htm,E,0,1,1942,False,0,0,0,0,0
Don Stonesifer,/S/StonDo01.htm,E,0,6,1956,False,0,0,0,0,0
Mike Stramiello,/S/StraMi20.htm,E,0,5,1934,False,0,0,0,0,0
Dutch Strassner,/S/StraDu20.htm,E,0,1,1925,False,0,0,0,0,0
Bill Stribling,/S/StriBi20.htm,E,0,7,1957,False,0,0,0,0,0
Woody Strode,/S/StroWo20.htm,E,0,1,1946,False,0,0,0,0,0
Paul Suchy,/S/SuchPa20.htm,E,0,1,1925,False,0,0,0,0,0
Ray Suess,/S/SuesRa20.htm,G-T-E,0,2,1927,False,0,0,0,0,0
Joe Sulaitis,/S/SulaJo20.htm,B-G-DE-E,0,11,1953,False,0,0,0,0,0
George Sulima,/S/SuliGe20.htm,E-DE,0,3,1954,False,0,0,0,0,0
George Sullivan,/S/SullGe21.htm,E,0,1,1948,False,0,0,0,0,0
Pat Summerall,/S/SummPa20.htm,DE-E-K,0,10,1961,False,0,0,0,0,0
Len Supulski,/S/SupuLe20.htm,E,0,1,1942,False,0,0,0,0,0
Nick Susoeff,/S/SusoNi20.htm,E,0,4,1949,False,0,0,0,0,0
Al Swain,/S/SwaiAl20.htm,E,0,1,1926,False,0,0,0,0,0
Evar Swanson,/S/SwanEv20.htm,E-WB-BB,0,4,1927,False,0,0,0,0,0
Bill Swiacki,/S/SwiaBi20.htm,E,0,5,1952,False,0,0,0,0,0
Paul Szakash,/S/SzakPa20.htm,E-BB-FB,0,5,1942,False,0,0,0,0,0
Cookie Tackwell,/T/TackCo20.htm,E-T,0,5,1934,False,0,0,0,0,0
John Talbot,/T/TalbJo20.htm,E,0,1,1926,False,0,0,0,0,0
George Tandy,/T/TandGe20.htm,C-E,0,2,1921,False,0,0,0,0,0
Bob Tanner,/T/TannBo20.htm,E-T,0,1,1930,False,0,0,0,0,0
Jim Tarr,/T/TarrJi20.htm,E,0,1,1931,False,0,0,0,0,0
Bob Tarrant,/T/TarrBo20.htm,E,0,1,1936,False,0,0,0,0,0
Jess Tatum,/T/TatuJe20.htm,E-DE,0,1,1938,False,0,0,0,0,0
Hugh Taylor,/T/TaylHu00.htm,E,0,8,1954,False,0,2,0,0,0
Lionel Taylor,/T/TaylLi00.htm,E-WR-FL,0,10,1968,False,0,3,4,0,0
Gus Tebell,/T/TebeGu20.htm,E,0,2,1924,False,0,0,1,0,0
Al Teeter,/T/TeetAl20.htm,E,0,1,1932,False,0,0,0,0,0
Bob Tenner,/T/TennBo20.htm,E,0,1,1935,False,0,0,0,0,0
Joe Tereshinski,/T/TereJo20.htm,DE-E-LB,0,8,1954,False,0,0,0,0,0
Ray Tesser,/T/TessRa20.htm,E-DE,0,2,1934,False,0,0,0,0,0
Dutch Thiele,/T/ThieDu20.htm,E,0,4,1923,False,0,0,0,0,0
Carl Thomas,/T/ThomCa21.htm,T-E-BB-FB,0,4,1923,False,0,0,0,0,0
Clendon Thomas,/T/ThomCl00.htm,DB-E-FL-HB,0,11,1968,False,0,1,0,0,0
Ralph Thomas,/T/ThomRa20.htm,E-DE,0,5,1956,False,0,0,0,0,0
Vern Thomas,/T/ThomVe20.htm,E,0,1,1920,False,0,0,0,0,0
Whitey Thomas,/T/ThomWh20.htm,E,0,1,1924,False,0,0,0,0,0
Hal Thompson,/T/ThomHa20.htm,E-DE,0,2,1948,False,0,0,0,0,0
Fred Thomsen,/T/ThomFr21.htm,E,0,1,1924,False,0,0,0,0,0
Jim Thorpe,/T/ThorJi20.htm,TB-E-FB,1,9,1928,False,0,0,1,0,0
Owen Thuerk,/T/ThueOw20.htm,E,0,1,1941,False,0,0,0,0,0
Morgan Tiller,/T/TillMo20.htm,E,0,2,1945,False,0,0,0,0,0
Jess Tinsley,/T/TinsJe20.htm,T-E,0,5,1933,False,0,0,0,0,0
Gaynell Tinsley,/T/TinsGa20.htm,E,0,4,1940,False,0,1,1,0,0
Howie Tipton,/T/TiptHo20.htm,G-WB-BB-E,0,5,1937,False,0,0,0,0,0
Bob Titchenal,/T/TitcBo20.htm,E-C-LB-DE,0,8,1947,False,0,1,0,0,0
Rex Tobin,/T/TobiRe20.htm,E,0,1,1925,False,0,0,0,0,0
Joe Tofil,/T/TofiJo20.htm,E,0,1,1942,False,0,0,0,0,0
Johnny Tomaini,/T/TomaJo20.htm,E-T,0,3,1931,False,0,0,0,0,0
Carl Tomasello,/T/TomaCa20.htm,E,0,1,1940,False,0,0,0,0,0
Bob Topp,/T/ToppBo20.htm,E,0,1,1954,False,0,0,0,0,0
Flavio Tosi,/T/TosiFl20.htm,E,0,3,1936,False,0,0,0,0,0
Thurston Towle,/T/TowlTh20.htm,E,0,1,1929,False,0,0,0,0,0
John Tracey,/T/TracJo00.htm,LB-E-DE,0,9,1967,False,0,2,0,0,0
Milt Trost,/T/TrosMi20.htm,T-E,0,6,1940,False,0,0,0,0,0
Ray Trowbridge,/T/TrowRa20.htm,E,0,2,1921,False,0,0,0,0,0
George Tully,/T/TullGe20.htm,E,0,1,1927,False,0,0,0,0,0
Doug Turley,/T/TurlDo20.htm,E-DE,0,5,1948,False,0,0,0,0,0
Guy Turnbow,/T/TurnGu20.htm,T-E-DB,0,2,1934,False,0,0,0,0,0
George Tuttle,/T/TuttGe20.htm,E,0,1,1927,False,0,0,0,0,0
Jim Tyree,/T/TyreJi20.htm,E-DE,0,1,1948,False,0,0,0,0,0
Rocky Uguccioni,/U/UgucRo20.htm,E,0,1,1944,False,0,0,0,0,0
Hub Ulrich,/U/UlriHu20.htm,E-DE,0,1,1946,False,0,0,0,0,0
Jack Underwood,/U/UndeJa20.htm,E-G-C,0,6,1929,False,0,0,0,0,0
Alex Urban,/U/UrbaAl20.htm,DE-E,0,5,1945,False,0,0,0,0,0
Luke Urban,/U/UrbaLu20.htm,E-BB,0,3,1923,False,0,0,1,0,0
Emil Uremovich,/U/UremEm20.htm,T-DE-E,0,8,1948,False,0,0,0,0,0
Herman Urenda,/U/UrenHe20.htm,E-DB,0,1,1963,False,0,0,0,0,0
Walt Uzdavinis,/U/UzdaWa20.htm,DE-E-T,0,1,1937,False,0,0,0,0,0
Dom Vairo,/V/VairDo20.htm,E,0,1,1935,False,0,0,0,0,0
Al Vandeweghe,/V/VandAl20.htm,E-DE,0,1,1946,False,0,0,0,0,0
Ted Vaught,/V/VaugTe20.htm,DE-E,0,1,1955,False,0,0,0,0,0
George Vergara,/V/VergGe20.htm,E,0,1,1925,False,0,0,0,0,0
John Vesser,/V/VessJo20.htm,E,0,5,1931,False,0,0,0,0,0
Vic Vidoni,/V/VidoVi20.htm,E-DE,0,2,1936,False,0,0,0,0,0
Pete Volz,/V/VolzPe20.htm,E-G,0,2,1921,False,0,0,0,0,0
Don Vosberg,/V/VosbDo20.htm,E-DE,0,1,1941,False,0,0,0,0,0
Tillie Voss,/V/VossTi20.htm,E-T,0,9,1929,False,0,0,1,0,0
Clint Wager,/W/WageCl20.htm,E,0,4,1945,False,0,0,0,0,0
Ray Wagner,/W/WagnRa20.htm,E,0,3,1931,False,0,0,0,0,0
Carl Waite,/W/WaitCa20.htm,B-E,0,3,1930,False,0,0,0,0,0
Paul Walker,/W/WalkPa20.htm,E-DB,0,1,1948,False,0,0,0,0,0
John Wallace,/W/WallJo20.htm,E,0,2,1929,False,0,0,0,0,0
Bill Waller,/W/WallBi20.htm,E,0,1,1938,False,0,0,0,0,0
Will Walls,/W/WallWi20.htm,E,0,7,1943,False,0,0,0,0,0
Bobby Walston,/W/WalsBo00.htm,E-HB-K,0,12,1962,False,0,2,0,0,0
Joe Walton,/W/WaltJo01.htm,E-DE,0,7,1963,False,0,0,0,0,0
George Wanless,/W/WanlGe20.htm,WB-E-G,0,2,1923,False,0,0,0,0,0
David Ward,/W/WardDa20.htm,E-DE,0,1,1933,False,0,0,0,0,0
Dale Waters,/W/WateDa20.htm,T-E-G,0,3,1933,False,0,0,0,0,0
Jerry Watford,/W/WatfJe20.htm,G-E-DE,0,2,1954,False,0,0,0,0,0
Pete Wathen,/W/WathPe20.htm,E-BB,0,1,1922,False,0,0,0,0,0
Len Watters,/W/WattLe20.htm,E,0,1,1924,False,0,0,0,0,0
George Webb,/W/WebbGe20.htm,E,0,1,1943,False,0,0,0,0,0
Dutch Webber,/W/WebbDu20.htm,E-B,0,7,1930,False,0,0,0,0,0
Harry Webber,/W/WebbHa20.htm,E,0,4,1923,False,0,0,0,0,0
Ray Wehba,/W/WehbRa20.htm,E,0,2,1944,False,0,0,0,0,0
Art Weiner,/W/WeinAr20.htm,E-DE,0,1,1950,False,0,0,0,0,0
Joe Weir,/W/WeirJo20.htm,E,0,1,1927,False,0,0,0,0,0
Ed Weir,/W/WeirEd20.htm,T-E,0,3,1928,False,0,0,1,0,0
John Weiss,/W/WeisJo20.htm,E-DB,0,4,1947,False,0,0,0,0,0
Bub Weller,/W/WellBu20.htm,T-E,0,6,1928,False,0,0,1,0,0
Don Wells,/W/WellDo20.htm,DE-E,0,4,1949,False,0,0,0,0,0
Woodchuck Welmas,/W/WelmWo20.htm,E,0,1,1923,False,0,0,0,0,0
Don Wemple,/W/WempDo20.htm,E,0,1,1941,False,0,0,0,0,0
Joe Wendlick,/W/WendJo20.htm,E,0,2,1941,False,0,0,0,0,0
Obe Wenig,/W/WeniOb20.htm,E,0,3,1922,False,0,0,0,0,0
Ralph Wenzel,/W/WenzRa20.htm,E,0,1,1942,False,0,0,0,0,0
Tom Wham,/W/WhamTo00.htm,DE-E,0,3,1951,False,0,1,0,0,0
Jim Whatley,/W/WhatJi20.htm,T-DE-E,0,3,1938,False,0,0,0,0,0
Cowboy Wheeler,/W/WheeCo20.htm,E,0,3,1923,False,0,0,0,0,0
Tom Whelan,/W/WhelTo20.htm,E-C-G,0,2,1921,False,0,0,0,0,0
Ray Whipple,/W/WhipRa20.htm,E,0,1,1920,False,0,0,0,0,0
Harvey White,/W/WhitHa00.htm,QB-E,0,1,1960,False,0,0,0,0,0
Mac White,/W/WhitMa20.htm,E-WB,0,2,1923,False,0,0,0,0,0
Ralph White,/W/WhitRa20.htm,E,0,1,1927,False,0,0,0,0,0
Robert White,/W/WhitRo22.htm,E,0,1,1923,False,0,0,0,0,0
Vic Whitmarsh,/W/WhitVi20.htm,E,0,1,1921,False,0,0,0,0,0
Bill Wightkin,/W/WighBi00.htm,T-DE-E,0,8,1957,False,0,1,1,0,0
Elmer Wilkens,/W/WilkEl20.htm,E,0,1,1925,False,0,0,0,0,0
Basil Wilkerson,/W/WilkBa20.htm,E-T,0,3,1934,False,0,0,0,0,0
Dick Wilkins,/W/WilkDi20.htm,E,0,6,1954,False,0,0,0,0,0
Bob Wilkinson,/W/WilkBo20.htm,E-DB-HB,0,2,1952,False,0,0,0,0,0
Norm Willey,/W/WillNo00.htm,DE-G-E,0,8,1957,False,0,2,1,0,0
Cole Willging,/W/WillCo20.htm,E-DE,0,1,1934,False,0,0,0,0,0
A.D. Williams,/W/WillA.00.htm,E-FL,0,3,1961,False,0,0,0,0,0
Ellery Williams,/W/WillEl21.htm,E,0,1,1950,False,0,0,0,0,0
Elijah Williams,/W/WillEl20.htm,E,0,4,2001,False,0,0,0,0,0
Inky Williams,/W/WillIn20.htm,E,0,6,1926,False,0,0,1,0,0
Jake Williams,/W/WillJa20.htm,T-E-G-C,0,5,1933,False,0,0,0,0,0
Joe Williams,/W/WillJo21.htm,G-E-FB,0,4,1926,False,0,0,0,0,0
Sam Williams,/W/WillSa20.htm,DE-E-LB,0,9,1967,False,0,0,0,0,0
Stan Williams,/W/WillSt20.htm,DB-E,0,1,1952,False,0,0,0,0,0
Windell Williams,/W/WillWi22.htm,E,0,2,1949,False,0,0,0,0,0
Diddie Willson,/W/WillDi20.htm,G-E-DE,0,3,1935,False,0,0,0,0,0
Billy Wilson,/W/WilsBi00.htm,E-FL,0,10,1960,False,0,6,1,0,0
Billy Wilson,/W/WilsBi20.htm,E,0,4,1938,False,0,0,0,0,0
Gene Wilson,/W/WilsGe20.htm,E,0,2,1948,False,0,0,0,0,0
George Wilson,/W/WilsGe22.htm,E-DE,0,10,1946,False,0,3,1,0,0
Jim Wilson,/W/WilsJi20.htm,E,0,1,1922,False,0,0,0,0,0
Johnny Wilson,/W/WilsJo20.htm,E,0,4,1942,False,0,0,0,0,0
Lee Wilson,/W/WilsLe20.htm,E-WB,0,3,1931,False,0,0,0,0,0
Mike Wilson,/W/WilsMi20.htm,E-BB,0,3,1924,False,0,0,0,0,0
Stu Wilson,/W/WilsSt23.htm,E-WB-TB,0,1,1932,False,0,0,0,0,0
Ab Wimberly,/W/WimbAb00.htm,DE-E,0,4,1952,False,0,1,0,0,0
Ernie Winburn,/W/WinbEr20.htm,E,0,1,1923,False,0,0,0,0,0
Ben Winkelman,/W/WinkBe20.htm,B-E,0,3,1924,False,0,0,0,0,0
Al Witcher,/W/WitcAl00.htm,E,0,1,1960,False,0,0,0,0,0
Ray Witter,/W/WittRa20.htm,E-TB-BB-G,0,4,1923,False,0,0,0,0,0
Alex Wojciechowicz,/W/WojcAl20.htm,C-LB-E,1,13,1950,False,0,0,0,0,0
Oscar Wolford,/W/WolfOs20.htm,G-C-E,0,5,1924,False,0,0,0,0,0
Marv Wood,/W/WoodMa20.htm,WB-FB-E,0,1,1924,False,0,0,0,0,0
Jim Woodruff,/W/WoodJi20.htm,E,0,4,1929,False,0,0,0,0,0
Joe Work,/W/WorkJo20.htm,E-WB,0,3,1925,False,0,0,0,0,0
Harry Wynne,/W/WynnHa20.htm,E,0,2,1945,False,0,0,0,0,0
Don Yeisley,/Y/YeisDo20.htm,E,0,1,1928,False,0,0,0,0,0
John Yonakor,/Y/YonaJo20.htm,E-DE-DT,0,7,1952,False,0,0,0,0,0
George Young,/Y/YounGe20.htm,DE-E,0,8,1953,False,0,0,0,0,0
Herm Young,/Y/YounHe20.htm,E,0,1,1930,False,0,0,0,0,0
Lloyd Young,/Y/YounLl20.htm,G-C-T-E,0,6,1930,False,0,0,0,0,0
Randy Young,/Y/YounRa20.htm,E,0,1,1920,False,0,0,0,0,0
Waddy Young,/Y/YounWa20.htm,E,0,2,1940,False,0,0,0,0,0
Swede Youngstrom,/Y/YounSw20.htm,G-T-E-C,0,8,1927,False,0,0,2,0,0
Joe Zapustas,/Z/ZapuJo20.htm,E,0,1,1933,False,0,0,0,0,0
Joe Zeller,/Z/ZellJo20.htm,G-E,0,7,1938,False,0,0,0,0,0
Harold Zerbe,/Z/ZerbHa20.htm,E,0,1,1926,False,0,0,0,0,0
Dave Ziff,/Z/ZiffDa20.htm,E,0,2,1926,False,0,0,0,0,0
Jack Zilly,/Z/ZillJa20.htm,DE-E,0,6,1952,False,0,0,0,0,0
Joe Zombek,/Z/ZombJo20.htm,DE-E,0,2,1955,False,0,0,0,0,0
