Name,URL,Position,HallOfFame,TotalYears,LastYear,Active,MVP,Pro Bowl,All-Pro,SB Champ,AP PoY
Ray Abruzzese,/A/AbruRa20.htm,B,0,5,1966,False,0,0,0,0,0
Hub Barker,/B/BarkHu20.htm,B-LB,0,4,1945,False,0,0,0,0,0
Ralph Barkman,/B/BarkRa20.htm,B,0,1,1929,False,0,0,0,0,0
Len Barnum,/B/BarnLe21.htm,B,0,5,1942,False,0,0,0,0,0
Pete Barnum,/B/BarnPe21.htm,B,0,1,1926,False,0,0,0,0,0
Shorty Barr,/B/BarrSh20.htm,B,0,4,1926,False,0,0,0,0,0
Myrt Basing,/B/BasiMy20.htm,B,0,5,1927,False,0,0,0,0,0
Bill Bass,/B/BassBi20.htm,B,0,1,1947,False,0,0,0,0,0
Jimmy Baxter,/B/BaxtJi20.htm,B,0,2,1924,False,0,0,0,0,0
Winnie Baze,/B/BazeWi20.htm,B,0,1,1937,False,0,0,0,0,0
Marty Beck,/B/BeckMa20.htm,B,0,6,1926,False,0,0,0,0,0
Johnnie Becker,/B/BeckJo21.htm,T-G-B,0,4,1929,False,0,0,0,0,0
Art Beckley,/B/BeckAr20.htm,B,0,1,1926,False,0,0,0,0,0
Keith Beebe,/B/BeebKe20.htm,B,0,1,1944,False,0,0,0,0,0
Ferris Beekley,/B/BeekFe20.htm,B-G,0,1,1921,False,0,0,0,0,0
Bunny Belden,/B/BeldBu20.htm,B,0,5,1931,False,0,0,0,0,0
Les Belding,/B/BeldLe20.htm,E-B,0,1,1925,False,0,0,0,0,0
Heinie Benkert,/B/BenkHe20.htm,B,0,6,1930,False,0,0,0,0,0
Chuck Bennett,/B/BennCh22.htm,B,0,4,1933,False,0,0,0,0,0
George Benson,/B/BensGe20.htm,B,0,1,1947,False,0,0,0,0,0
Gil Berry,/B/BerrGi20.htm,B,0,1,1935,False,0,0,0,0,0
Howard Berry,/B/BerrHo20.htm,B,0,1,1921,False,0,0,0,0,0
Teddy Besta,/B/BestTe20.htm,B,0,3,1924,False,0,0,0,0,0
George Beyers,/B/BeyeGe20.htm,B,0,1,1921,False,0,0,0,0,0
Johnny Biancone,/B/BianJo20.htm,B,0,1,1936,False,0,0,0,0,0
Dick Bilda,/B/BildDi20.htm,B,0,1,1944,False,0,0,0,0,0
Keith Birlem,/B/BirlKe20.htm,B-E,0,1,1939,False,0,0,0,0,0
Don Bishop,/B/BishDo00.htm,B,0,8,1965,False,0,1,0,0,0
Blondy Black,/B/BlacBl20.htm,B,0,2,1947,False,0,0,0,0,0
Johnny Bleier,/B/BleiJo20.htm,B,0,1,1921,False,0,0,0,0,0
Harry Bliss,/B/BlisHa20.htm,B,0,1,1921,False,0,0,0,0,0
Al Bloodgood,/B/BlooAl20.htm,B,0,6,1930,False,0,0,0,0,0
Lamar Blount,/B/BlouLa20.htm,E-B,0,2,1947,False,0,0,0,0,0
Champ Boettcher,/B/BoetCh20.htm,B,0,1,1926,False,0,0,0,0,0
Karl Bohren,/B/BohrKa20.htm,B,0,1,1927,False,0,0,0,0,0
Chase Boldt,/B/BoldCh20.htm,B,0,3,1923,False,0,0,0,0,0
Rink Bond,/B/BondRi20.htm,B,0,2,1939,False,0,0,0,0,0
Ernie Bonelli,/B/BoneEr20.htm,B,0,2,1946,False,0,0,0,0,0
Elliott Bonowitz,/B/BonoEl20.htm,G-B-T-E,0,3,1925,False,0,0,0,0,0
Jack Boone,/B/BoonJa20.htm,B,0,1,1942,False,0,0,0,0,0
Dick Booth,/B/BootDi20.htm,B,0,5,1945,False,0,0,0,0,0
Nick Borelli,/B/BoreNi20.htm,B,0,1,1930,False,0,0,0,0,0
Leon Boutwell,/B/BoutLe20.htm,B,0,2,1923,False,0,0,0,0,0
Tony Bova,/B/BovaTo20.htm,E-B,0,6,1947,False,0,0,0,0,0
Phil Bower,/B/BowePh20.htm,B,0,1,1921,False,0,0,0,0,0
Arda Bowser,/B/BowsAr20.htm,B,0,2,1923,False,0,0,0,0,0
Bill Boyd,/B/BoydBi20.htm,B,0,2,1931,False,0,0,0,0,0
Benny Boynton,/B/BoynBe20.htm,B,0,4,1924,False,0,0,2,0,0
Wes Bradshaw,/B/BradWe20.htm,B,0,3,1926,False,0,0,0,0,0
Butch Brandau,/B/BranBu20.htm,B,0,1,1921,False,0,0,0,0,0
Carl Brazell,/B/BrazCa20.htm,B,0,1,1938,False,0,0,0,0,0
Bill Breeden,/B/BreeBi20.htm,B,0,1,1937,False,0,0,0,0,0
Wayne Brenkert,/B/BrenWa20.htm,B,0,2,1924,False,0,0,0,0,0
Matt Brennan,/B/BrenMa20.htm,B,0,2,1926,False,0,0,0,0,0
Harry Brian,/B/BriaHa20.htm,B,0,1,1926,False,0,0,0,0,0
Frank Briante,/B/BriaFr20.htm,B,0,2,1930,False,0,0,0,0,0
George Brickley,/B/BricGe20.htm,B,0,2,1921,False,0,0,0,0,0
Lane Bridgford,/B/BridLa20.htm,B,0,2,1922,False,0,0,0,0,0
Walt Brindley,/B/BrinWa20.htm,B,0,2,1922,False,0,0,0,0,0
Obie Bristow,/B/BrisOb20.htm,B,0,2,1926,False,0,0,0,0,0
Earl Britton,/B/BritEa20.htm,B,0,5,1929,False,0,0,0,0,0
Lou Brock,/B/BrocLo20.htm,B,0,6,1945,False,0,0,0,0,0
Mal Bross,/B/BrosMa20.htm,B,0,1,1927,False,0,0,0,0,0
Angelo Brovelli,/B/BrovAn20.htm,B,0,2,1934,False,0,0,0,0,0
Doc Bruder,/B/BrudDo20.htm,B,0,2,1926,False,0,0,0,0,0
Hank Bruder,/B/BrudHa20.htm,B,0,10,1940,False,0,1,0,0,0
Boyd Brumbaugh,/B/BrumBo20.htm,B,0,4,1941,False,0,0,0,0,0
Carl Brumbaugh,/B/BrumCa20.htm,B,0,9,1938,False,0,0,0,0,0
Johnny Bryan,/B/BryaJo20.htm,B,0,6,1927,False,0,0,0,0,0
Larry Buhler,/B/BuhlLa20.htm,B,0,3,1941,False,0,1,0,0,0
Joe Bukant,/B/BukaJo20.htm,B,0,6,1943,False,0,0,0,0,0
Ray Buivid,/B/BuivRa20.htm,B,0,2,1938,False,0,0,0,0,0
Dale Burnett,/B/BurnDa20.htm,B,0,10,1939,False,0,1,0,0,0
Max Burnell,/B/BurnMa20.htm,B,0,1,1944,False,0,0,0,0,0
Harry Burrus,/B/BurrHa20.htm,B-E,0,3,1948,False,0,0,0,0,0
Wendell Butcher,/B/ButcWe20.htm,B,0,5,1942,False,0,0,0,0,0
Chris Cagle,/C/CaglCh20.htm,B,0,5,1934,False,0,0,0,0,0
Pete Calac,/C/CalaPe20.htm,B-E,0,7,1926,False,0,0,0,0,0
Bill Callihan,/C/CallBi21.htm,B-T,0,6,1945,False,0,0,0,0,0
Bob Campiglio,/C/CampBo20.htm,B,0,2,1933,False,0,0,0,0,0
Jim Canady,/C/CanaJi20.htm,B,0,2,1949,False,0,0,0,0,0
Leo Cantor,/C/CantLe20.htm,B,0,4,1945,False,0,0,0,0,0
Fred Cardinal,/C/CardFr20.htm,B,0,1,1947,False,0,0,0,0,0
Charley Carr,/C/CarrCh20.htm,B,0,1,1926,False,0,0,0,0,0
Cy Casper,/C/CaspCy20.htm,B,0,2,1935,False,0,0,0,0,0
Dick Cassiano,/C/CassDi20.htm,B,0,1,1940,False,0,0,0,0,0
Mike Casteel,/C/CastMi20.htm,B,0,1,1922,False,0,0,0,0,0
John Cavosie,/C/CavoJo20.htm,B-E,0,3,1933,False,0,0,0,0,0
Lloyd Cearing,/C/CearLl20.htm,B,0,2,1923,False,0,0,0,0,0
Win Charles,/C/CharWi20.htm,B,0,1,1928,False,0,0,0,0,0
Lloyd Cheatham,/C/CheaLl20.htm,B,0,7,1948,False,0,0,0,0,0
George Cheverko,/C/ChevGe20.htm,B,0,2,1948,False,0,0,0,0,0
John Chickerneo,/C/ChicJo20.htm,B-LB,0,1,1942,False,0,0,0,0,0
Frank Christensen,/C/ChriFr20.htm,B-T,0,4,1937,False,0,0,0,0,0
Floyd Christman,/C/ChriFl20.htm,B,0,1,1925,False,0,0,0,0,0
Stu Clancy,/C/ClanSt20.htm,B,0,6,1935,False,0,0,0,0,0
Algy Clark,/C/ClarAl21.htm,B,0,5,1934,False,0,0,0,0,0
Beryl Clark,/C/ClarBe21.htm,B,0,1,1940,False,0,0,0,0,0
Hal Clark,/C/ClarHa20.htm,E-B,0,6,1925,False,0,0,0,0,0
James Clark,/C/ClarJa20.htm,B,0,2,1934,False,0,0,0,0,0
Walt Clay,/C/ClayWa20.htm,B,0,4,1949,False,0,0,0,0,0
Ainer Cleve,/C/ClevAi20.htm,B-E,0,4,1924,False,0,0,0,0,0
Mickey Colmer,/C/ColmMi20.htm,B,0,4,1949,False,0,0,0,0,0
Irv Comp,/C/CompIr20.htm,B,0,7,1949,False,0,0,0,0,0
Dick Compton,/C/CompDi00.htm,SE-B,0,7,1968,False,0,0,0,0,0
Tuffy Conn,/C/ConnTu20.htm,B,0,1,1920,False,0,0,0,0,0
Ward Connell,/C/ConnWa20.htm,B-E,0,1,1926,False,0,0,0,0,0
Dutch Connor,/C/ConnDu20.htm,B,0,2,1926,False,0,0,0,0,0
Dave Cook,/C/CookDa21.htm,B,0,3,1936,False,0,0,0,0,0
Bud Cooper,/C/CoopBu20.htm,B,0,1,1937,False,0,0,0,0,0
George Corbett,/C/CorbGe20.htm,B,0,7,1938,False,0,0,0,0,0
Bunny Corcoran,/C/CorcBu20.htm,E-B,0,4,1923,False,0,0,0,0,0
Chuck Corgan,/C/CorgCh20.htm,B-E,0,4,1927,False,0,0,0,0,0
Al Couppee,/C/CoupAl20.htm,G-B,0,1,1946,False,0,0,0,0,0
Bob Cowan,/C/CowaBo20.htm,B,0,3,1949,False,0,0,0,0,0
Clyde Crabtree,/C/CrabCl22.htm,B,0,1,1930,False,0,0,0,0,0
Larry Craig,/C/CraiLa20.htm,B-E,0,11,1949,False,0,3,0,0,0
Carl Cramer,/C/CramCa20.htm,B,0,7,1926,False,0,0,0,0,0
Jack Crangle,/C/CranJa20.htm,B,0,1,1923,False,0,0,0,0,0
Ken Crawford,/C/CrawKe20.htm,B,0,6,1925,False,0,0,0,0,0
Bill Cronin,/C/CronBi20.htm,B-E,0,3,1929,False,0,0,0,0,0
Jack Cronin,/C/CronJa20.htm,B,0,4,1930,False,0,0,0,0,0
Paul Crowe,/C/CrowPa20.htm,B,0,4,1951,False,0,0,0,0,0
Armand Cure,/C/CureAr20.htm,B,0,1,1947,False,0,0,0,0,0
Harry Curzon,/C/CurzHa20.htm,B-E,0,4,1928,False,0,0,0,0,0
Moxie Dalton,/D/DaltMo20.htm,B,0,1,1922,False,0,0,0,0,0
Ed Danowski,/D/DanoEd20.htm,B,0,8,1941,False,0,1,2,0,0
Red Daum,/D/DaumRe20.htm,E-B,0,5,1926,False,0,0,0,0,0
Bill Davidson,/D/DaviBi20.htm,B-E,0,3,1939,False,0,0,0,0,0
Harry Dayhoff,/D/DayhHa20.htm,B,0,2,1925,False,0,0,0,0,0
Rufus Deal,/D/DealRu20.htm,B,0,1,1942,False,0,1,0,0,0
Billy deCorrevont,/D/deCoBi20.htm,B,0,5,1949,False,0,0,0,0,0
Al Dekdebrun,/D/DekdAl20.htm,B,0,3,1948,False,0,0,0,0,0
Ben Derr,/D/DerrBe20.htm,B,0,2,1921,False,0,0,0,0,0
Chuck DeShane,/D/DeShCh20.htm,B-G,0,5,1949,False,0,0,0,0,0
Fred DeStefano,/D/DeStFr20.htm,B,0,2,1925,False,0,0,0,0,0
Rufe DeWitz,/D/DeWiRu20.htm,B,0,3,1926,False,0,0,0,0,0
Jim Dewar,/D/DewaJi20.htm,B,0,2,1948,False,0,0,0,0,0
Dick Dobeleit,/D/DobeDi20.htm,B,0,2,1926,False,0,0,0,0,0
Les Dodson,/D/DodsLe20.htm,B,0,1,1941,False,0,0,0,0,0
John Doehring,/D/DoehJo20.htm,B,0,6,1937,False,0,0,0,0,0
Bill Donohoe,/D/DonoBi20.htm,B,0,1,1927,False,0,0,0,0,0
Jim Dooley,/D/DoolJi00.htm,B-E-FL-TE,0,10,1961,False,0,0,0,0,0
Mule Dowell,/D/DoweMu20.htm,B,0,2,1936,False,0,0,0,0,0
Johnny Drake,/D/DrakJo21.htm,B,0,5,1941,False,0,3,1,0,0
Chuck Dressen,/D/DresCh20.htm,B,0,4,1923,False,0,0,0,0,0
Al Drulis,/D/DrulAl20.htm,B,0,3,1947,False,0,0,0,0,0
Pat Duffy,/D/DuffPa20.htm,B,0,1,1929,False,0,0,0,0,0
Dukes Duford,/D/DufoDu20.htm,E-B,0,1,1924,False,0,0,0,0,0
Paul Duhart,/D/DuhaPa20.htm,B,0,2,1945,False,0,0,0,0,0
Coye Dunn,/D/DunnCo20.htm,B,0,1,1943,False,0,0,0,0,0
Byron Eby,/E/EbyxBy20.htm,B,0,1,1930,False,0,0,0,0,0
Bill Edgar,/E/EdgaBi20.htm,G-B,0,1,1923,False,0,0,0,0,0
Bud Edwards,/E/EdwaBu20.htm,B,0,2,1931,False,0,0,0,0,0
Dick Egan,/E/EganDi20.htm,E-B,0,5,1924,False,0,0,0,0,0
Ev Elkins,/E/ElkiEv20.htm,B,0,1,1940,False,0,0,0,0,0
Chief Elkins,/E/ElkiCh20.htm,B,0,6,1933,False,0,0,0,0,0
Al Elliott,/E/ElliAl20.htm,B,0,3,1924,False,0,0,0,0,0
Doc Elliott,/E/ElliDo20.htm,B,0,10,1931,False,0,0,3,0,0
Frank Emmons,/E/EmmoFr20.htm,B,0,1,1940,False,0,0,0,0,0
Wuert Engelmann,/E/EngeWu20.htm,B,0,4,1933,False,0,0,0,0,0
Joe Engelhard,/E/EngeJo21.htm,B,0,2,1922,False,0,0,0,0,0
Hal Erickson,/E/EricHa20.htm,B,0,8,1930,False,0,0,0,0,0
Jack Ernst,/E/ErnsJa20.htm,B,0,6,1930,False,0,0,0,0,0
Carl Etelman,/E/EtelCa20.htm,B,0,1,1926,False,0,0,0,0,0
John Fahay,/F/FahaJo20.htm,E-B-G,0,5,1929,False,0,0,0,0,0
Art Faircloth,/F/FairAr20.htm,B,0,2,1948,False,0,0,0,0,0
Tiny Feather,/F/FeatTi20.htm,B,0,8,1934,False,0,0,0,0,0
Jack Finn,/F/FinnJa20.htm,B,0,1,1924,False,0,0,0,0,0
Bernie Finn,/F/FinnBe20.htm,B,0,3,1932,False,0,0,0,0,0
Dick Fishel,/F/FishDi20.htm,B,0,1,1933,False,0,0,0,0,0
Max Fiske,/F/FiskMa20.htm,B-E,0,4,1939,False,0,0,0,0,0
Paul Fitzgibbon,/F/FitzPa20.htm,B,0,7,1932,False,0,0,0,0,0
Mack Flenniken,/F/FlenMa20.htm,B,0,2,1931,False,0,0,0,0,0
Jim Foley,/F/FoleJi20.htm,B,0,1,1926,False,0,0,0,0,0
Art Folz,/F/FolzAr20.htm,B,0,3,1925,False,0,0,0,0,0
Adrian Ford,/F/FordAd20.htm,B,0,1,1927,False,0,0,0,0,0
Salem Ford,/F/FordSa20.htm,B,0,2,1923,False,0,0,0,0,0
Bob Foster,/F/FostBo20.htm,B-G-T,0,3,1924,False,0,0,0,0,0
Paul Frank,/F/FranPa20.htm,B,0,1,1930,False,0,0,0,0,0
Paul Franklin,/F/FranPa22.htm,B-E,0,3,1933,False,0,0,0,0,0
Walter French,/F/FrenWa20.htm,B,0,4,1925,False,0,0,0,0,0
Glenn Frey,/F/FreyGl20.htm,B,0,2,1937,False,0,0,0,0,0
Wes Fry,/F/FryxWe20.htm,B,0,1,1927,False,0,0,0,0,0
Larry Fuller,/F/FullLa20.htm,B,0,2,1945,False,0,0,0,0,0
Monk Gafford,/G/GaffMo20.htm,B,0,3,1948,False,0,0,0,0,0
Hal Gaulke,/G/GaulHa20.htm,B,0,3,1922,False,0,0,0,0,0
Buck Gavin,/G/GaviBu20.htm,B,0,7,1926,False,0,0,0,0,0
Milt Ghee,/G/GheeMi20.htm,B,0,2,1921,False,0,0,0,0,0
Bill Giaver,/G/GiavBi20.htm,B,0,5,1926,False,0,0,0,0,0
Johnny Gildea,/G/GildJo20.htm,B,0,4,1938,False,0,1,0,0,0
Hank Gillo,/G/GillHa20.htm,B,0,7,1926,False,0,0,0,0,0
Johnny Gilroy,/G/GilrJo20.htm,B,0,2,1921,False,0,0,0,0,0
Ed Glick,/G/GlicEd20.htm,B,0,1,1922,False,0,0,0,0,0
Ed Goddard,/G/GoddEd20.htm,B,0,2,1938,False,0,1,0,0,0
Marshall Goldberg,/G/GoldMa20.htm,B,0,10,1948,False,0,1,0,0,0
Rob Goode,/G/GoodRo01.htm,B,0,7,1955,False,0,2,0,0,0
Myrl Goodwin,/G/GoodMy20.htm,B-E,0,1,1928,False,0,0,0,0,0
John Goodyear,/G/GoodJo24.htm,B,0,1,1942,False,0,0,0,0,0
Clarence Graham,/G/GrahCl20.htm,B,0,1,1928,False,0,0,0,0,0
Mike Graham,/G/GrahMi20.htm,B,0,1,1948,False,0,0,0,0,0
John Greene,/G/GreeJo21.htm,E-G-B,0,7,1950,False,0,0,0,0,0
Duke Greenich,/G/GreeDu20.htm,B,0,1,1944,False,0,0,0,0,0
Don Greenwood,/G/GreeDo24.htm,B,0,3,1947,False,0,0,0,0,0
Tex Grigg,/G/GrigTe20.htm,B,0,8,1927,False,0,0,0,0,0
Jack Grossman,/G/GrosJa20.htm,B,0,4,1935,False,0,0,0,0,0
Bob Haas,/H/HaasBo20.htm,B,0,1,1929,False,0,0,0,0,0
Bruno Haas,/H/HaasBr20.htm,B,0,2,1922,False,0,0,0,0,0
Al Hadden,/H/HaddAl20.htm,B-E,0,6,1930,False,0,0,0,0,0
Swede Hagberg,/H/HagbSw20.htm,C-B-T,0,2,1930,False,0,0,1,0,0
Jack Hagerty,/H/HageJa20.htm,B,0,7,1932,False,0,0,0,0,0
Hinkey Haines,/H/HainHi20.htm,B,0,7,1931,False,0,0,0,0,0
Ed Halicki,/H/HaliEd20.htm,B,0,2,1930,False,0,0,0,0,0
Forrest Hall,/H/HallFo20.htm,B,0,1,1948,False,0,0,0,0,0
Harry Hall,/H/HallHa21.htm,B,0,1,1925,False,0,0,0,0,0
Tex Hamer,/H/HameTe20.htm,B,0,4,1927,False,0,0,0,0,0
Swede Hanson,/H/HansSw20.htm,B,0,8,1938,False,0,0,0,0,0
Cece Hare,/H/HareCe20.htm,B,0,6,1946,False,0,2,0,0,0
Ray Hare,/H/HareRa20.htm,B,0,7,1946,False,0,1,0,0,0
Howard Hartley,/H/HartHo20.htm,B,0,5,1952,False,0,0,0,0,0
Bill Hartman,/H/HartBi20.htm,B,0,1,1938,False,0,0,0,0,0
John Hasbrouck,/H/HasbJo20.htm,B-E,0,1,1921,False,0,0,0,0,0
Sandy Hastings,/H/HastSa20.htm,B,0,1,1920,False,0,0,0,0,0
Les Haws,/H/HawsLe20.htm,B,0,2,1925,False,0,0,0,0,0
Walt Heap,/H/HeapWa20.htm,B,0,2,1948,False,0,0,0,0,0
Johnny Heimsch,/H/HeimJo20.htm,B,0,1,1926,False,0,0,0,0,0
Fritz Heinisch,/H/HeinFr20.htm,E-B,0,5,1926,False,0,0,0,0,0
Dutch Hendrian,/H/HendDu20.htm,B,0,3,1925,False,0,0,0,0,0
Wally Hess,/H/HessWa20.htm,B,0,6,1925,False,0,0,0,0,0
Bill Hillman,/H/HillBi22.htm,B,0,1,1947,False,0,0,0,0,0
Hal Hilpert,/H/HilpHa20.htm,E-B,0,4,1933,False,0,0,0,0,0
Curly Hinchman,/H/HincCu20.htm,B,0,2,1934,False,0,0,0,0,0
Jack Hinkle,/H/HinkJa20.htm,B,0,8,1947,False,0,0,0,0,0
Ben Hobson,/H/HobsBe20.htm,B,0,2,1927,False,0,0,0,0,0
Bob Hoernschemeyer,/H/HoerBo00.htm,B,0,10,1955,False,0,2,0,0,0
Paul Hogan,/H/HogaPa20.htm,B,0,4,1927,False,0,0,0,0,0
Bob Hoffman,/H/HoffBo20.htm,B,0,10,1949,False,0,0,0,0,0
Frank Hogue,/H/HoguFr20.htm,B,0,1,1924,False,0,0,0,0,0
Steve Hokuf,/H/HokuSt20.htm,B-E,0,3,1935,False,0,0,0,0,0
Mickey Hole,/H/HoleMi20.htm,B,0,2,1921,False,0,0,0,0,0
Tommy Holleran,/H/HollTo20.htm,B,0,1,1923,False,0,0,0,0,0
Tony Holm,/H/HolmTo20.htm,B,0,4,1933,False,0,0,0,0,0
Walt Holmer,/H/HolmWa21.htm,B,0,5,1933,False,0,0,0,0,0
Two-Bits Homan,/H/HomaTw20.htm,B,0,6,1930,False,0,0,0,0,0
Harry Hopp,/H/HoppHa20.htm,B,0,7,1947,False,0,1,0,0,0
Jay Hornbeak,/H/HornJa20.htm,B,0,1,1935,False,0,0,0,0,0
Ralph Horween,/H/HorwRa20.htm,B,0,3,1923,False,0,0,0,0,0
Arnie Horween,/H/HorwAr20.htm,B,0,4,1924,False,0,0,0,0,0
Dick Hudson,/H/HudsDi20.htm,B,0,4,1926,False,0,0,0,0,0
Honolulu Hughes,/H/HughHo20.htm,B,0,1,1932,False,0,0,0,0,0
Tommy Hughitt,/H/HughTo20.htm,B,0,5,1924,False,0,0,0,0,0
Billy Hunter,/H/HuntBi00.htm,B,0,2,1966,False,0,0,0,0,0
Ted Illman,/I/IllmTe20.htm,B,0,1,1928,False,0,0,0,0,0
Tut Imlay,/I/ImlaTu20.htm,B,0,2,1927,False,0,0,1,0,0
Bill Irgens,/I/IrgeBi20.htm,B-E,0,3,1923,False,0,0,0,0,0
Duke Iverson,/I/IverDu20.htm,B,0,5,1951,False,0,0,0,0,0
Len Janiak,/J/JaniLe20.htm,B,0,4,1942,False,0,0,0,0,0
Larry Joe,/J/JoexLa20.htm,B,0,1,1949,False,0,0,0,0,0
Jesse Johnson,/J/JohnJe22.htm,B,0,4,1983,False,0,0,0,0,0
Jimmy Johnston,/J/JohnJi21.htm,B,0,8,1946,False,0,0,0,0,0
Swede Johnston,/J/JohnSw20.htm,B,0,10,1940,False,0,0,0,0,0
Cy Kahl,/K/KahlCy20.htm,B,0,2,1931,False,0,0,0,0,0
Carl Kane,/K/KaneCa20.htm,B,0,1,1936,False,0,0,0,0,0
Bob Keene,/K/KeenBo20.htm,B,0,3,1945,False,0,0,0,0,0
Shipwreck Kelly,/K/KellSh20.htm,B,0,6,1937,False,0,0,0,0,0
Wild Bill Kelly,/K/KellWi20.htm,B,0,4,1930,False,0,0,0,0,0
Jim Kendrick,/K/KendJi20.htm,B-E,0,6,1927,False,0,0,0,0,0
Bob Kennedy,/K/KennBo20.htm,B,0,5,1950,False,0,0,0,0,0
Ralph Kercheval,/K/KercRa20.htm,B,0,7,1940,False,0,0,0,0,0
Ken Keuper,/K/KeupKe20.htm,B,0,4,1948,False,0,0,0,0,0
Walt Kinderdine,/K/KindWa20.htm,B,0,3,1925,False,0,0,0,0,0
Rip King,/K/KingRi20.htm,B,0,6,1925,False,0,0,2,0,0
Frank Kirkleski,/K/KirkFr20.htm,B,0,5,1931,False,0,0,0,0,0
Red Kirkman,/K/KirkRe20.htm,B,0,3,1935,False,0,0,0,0,0
Ben Kish,/K/KishBe20.htm,B,0,10,1949,False,0,0,0,0,0
Paul Kittredge,/K/KittPa20.htm,B,0,1,1929,False,0,0,0,0,0
Adolph Kliebhan,/K/KlieAd20.htm,B,0,1,1921,False,0,0,0,0,0
Shiner Knab,/K/KnabSh20.htm,B,0,1,1921,False,0,0,0,0,0
Jack Knapper,/K/KnapJa20.htm,B,0,1,1934,False,0,0,0,0,0
Oscar Knop,/K/KnopOs20.htm,B-E,0,8,1927,False,0,0,0,0,0
Charlie Knox,/K/KnoxCh20.htm,B,0,1,1937,False,0,0,0,0,0
Julie Koshlap,/K/KoshJu20.htm,B,0,1,1945,False,0,0,0,0,0
Eddie Kotal,/K/KotaEd20.htm,B,0,5,1929,False,0,0,0,0,0
Max Krause,/K/KrauMa20.htm,B,0,8,1940,False,0,0,0,0,0
Walt Kreinheder,/K/KreiWa20.htm,C-G-B,0,4,1925,False,0,0,0,0,0
Paul Kuczo,/K/KuczPa20.htm,B,0,1,1929,False,0,0,0,0,0
Waddy Kuehl,/K/KuehWa20.htm,B,0,5,1924,False,0,0,0,0,0
John Kusko,/K/KuskJo20.htm,B,0,3,1938,False,0,0,0,0,0
Jim Laird,/L/LairJi20.htm,B-G-T,0,12,1931,False,0,0,0,0,0
Roddy Lamb,/L/LambRo20.htm,B,0,9,1933,False,0,0,0,0,0
Lew Lane,/L/LaneLe21.htm,B,0,1,1924,False,0,0,0,0,0
Irv Langhoff,/L/LangIr20.htm,B,0,2,1923,False,0,0,0,0,0
Jim Lankas,/L/LankJi20.htm,B,0,2,1943,False,0,0,0,0,0
Jake Lanum,/L/LanuJa20.htm,B,0,5,1924,False,0,0,0,0,0
Bennie LaPresta,/L/LaPrBe20.htm,B,0,2,1934,False,0,0,0,0,0
Louie Larson,/L/LarsLo20.htm,C-B,0,4,1929,False,0,0,0,0,0
Tony Latone,/L/LatoTo20.htm,B,0,6,1930,False,0,0,0,0,0
Dutch Lauer,/L/LaueDu20.htm,B-E,0,5,1926,False,0,0,0,0,0
Ed Lawrence,/L/LawrEd20.htm,B,0,2,1930,False,0,0,0,0,0
Pete Layden,/L/LaydPe20.htm,B,0,3,1950,False,0,0,0,0,0
Gil LeFebvre,/L/LeFeGi20.htm,B,0,3,1935,False,0,0,0,0,0
Walt LeJeune,/L/LeJeWa20.htm,G-C-T-B,0,6,1927,False,0,0,0,0,0
Jim Leonard,/L/LeonJi21.htm,B,0,4,1937,False,0,0,0,0,0
Jim Levey,/L/LeveJi20.htm,B,0,3,1936,False,0,0,0,0,0
Verne Lewellen,/L/LeweVe20.htm,B,0,9,1932,False,0,0,4,0,0
Al Lindow,/L/LindAl20.htm,B,0,1,1945,False,0,0,0,0,0
Carl Littlefield,/L/LittCa20.htm,B,0,3,1940,False,0,0,0,0,0
Slick Lollar,/L/LollSl20.htm,B,0,1,1928,False,0,0,0,0,0
Ted Lone Wolf,/L/LoneTe20.htm,G-T-B,0,2,1923,False,0,0,0,0,0
Walter Lowe,/L/LoweWa20.htm,B,0,1,1923,False,0,0,0,0,0
Jackie Lowther,/L/LowtJa20.htm,B,0,2,1945,False,0,0,0,0,0
Father Lumpkin,/L/LumpFa20.htm,B,0,8,1937,False,0,0,1,0,0
Charlie Lungren,/L/LungCh20.htm,B-E,0,1,1923,False,0,0,0,0,0
Paul Lynch,/L/LyncPa20.htm,B,0,1,1925,False,0,0,0,0,0
Mickey MacDonnell,/M/MacDMi20.htm,B,0,9,1931,False,0,0,0,0,0
Johnny Mackorell,/M/MackJo20.htm,B,0,1,1935,False,0,0,0,0,0
James Magner,/M/MagnJa20.htm,B,0,1,1931,False,0,0,0,0,0
Bob Mahan,/M/MahaBo20.htm,B-E,0,2,1930,False,0,0,0,0,0
Frank Maher,/M/MaheFr20.htm,B,0,1,1941,False,0,0,0,0,0
Ike Mahoney,/M/MahoIk20.htm,B,0,7,1931,False,0,0,0,0,0
John Mahoney,/M/MahoJo20.htm,B-E,0,1,1923,False,0,0,0,0,0
Al Mahrt,/M/MahrAl20.htm,B,0,3,1922,False,0,0,0,0,0
Gene Malinowski,/M/MaliGe20.htm,B,0,1,1948,False,0,0,0,0,0
Joe Maniaci,/M/ManiJo20.htm,B,0,6,1941,False,0,2,0,0,0
Tillie Manton,/M/MantTi20.htm,B,0,8,1943,False,0,0,0,0,0
Howard Maple,/M/MaplHo20.htm,B,0,1,1930,False,0,0,0,0,0
Hugo Marcolini,/M/MarcHu20.htm,B,0,1,1948,False,0,0,0,0,0
Harry Marker,/M/MarkHa20.htm,B,0,1,1934,False,0,0,0,0,0
Cliff Marker,/M/MarkCl20.htm,E-B,0,2,1927,False,0,0,0,0,0
Larry Marks,/M/MarkLa20.htm,B,0,2,1928,False,0,0,0,0,0
Abe Martin,/M/MartAb20.htm,B,0,1,1932,False,0,0,0,0,0
Hersh Martin,/M/MartHe21.htm,B,0,2,1930,False,0,0,0,0,0
Walt Masters,/M/MastWa20.htm,B,0,9,1944,False,0,0,0,0,0
 Mathewson,/M/Mathxx20.htm,B,0,1,1920,False,0,0,0,0,0
Joe Mattern,/M/MattJo20.htm,B,0,3,1922,False,0,0,0,0,0
Arthur Matsu,/M/MatsAr20.htm,B,0,1,1928,False,0,0,0,0,0
Marv Mattox,/M/MattMa20.htm,B-G,0,1,1923,False,0,0,0,0,0
Vince McCarthy,/M/McCaVi20.htm,B-E,0,2,1925,False,0,0,0,0,0
Elmer McCormick,/M/McCoEl20.htm,C-T-C-B,0,4,1926,False,0,0,0,0,0
Herdis McCrary,/M/McCrHe20.htm,B,0,5,1933,False,0,0,0,0,0
Jim McDonald,/M/McDoJi21.htm,B,0,2,1939,False,0,0,0,0,0
Walt McDonald,/M/McDoWa20.htm,B,0,4,1949,False,0,0,0,0,0
Bill McElwain,/M/McElBi20.htm,B,0,3,1926,False,0,0,0,0,0
Bo McMillin,/M/McMiBo20.htm,B,0,2,1923,False,0,0,0,0,0
Johnny McQuade,/M/McQuJo20.htm,B,0,1,1922,False,0,0,0,0,0
Butch Meeker,/M/MeekBu20.htm,B,0,2,1931,False,0,0,0,0,0
Ken Mercer,/M/MercKe20.htm,B,0,3,1929,False,0,0,0,0,0
Bus Mertes,/M/MertBu20.htm,B,0,5,1949,False,0,0,0,0,0
Russ Method,/M/MethRu20.htm,B,0,7,1929,False,0,0,0,0,0
Mike Mikulak,/M/MikuMi20.htm,B,0,3,1936,False,0,0,0,0,0
Johnny Milton,/M/MiltJo20.htm,E-B,0,2,1924,False,0,0,0,0,0
Dave Mishel,/M/MishDa20.htm,B,0,5,1931,False,0,0,0,0,0
Warner Mizell,/M/MizeWa20.htm,B,0,1,1931,False,0,0,0,0,0
Johnny Mohardt,/M/MohaJo20.htm,B,0,4,1925,False,0,0,0,0,0
Les Molloy,/M/MallLe20.htm,B,0,3,1933,False,0,0,0,0,0
Wilkie Moody,/M/MoodWi20.htm,B,0,6,1925,False,0,0,0,0,0
Tipp Mooney,/M/MoonTi21.htm,B,0,2,1945,False,0,0,0,0,0
George Mooney,/M/MoonGe20.htm,B,0,3,1924,False,0,0,0,0,0
Hap Moran,/M/MoraHa20.htm,B,0,8,1933,False,0,0,0,0,0
Boyd Morgan,/M/MorgBo22.htm,B,0,2,1940,False,0,0,0,0,0
Bob Morrow,/M/MorrBo22.htm,B,0,6,1946,False,0,0,0,0,0
Jim Morrow,/M/MorrJi22.htm,B,0,2,1922,False,0,0,0,0,0
Emmett Mortell,/M/MortEm20.htm,B,0,3,1939,False,0,0,0,0,0
Buster Mott,/M/MottBu20.htm,B,0,2,1934,False,0,0,0,0,0
Vince Mulvey,/M/MulvVi20.htm,B,0,1,1923,False,0,0,0,0,0
Jim Murphy,/M/MurpJi20.htm,B-E-C,0,3,1928,False,0,0,0,0,0
Tom Murphy,/M/MurpTo21.htm,B,0,1,1934,False,0,0,0,0,0
Fran Murray,/M/MurrFr20.htm,B,0,2,1940,False,0,0,0,0,0
Mickey Murtagh,/M/MurtMi20.htm,C-G-E-B,0,7,1932,False,0,0,0,0,0
Brad Myers,/M/MyerBr20.htm,B-E,0,6,1958,False,0,0,0,0,0
Dave Myers,/M/MyerDa20.htm,G-B,0,2,1931,False,0,0,0,0,0
Tommy Myers,/M/MyerTo20.htm,B,0,2,1926,False,0,0,0,0,0
Nick Nardacci,/N/NardNi20.htm,B,0,1,1925,False,0,0,0,0,0
Dick Nardi,/N/NardDi20.htm,B,0,2,1939,False,0,0,0,0,0
Frank Nelson,/N/NelsFr20.htm,B,0,2,1949,False,0,0,0,0,0
Jimmy Nelson,/N/NelsJi21.htm,B,0,1,1946,False,0,0,0,0,0
Charlie Nesser,/N/NessCh20.htm,B,0,1,1921,False,0,0,0,0,0
Jerry Noonan,/N/NoonJe20.htm,B-E,0,4,1924,False,0,0,0,0,0
John Noppenberg,/N/NoppJo20.htm,B,0,2,1941,False,0,0,0,0,0
John Norbeck,/N/NorbJo20.htm,G-B,0,1,1921,False,0,0,0,0,0
Marty Norton,/N/NortMa20.htm,B,0,4,1925,False,0,0,0,0,0
Eddie Novak,/N/NovaEd20.htm,B,0,6,1925,False,0,0,1,0,0
Ray Novotny,/N/NovoRa20.htm,B,0,3,1932,False,0,0,0,0,0
Mally Nydall,/N/NydaMa20.htm,B,0,3,1931,False,0,0,0,0,0
Harry O'Boyle,/O/OBoyHa20.htm,B,0,6,1933,False,0,0,0,0,0
Chuck O'Neil,/O/ONeiCh20.htm,E-B,0,3,1923,False,0,0,0,0,0
Bill O'Neill,/O/ONeiBi20.htm,B,0,3,1937,False,0,0,0,0,0
Curly Oden,/O/OdenCu20.htm,B,0,8,1932,False,0,0,0,0,0
Jim Oldham,/O/OldhJi20.htm,E-B,0,1,1926,False,0,0,0,0,0
Chuck Ortmann,/O/OrtmCh20.htm,B,0,2,1952,False,0,0,0,0,0
Bob Paffrath,/P/PaffBo20.htm,B,0,1,1946,False,0,0,0,0,0
Hal Pangle,/P/PangHa20.htm,B,0,4,1938,False,0,0,0,0,0
Oran Pape,/P/PapeOr20.htm,B,0,3,1932,False,0,0,0,0,0
Lloyd Parsons,/P/ParsLl20.htm,B,0,1,1941,False,0,0,0,0,0
Frank Patrick,/P/PatrFr20.htm,B,0,2,1939,False,0,0,0,0,0
Billy Patterson,/P/PattBi20.htm,B,0,2,1940,False,0,0,0,0,0
Harley Pearce,/P/PearHa20.htm,E-B,0,1,1926,False,0,0,0,0,0
Jim Pederson,/P/PedeJi20.htm,B,0,3,1932,False,0,0,0,0,0
Don Perkins,/P/PerkDo20.htm,B,0,3,1946,False,0,0,0,0,0
Frosty Peters,/P/PeteFr21.htm,B,0,3,1932,False,0,0,0,0,0
Ike Peterson,/P/PeteIk20.htm,B,0,2,1936,False,0,0,0,0,0
Nels Peterson,/P/PeteNe20.htm,B,0,2,1938,False,0,0,0,0,0
Bob Pfohl,/P/PfohBo20.htm,B,0,2,1949,False,0,0,0,0,0
Art Pharmer,/P/PharAr20.htm,B,0,2,1931,False,0,0,0,0,0
Bob Phelan,/P/PhelBo20.htm,B,0,3,1924,False,0,0,0,0,0
Al Pierotti,/P/PierAl20.htm,C-G-T-B,0,10,1929,False,0,0,0,0,0
Ernie Pinckert,/P/PincEr20.htm,B,0,9,1940,False,0,2,0,0,0
Rocco Pirro,/P/PirrRo20.htm,G-B-T,0,10,1949,False,0,0,0,0,0
Tony Plansky,/P/PlanTo20.htm,B,0,5,1932,False,0,0,1,0,0
Dick Poillon,/P/PoilDi20.htm,B,0,8,1949,False,0,1,0,0,0
Lew Pope,/P/PopeLe20.htm,B,0,4,1934,False,0,0,0,0,0
Milt Popovich,/P/PopoMi20.htm,B,0,5,1942,False,0,0,0,0,0
Earl Potteiger,/P/PottEa20.htm,B,0,9,1928,False,0,0,0,0,0
Glenn Presnell,/P/PresGl20.htm,B,0,6,1936,False,0,0,1,0,0
Dom Principe,/P/PrinDo20.htm,B-LB,0,7,1946,False,0,0,0,0,0
Bill Pritchard,/P/PritBi20.htm,B,0,2,1928,False,0,0,0,0,0
Eddie Prokop,/P/ProkEd20.htm,B,0,4,1949,False,0,0,0,0,0
Marion Pugh,/P/PughMa20.htm,B,0,6,1946,False,0,0,0,0,0
Cal Purdin,/P/PurdCa20.htm,B,0,4,1946,False,0,0,0,0,0
Vic Radzievitch,/R/RadzVi20.htm,B-G-FB,0,1,1926,False,0,0,0,0,0
Billy Rafter,/R/RaftBi20.htm,B,0,4,1924,False,0,0,0,0,0
Vincent Ragunas,/R/RaguVi20.htm,B,0,1,1949,False,0,0,0,0,0
Ray Ramsey,/R/RamsRa20.htm,B,0,7,1953,False,0,0,0,0,0
Bob Rawlings,/R/RawlBo20.htm,B,0,1,1922,False,0,0,0,0,0
Frank Reagan,/R/ReagFr20.htm,B,0,11,1951,False,0,0,0,0,0
Ruel Redinger,/R/RediRu20.htm,B,0,1,1925,False,0,0,0,0,0
Gus Redman,/R/RedmGu20.htm,B,0,4,1924,False,0,0,0,0,0
Lloyd Reese,/R/ReesLl20.htm,B,0,1,1946,False,0,0,0,0,0
Chuck Reichow,/R/ReicCh20.htm,B,0,2,1926,False,0,0,0,0,0
Bill Reinhard,/R/ReinBi20.htm,B,0,2,1948,False,0,0,0,0,0
Pug Rentner,/R/RentPu20.htm,B,0,4,1937,False,0,0,0,0,0
Kink Richards,/R/RichKi20.htm,B,0,7,1939,False,0,1,0,0,0
Dick Riffle,/R/RiffDi20.htm,B,0,5,1942,False,0,1,0,0,0
Ray Risvold,/R/RisvRa20.htm,B,0,2,1928,False,0,0,0,0,0
Harry Robb,/R/RobbHa20.htm,B,0,6,1926,False,0,0,1,0,0
Guy Roberts,/R/RobeGu20.htm,B,0,2,1927,False,0,0,0,0,0
Jack Roberts,/R/RobeJa21.htm,B,0,3,1934,False,0,0,0,0,0
James Robertson,/R/RobeJa22.htm,B,0,2,1925,False,0,0,0,0,0
Ed Robinson,/R/RobiEd20.htm,B,0,4,1926,False,0,0,0,0,0
Ben Roderick,/R/RodeBe20.htm,B,0,5,1927,False,0,0,0,0,0
Kelly Rodriguez,/R/RodrKe20.htm,B,0,1,1930,False,0,0,0,0,0
Charley Rogers,/R/RogeCh20.htm,B,0,3,1929,False,0,0,0,0,0
Milt Romney,/R/RomnMi20.htm,B,0,6,1928,False,0,0,0,0,0
Gene Ronzani,/R/RonzGe20.htm,B,0,13,1945,False,0,0,1,0,0
Cobb Rooney,/R/RoonCo20.htm,B,0,7,1930,False,0,0,0,0,0
Bill Rooney,/R/RoonBi20.htm,B-C,0,7,1929,False,0,0,0,0,0
Spencer Rork,/R/RorkSp20.htm,B,0,1,1922,False,0,0,0,0,0
Gene Rose,/R/RoseGe21.htm,B,0,4,1932,False,0,0,0,0,0
Ev Rowan,/R/RowaEv20.htm,E-B,0,4,1933,False,0,0,0,0,0
Homer Ruh,/R/RuhxHo20.htm,E-B,0,6,1925,False,0,0,0,0,0
Reb Russell,/R/RussRe20.htm,B,0,1,1933,False,0,0,0,0,0
Ralph Ruthstrom,/R/RuthRa20.htm,B,0,5,1949,False,0,0,0,0,0
Lou Saban,/S/SabaLo20.htm,C-B,0,4,1949,False,0,0,0,0,0
Frank Sachse,/S/SachFr20.htm,B,0,3,1945,False,0,0,0,0,0
Norb Sacksteder,/S/SackNo20.htm,B,0,6,1925,False,0,0,0,0,0
Ollie Sansen,/S/SansOl20.htm,B,0,4,1935,False,0,0,0,0,0
Mickey Sanzotta,/S/SanzMi20.htm,B,0,5,1946,False,0,0,0,0,0
Tony Sarausky,/S/SaraTo20.htm,B,0,4,1938,False,0,0,0,0,0
Pete Saumer,/S/SaumPe20.htm,B,0,1,1934,False,0,0,0,0,0
Herm Sawyer,/S/SawyHe20.htm,B,0,1,1922,False,0,0,0,0,0
Johnny Scalzi,/S/ScalJo20.htm,B,0,1,1931,False,0,0,0,0,0
Elmer Schaake,/S/SchaEl20.htm,B,0,1,1933,False,0,0,0,0,0
Pete Schaffnit,/S/SchaPe21.htm,B,0,1,1926,False,0,0,0,0,0
Eddie Scharer,/S/SchaEd20.htm,B,0,3,1928,False,0,0,0,0,0
Herb Schell,/S/ScheHe20.htm,B,0,1,1924,False,0,0,0,0,0
Ivan Schottel,/S/SchoIv20.htm,B-E,0,3,1948,False,0,0,0,0,0
Elmer Schwartz,/S/SchwEl20.htm,B,0,3,1933,False,0,0,0,0,0
George Seasholtz,/S/SeasGe20.htm,B,0,3,1924,False,0,0,0,0,0
Herman Seborg,/S/SeboHe20.htm,G-B,0,2,1931,False,0,0,0,0,0
Len Sedbrook,/S/SedbLe20.htm,B,0,4,1931,False,0,0,0,0,0
Bill Senn,/S/SennBi20.htm,B,0,9,1934,False,0,0,0,0,0
Lee Shaffer,/S/ShafLe20.htm,B,0,11,1945,False,0,1,0,0,0
Jack Shapiro,/S/ShapJa20.htm,B,0,1,1929,False,0,0,0,0,0
Deck Shelley,/S/ShelDe20.htm,B,0,2,1932,False,0,0,0,0,0
Bill Shepherd,/S/ShepBi20.htm,B,0,6,1940,False,0,0,0,0,0
Rhoten Shetley,/S/ShetRh20.htm,B,0,7,1946,False,0,0,0,0,0
Frank Sillin,/S/SillFr20.htm,B,0,9,1929,False,0,0,0,0,0
Floyd Simmons,/S/SimmFl20.htm,B,0,1,1948,False,0,0,0,0,0
Jim Simmons,/S/SimmJi20.htm,B,0,2,1928,False,0,0,0,0,0
Frankie Sinkwich,/S/SinkFr21.htm,B,0,5,1947,False,0,0,0,0,0
Dwight Sloan,/S/SloaDw20.htm,B,0,3,1940,False,0,0,0,0,0
Phil Slosburg,/S/SlosPh20.htm,B,0,2,1949,False,0,0,0,0,0
Lou Smyth,/S/SmytLo20.htm,B,0,7,1926,False,0,0,0,0,0
George Snell,/S/SnelGe20.htm,B,0,2,1927,False,0,0,0,0,0
Lee Snoots,/S/SnooLe20.htm,B,0,6,1925,False,0,0,0,0,0
Snitz Snyder,/S/SnydSn20.htm,B,0,2,1930,False,0,0,0,0,0
Hank Soar,/S/SoarHa20.htm,B,0,10,1946,False,0,1,0,0,0
Benny Sohn,/S/SohnBe20.htm,B,0,1,1934,False,0,0,0,0,0
Vic Spadaccini,/S/SpadVi20.htm,B,0,3,1940,False,0,1,0,0,0
Jack Spellman,/S/SpelJa20.htm,E-T-B,0,8,1932,False,0,0,0,0,0
Leo Stasica,/S/StasLe20.htm,B,0,4,1944,False,0,0,0,0,0
Stud Stennett,/S/StenSt20.htm,B,0,2,1932,False,0,0,0,0,0
Jim Still,/S/StilJi20.htm,B,0,2,1949,False,0,0,0,0,0
Pete Stinchcomb,/S/StinPe20.htm,B,0,6,1926,False,0,0,2,0,0
Ed Storm,/S/StorEd20.htm,B,0,2,1935,False,0,0,0,0,0
Red Strader,/S/StraRe20.htm,B,0,1,1927,False,0,0,0,0,0
Gene Stringer,/S/StriGe20.htm,B,0,1,1925,False,0,0,0,0,0
Joe Sulaitis,/S/SulaJo20.htm,B-G-DE-E,0,11,1953,False,0,0,0,0,0
George Sullivan,/S/SullGe20.htm,B,0,2,1925,False,0,0,0,0,0
Steve Sullivan,/S/SullSt20.htm,B,0,3,1924,False,0,0,0,0,0
George Sutch,/S/SutcGe20.htm,B,0,1,1946,False,0,0,0,0,0
Fred Sweet,/S/SweeFr20.htm,B,0,2,1926,False,0,0,0,0,0
Doyle Tackett,/T/TackDo20.htm,B,0,3,1948,False,0,0,0,0,0
John Tanner,/T/TannJo20.htm,B,0,3,1924,False,0,0,0,0,0
Jimmy Tays,/T/TaysJi20.htm,B,0,6,1930,False,0,0,0,0,0
Stumpy Thomason,/T/ThomSt21.htm,B,0,7,1936,False,0,0,0,0,0
Dick Todd,/T/ToddDi20.htm,B,0,10,1948,False,0,2,0,0,0
Buzz Trebotich,/T/TrebBu20.htm,B,0,4,1947,False,0,0,0,0,0
Buddy Tynes,/T/TyneBu20.htm,B,0,2,1925,False,0,0,0,0,0
Rube Ursella,/U/UrseRu20.htm,B,0,10,1929,False,0,0,0,0,0
Eddie Usher,/U/UsheEd20.htm,B,0,4,1924,False,0,0,0,0,0
Charlie Van Horn,/V/VanHCh20.htm,B,0,3,1929,False,0,0,0,0,0
Harp Vaughan,/V/VaugHa20.htm,B,0,2,1934,False,0,0,0,0,0
Bill Vaughn,/V/VaugBi20.htm,B,0,1,1926,False,0,0,0,0,0
Otto Vokaty,/V/VokaOt20.htm,B,0,4,1934,False,0,0,0,0,0
Buff Wagner,/W/WagnBu20.htm,B,0,1,1921,False,0,0,0,0,0
Lowell Wagner,/W/WagnLo20.htm,B,0,10,1955,False,0,0,0,0,0
Carl Waite,/W/WaitCa20.htm,B-E,0,3,1930,False,0,0,0,0,0
Will Waite,/W/WaitWi20.htm,C-G-T-B,0,2,1921,False,0,0,0,0,0
Laurie Walquist,/W/WalqLa20.htm,B,0,10,1931,False,0,0,0,0,0
Rat Watson,/W/WatsRa20.htm,B,0,6,1927,False,0,0,0,0,0
Dutch Webber,/W/WebbDu20.htm,E-B,0,7,1930,False,0,0,0,0,0
Herm Wedemeyer,/W/WedeHe20.htm,B,0,2,1949,False,0,0,0,0,0
Chuck Weimer,/W/WeimCh20.htm,B,0,3,1931,False,0,0,0,0,0
Reds Weiner,/W/WeinRe20.htm,B,0,1,1934,False,0,0,0,0,0
Dick Weisgerber,/W/WeisDi20.htm,B,0,5,1942,False,0,1,0,0,0
Gibby Welch,/W/WelcGi20.htm,B,0,2,1929,False,0,0,0,0,0
Larry Weltman,/W/WeltLa20.htm,B,0,1,1922,False,0,0,0,0,0
Cy Wentworth,/W/WentCy20.htm,B,0,5,1929,False,0,0,0,0,0
Ed Westfall,/W/WestEd20.htm,B,0,2,1933,False,0,0,0,0,0
Phil White,/W/WhitPh20.htm,B,0,3,1927,False,0,0,0,0,0
Wilbur White,/W/WhitWi20.htm,B,0,2,1936,False,0,0,0,0,0
Ossie Wiberg,/W/WibeOs20.htm,B,0,7,1933,False,0,0,0,0,0
Bob Wiese,/W/WiesBo20.htm,B,0,2,1948,False,0,0,0,0,0
Heinie Wiesenbaugh,/W/WeisHe20.htm,B,0,2,1936,False,0,0,0,0,0
Ned Wilcox,/W/WilcNe20.htm,B,0,2,1927,False,0,0,0,0,0
Henry Willegale,/W/WillHe20.htm,B,0,1,1929,False,0,0,0,0,0
Joe Williams,/W/WillJo20.htm,B,0,3,1939,False,0,0,0,0,0
Pop Williams,/W/WillPo20.htm,B,0,5,1932,False,0,0,0,0,0
Ted Williams,/W/WillTe20.htm,B,0,3,1944,False,0,0,0,0,0
George Wilson,/W/WilsGe21.htm,B,0,1,1929,False,0,0,0,0,0
Ben Winkelman,/W/WinkBe20.htm,B-E,0,3,1924,False,0,0,0,0,0
Dick Wolf,/W/WolfDi20.htm,B,0,5,1927,False,0,0,0,0,0
Lee Woodruff,/W/WoodLe20.htm,B,0,3,1933,False,0,0,0,0,0
Hoge Workman,/W/WorkHo20.htm,B,0,9,1932,False,0,0,0,0,0
John Wright,/W/WrigJo20.htm,B,0,1,1947,False,0,0,0,0,0
Doug Wycoff,/W/WycoDo20.htm,B,0,8,1934,False,0,0,0,0,0
Al Young,/Y/YounAl20.htm,B,0,1,1926,False,0,0,0,0,0
Silvio Zaninelli,/Z/ZaniSi20.htm,B,0,4,1937,False,0,0,0,0,0
Paul Ziegler,/Z/ZiegPa20.htm,B,0,1,1922,False,0,0,0,0,0
Lou Zontini,/Z/ZontLo20.htm,B,0,7,1946,False,0,0,0,0,0
