Name,URL,Position,HallOfFame,TotalYears,LastYear,Active
Victor Abiamiri,/A/AbiaVi99.htm,DE,0,3,2009,False
John Abraham,/A/AbraJo00.htm,DE,0,15,2014,False
Gaines Adams,/A/AdamGa99.htm,DE,0,3,2009,False
Julius Adams,/A/AdamJu00.htm,DE-DT,0,17,1987,False
Sam Adams,/A/AdamSa00.htm,DT-DE,0,14,2007,False
Willie Adams,/A/AdamWi20.htm,DE-LB,0,2,1966,False
Verlin Adams,/A/AdamVe20.htm,DE-T-G-E-LB,0,3,1945,False
Abe Addams,/A/AddaAb20.htm,DE,0,1,1949,False
Victor Adeyanju,/A/AdeyVi20.htm,DE,0,4,2009,False
Bob Adkins,/A/AdkiBo20.htm,BB-DE-G-LB,0,6,1945,False
Mel Agee,/A/AgeeMe20.htm,DE-DT,0,5,1995,False
Ray Agnew,/A/AgneRa20.htm,DT-DE,0,11,2000,False
Chidi Ahanotu,/A/AhanCh20.htm,DE-DT,0,12,2004,False
C.J. Ah You,/A/AhYoC.00.htm,DE,0,3,2011,False
Ikaika Alama-Francis,/A/AlamIk99.htm,DE,0,5,2011,False
Allen Aldridge,/A/AldrAl20.htm,DE,0,4,1974,False
John Alderton,/A/AldeJo20.htm,DE,0,1,1953,False
Kevin Aldridge,/A/AldrKe20.htm,DE,0,1,2002,False
Lionel Aldridge,/A/AldrLi20.htm,DE,0,11,1973,False
Derrick Alexander,/A/AlexDe20.htm,DE,0,5,1999,False
Frank Alexander,/A/AlexFr00.htm,DE,0,3,2014,False
John Alexander,/A/AlexJo21.htm,DE,0,2,1978,False
Kevin Alexander,/A/AlexKe02.htm,LB-DE,0,1,2010,False
Dalva Allen,/A/AlleDa20.htm,DE,0,5,1964,False
Lyle Alzado,/A/AlzaLy00.htm,DE-DT,0,15,1985,False
Vincent Amey,/A/AmeyVi20.htm,DE,0,1,1998,False
Richard Amman,/A/AmmaRi20.htm,DE-DT,0,2,1973,False
Marty Amsler,/A/AmslMa20.htm,DE,0,4,1970,False
Antonio Anderson,/A/AndeAn22.htm,DT-DE,0,2,1998,False
Bruce Anderson,/A/AndeBr21.htm,DE-DT,0,5,1970,False
Bill Anderson,/A/AndeBi20.htm,DE,0,1,1945,False
Curtis Anderson,/A/AndeCu20.htm,DE-DT,0,1,1979,False
Charlie Anderson,/A/AndeCh20.htm,DE-E,0,1,1956,False
Dunstan Anderson,/A/AndeDu20.htm,DE,0,4,1997,False
Fred Anderson,/A/AndeFr20.htm,DE-DT,0,5,1982,False
Jamaal Anderson,/A/AndeJa98.htm,DE,0,6,2012,False
Mark Anderson,/A/AndeMa21.htm,DE,0,7,2012,False
John Andrews,/A/AndrJo20.htm,DE-DT,0,2,1976,False
George Andrie,/A/AndrGe00.htm,DE,0,11,1972,False
Houston Antwine,/A/AntwHo00.htm,DT-DE,0,12,1972,False
Scott Appleton,/A/ApplSc20.htm,DT-DE,0,5,1968,False
Hasson Arbubakrr,/A/ArbuHa20.htm,DE,0,2,1984,False
Lester Archambeau,/A/ArchLe20.htm,DE,0,11,2000,False
Troy Archer,/A/ArchTr20.htm,DT-DE,0,3,1978,False
Trace Armstrong,/A/ArmsTr00.htm,DE,0,15,2003,False
Brian Arnfelt,/A/ArnfBr00.htm,DE,0,1,2013,False
Bert Askson,/A/AsksBe20.htm,DE-TE,0,7,1977,False
Bill Atessis,/A/AtesBi20.htm,DE-DT,0,1,1971,False
Baraka Atkins,/A/AtkiBa99.htm,DE,0,2,2008,False
Doug Atkins,/A/AtkiDo00.htm,DE,1,17,1969,False
Jim Auer,/A/AuerJi20.htm,DE,0,1,1987,False
John Aveni,/A/AvenJo20.htm,K-DE,0,3,1961,False
Marvin Ayers,/A/AyerMa20.htm,DE,0,1,1987,False
Adrian Awasom,/A/AwasAd20.htm,DE,0,7,2011,False
Steve Baack,/B/BaacSt20.htm,NT-G-DE-DT,0,4,1987,False
Harry Babcock,/B/BabcHa00.htm,E-DE,0,3,1955,False
Marty Baccaglio,/B/BaccMa20.htm,DE,0,3,1970,False
Coy Bacon,/B/BacoCo00.htm,DE-DT,0,14,1981,False
Red Badgro,/B/BadgRe20.htm,E-DE,1,10,1936,False
Bill Bailey,/B/BailBi20.htm,E-DE,0,2,1941,False
David Bailey,/B/BailDa20.htm,DE,0,1,1990,False
Rodney Bailey,/B/BailRo21.htm,DE,0,7,2007,False
Jim Bailey,/B/BailJi21.htm,DT-DE,0,9,1978,False
Al Baker,/B/BakeAl00.htm,DE,0,13,1990,False
Jesse Baker,/B/BakeJe21.htm,DE,0,9,1987,False
John Baker,/B/BakeJo20.htm,DE-DT-T,0,11,1968,False
Johnny Baker,/B/BakeJo23.htm,LB-DE,0,5,1967,False
John Baker,/B/BakeJo22.htm,DE,0,1,1970,False
Ryan Baker,/B/BakeRy00.htm,DE,0,4,2012,False
Gary Baldinger,/B/BaldGa20.htm,DE-NT,0,7,1992,False
Burr Baldwin,/B/BaldBu20.htm,E-DE,0,3,1949,False
Don Baldwin,/B/BaldDo20.htm,DE,0,1,1987,False
Ervin Baldwin,/B/BaldEr99.htm,DE,0,1,2009,False
Keith Baldwin,/B/BaldKe20.htm,DE,0,7,1988,False
Dave Ball,/B/BallDa20.htm,DE,0,9,2012,False
Tom Baldwin,/B/BaldTo20.htm,NT-DT-DE,0,5,1988,False
John Banaszak,/B/BanaJo20.htm,DE-DT,0,7,1981,False
Jason Banks,/B/BankJa00.htm,DE,0,1,2009,False
Robert Banks,/B/BankRo20.htm,DE,0,3,1990,False
Michael Bankston,/B/BankMi21.htm,DE-NT-DT,0,9,2000,False
Bob Barber,/B/BarbBo20.htm,DE,0,4,1979,False
Kurt Barber,/B/BarbKu20.htm,LB-DE,0,4,1995,False
Roy Barker,/B/BarkRo20.htm,DE-DT,0,9,2000,False
Earnest Barnes,/B/BarnEa20.htm,DE,0,1,1983,False
Emery Barnes,/B/BarnEm20.htm,DE,0,1,1956,False
Lionel Barnes,/B/BarnLi20.htm,DE,0,6,2004,False
Mike Barnes,/B/BarnMi00.htm,DT-DE,0,9,1981,False
Walt Barnes,/B/BarnWa20.htm,DT-DE,0,6,1971,False
Bill Barnett,/B/BarnBi20.htm,DE,0,6,1985,False
Doug Barnett,/B/BarnDo20.htm,DE,0,6,1987,False
Oliver Barnett,/B/BarnOl20.htm,DE-DT,0,6,1995,False
Troy Barnett,/B/BarnTr20.htm,DE-DT,0,3,1996,False
Sebastian Barrie,/B/BarrSe20.htm,DE-DT,0,4,1995,False
Doug Bartlett,/B/BartDo20.htm,DT-DE,0,1,1988,False
Michael Basinger,/B/BasiMi20.htm,DE,0,1,1974,False
Ben Bass,/B/BassBe00.htm,DE,0,3,2014,False
Steve Baumgartner,/B/BaumSt20.htm,DE-LB,0,7,1979,False
Raymond Baylor,/B/BaylRa20.htm,DE,0,1,1974,False
Alyn Beals,/B/BealAl00.htm,E-DE,0,6,1951,False
Tom Beasley,/B/BeasTo20.htm,DE-DT,0,9,1986,False
Ken Beck,/B/BeckKe20.htm,DT-DE,0,2,1960,False
Tom Beckman,/B/BeckTo21.htm,DE,0,1,1972,False
Bob Beemer,/B/BeemBo20.htm,DE,0,1,1987,False
Ed Beinor,/B/BeinEd20.htm,T-DE,0,3,1942,False
Randy Beisler,/B/BeisRa20.htm,G-DT-DE-T,0,10,1975,False
Bill Belk,/B/BelkBi20.htm,DE-DT,0,7,1974,False
Bobby Bell,/B/BellBo00.htm,LB-DE,1,12,1974,False
Bob Bell,/B/BellBo20.htm,DT-DE,0,8,1978,False
Joe Bell,/B/BellJo20.htm,DE,0,1,1979,False
Mark Bell,/B/BellMa22.htm,DE,0,6,1984,False
Mike Bell,/B/BellMi20.htm,DE,0,13,1991,False
Brian Belway,/B/BelwBr20.htm,DE,0,1,1987,False
Barry Bennett,/B/BennBa20.htm,DT-DE,0,11,1988,False
Charles Bennett,/B/BennCh20.htm,DE,0,1,1987,False
Monte Bennett,/B/BennMo20.htm,NT-DE,0,7,1987,False
Tony Bennett,/B/BennTo21.htm,DE-LB,0,8,1997,False
Charles Benson,/B/BensCh20.htm,DE,0,5,1987,False
Jake Bequette,/B/BequJa00.htm,DE,0,3,2014,False
Ron Berger,/B/BergRo20.htm,DT-DE,0,4,1972,False
Bruce Bergey,/B/BergBr20.htm,DE,0,1,1971,False
Ed Berrang,/B/BerrEd20.htm,DE-E,0,4,1952,False
Bertrand Berry,/B/BerrBe99.htm,DE,0,13,2009,False
Royce Berry,/B/BerrRo20.htm,DE,0,8,1976,False
Marv Berschet,/B/BersMa20.htm,G-DE,0,2,1955,False
Larry Bethea,/B/BethLa20.htm,DT-DE,0,6,1983,False
Elvin Bethea,/B/BethEl00.htm,DE,1,16,1983,False
Doug Betters,/B/BettDo00.htm,DE,0,10,1987,False
Tom Bienemann,/B/BienTo20.htm,DE-E-LB,0,6,1956,False
Verlon Biggs,/B/BiggVe00.htm,DE,0,10,1974,False
Jack Bighead,/B/BighJa00.htm,DE-E,0,2,1955,False
Ron Billingsley,/B/BillRo20.htm,DT-DE,0,6,1972,False
Christo Bilukidi,/B/BiluCh00.htm,DE,0,3,2014,False
Dwight Bingham,/B/BingDw20.htm,DE,0,1,1987,False
Dan Birdwell,/B/BirdDa00.htm,DT-DE,0,8,1969,False
Richard Bishop,/B/BishRi20.htm,DE-NT,0,8,1983,False
James Black,/B/BlacJa21.htm,DE,0,1,1987,False
Dwaine Board,/B/BoarDw20.htm,DE,0,10,1988,False
Kenneth Boatright,/B/BoatKe00.htm,DE,0,1,2014,False
Kim Bokamper,/B/BokaKi00.htm,DE-LB,0,9,1985,False
Warren Bone,/B/BoneWa20.htm,DE,0,1,1987,False
Vaughn Booker,/B/BookVa20.htm,DE,0,9,2002,False
Dave Boone,/B/BoonDa20.htm,DE,0,1,1974,False
Dorian Boose,/B/BoosDo20.htm,DE,0,4,2001,False
Fred Borak,/B/BoraFr20.htm,DE,0,1,1938,False
Les Borden,/B/BordLe20.htm,E-DE,0,1,1935,False
Nate Borden,/B/BordNa20.htm,DE,0,8,1962,False
John Bosa,/B/BosaJo20.htm,DE,0,3,1989,False
Frank Bosch,/B/BoscFr20.htm,DT-DE,0,3,1970,False
Bruce Bosley,/B/BoslBr00.htm,C-G-DE,0,14,1969,False
McKinley Boston,/B/BostMc20.htm,DE-LB,0,2,1969,False
Jim Boudreaux,/B/BoudJi20.htm,T-DE,0,3,1968,False
Peter Boulware,/B/BoulPe00.htm,LB-DE,0,9,2005,False
David Bowens,/B/BoweDa20.htm,DE,0,12,2010,False
Andy Bowers,/B/BoweAn20.htm,DE,0,1,2001,False
Walt Bowyer,/B/BowyWa20.htm,DE,0,6,1988,False
Dennis Boyd,/B/BoydDe20.htm,DT-DE-T-C,0,6,1982,False
Greg Boyd,/B/BoydGr20.htm,DE,0,8,1984,False
Garland Boyette,/B/BoyeGa00.htm,LB-DE,0,11,1972,False
Ordell Braase,/B/BraaOr00.htm,DE,0,12,1968,False
Tony Brackens,/B/BracTo00.htm,DE,0,8,2003,False
M.L. Brackett,/B/BracM.20.htm,DE-DT-LB,0,3,1958,False
Byron Braggs,/B/BragBy20.htm,DE,0,4,1984,False
Mel Branch,/B/BranMe00.htm,DE,0,9,1968,False
Michael Brandon,/B/BranMi20.htm,DE,0,4,1996,False
Robert Brannon,/B/BranRo20.htm,DE,0,1,1987,False
Chad Bratzke,/B/BratCh20.htm,DE,0,10,2003,False
Jack Bravyak,/B/BravJa20.htm,DE,0,1,1987,False
Tyler Brayton,/B/BrayTy20.htm,DE,0,9,2011,False
Jeep Brett,/B/BretJe20.htm,E-DE,0,2,1937,False
Johnny Brewer,/B/BrewJo00.htm,TE-LB-DE,0,10,1970,False
Bill Briggs,/B/BrigBi20.htm,DE,0,2,1967,False
Bob Briggs,/B/BrigBo20.htm,DE-DT,0,7,1974,False
Larry Brink,/B/BrinLa01.htm,DE-E,0,7,1954,False
Lester Brinkley,/B/BrinLe20.htm,DE,0,1,1990,False
Gene Brito,/B/BritGe00.htm,DE-E,0,10,1960,False
Matt Brock,/B/BrocMa20.htm,DE-DT,0,8,1996,False
Raheem Brock,/B/BrocRa20.htm,DE,0,10,2011,False
Mason Brodine,/B/BrodMa00.htm,DE,0,4,2014,False
Matt Broha,/B/BrohMa00.htm,DE,0,1,2012,False
Lorenzo Bromell,/B/BromLo20.htm,DE,0,7,2004,False
Kevin Brooks,/B/BrooKe20.htm,DT-DE,0,6,1990,False
Braylon Broughton,/B/BrouBr00.htm,DE,0,1,2012,False
Aaron Brown,/B/BrowAa20.htm,DE,0,9,1974,False
Alex Brown,/B/BrowAl20.htm,DE,0,9,2010,False
Chad Brown,/B/BrowCh20.htm,DE,0,3,1995,False
Courtney Brown,/B/BrowCo22.htm,DE,0,6,2005,False
Dan Brown,/B/BrowDa20.htm,DE,0,1,1950,False
Cyron Brown,/B/BrowCy20.htm,DE,0,2,1999,False
Dennis Brown,/B/BrowDe23.htm,DE,0,7,1996,False
Ernie Brown,/B/BrowEr23.htm,DE,0,1,1999,False
Everette Brown,/B/BrowEv99.htm,DE,0,6,2014,False
Greg Brown,/B/BrowGr20.htm,DE-DT,0,8,1988,False
Jonathan Brown,/B/BrowJo23.htm,DE,0,4,2001,False
Robert Brown,/B/BrowRo02.htm,DT-DE,0,11,1976,False
Robert Brown,/B/BrowRo20.htm,DE,0,11,1992,False
Rush Brown,/B/BrowRu22.htm,DT-NT-DE,0,4,1983,False
Thomas Brown,/B/BrowTh20.htm,DE-NT,0,4,1983,False
Titus Brown,/B/BrowTi20.htm,DE,0,4,2011,False
Tony Brown,/B/BrowTo25.htm,DE,0,7,2010,False
Keith Browner,/B/BrowKe01.htm,DE,0,3,2014,False
Ross Browner,/B/BrowRo24.htm,DE,0,10,1987,False
John Browning,/B/BrowJo24.htm,DT-DE,0,10,2005,False
Dave Browning,/B/BrowDa23.htm,DE,0,6,1983,False
Dick Brubaker,/B/BrubDi00.htm,E-DE,0,6,1960,False
Aundray Bruce,/B/BrucAu20.htm,LB-TE-DE,0,11,1998,False
Gail Bruce,/B/BrucGa20.htm,DE-E,0,4,1951,False
Mkristo Bruce,/B/BrucMk20.htm,DE,0,1,2008,False
Jack Brumfield,/B/BrumJa20.htm,DE,0,1,1954,False
Don Brumm,/B/BrumDo00.htm,DE,0,10,1972,False
Dewey Brundage,/B/BrunDe20.htm,DE,0,1,1954,False
Bill Brundige,/B/BrunBi20.htm,DT-DE,0,8,1977,False
Copeland Bryan,/B/BryaCo99.htm,DE,0,3,2009,False
Rick Bryan,/B/BryaRi20.htm,DE-DT-NT-LB,0,10,1993,False
Steve Bryan,/B/BryaSt20.htm,DE-NT-LB,0,2,1988,False
Junior Bryant,/B/BryaJu20.htm,DT-DE,0,6,2000,False
Jeff Bryant,/B/BryaJe20.htm,DE-DT,0,12,1993,False
Tony Bryant,/B/BryaTo20.htm,DE,0,7,2005,False
Mark Buben,/B/BubeMa20.htm,DE-NT,0,4,1982,False
Charles Buchanan,/B/BuchCh20.htm,DE,0,1,1988,False
Michael Buchanan,/B/BuchMi00.htm,DE,0,2,2014,False
Jason Buck,/B/BuckJa20.htm,DE-DT,0,7,1993,False
Brentson Buckner,/B/BuckBr20.htm,DT-DE-NT,0,12,2005,False
Bob Buczkowski,/B/BuczBo20.htm,DE,0,4,1990,False
Max Bumgardner,/B/BumgMa20.htm,DE,0,1,1948,False
Derrick Burgess,/B/BurgDe99.htm,DE-LB,0,10,2010,False
Tom Burke,/B/BurkTo20.htm,DE,0,4,2002,False
Gary Burley,/B/BurlGa20.htm,DE-DT,0,9,1984,False
Rob Burnett,/B/BurnRo00.htm,DE,0,14,2003,False
Victor Burnett,/B/BurnVi20.htm,DE,0,1,1987,False
Lem Burnham,/B/BurnLe21.htm,DE,0,3,1979,False
John Burrough,/B/BurrJo20.htm,DE-DT,0,8,2002,False
Al Burton,/B/BurtAl20.htm,DE,0,2,1977,False
Kendrick Burton,/B/BurtKe20.htm,DE,0,1,1996,False
Shane Burton,/B/BurtSh20.htm,DE-DT,0,8,2003,False
Sherrill Busby,/B/BusbSh20.htm,DE,0,1,1940,False
Mike Butler,/B/ButlMi20.htm,DE,0,9,1985,False
Dave Butz,/B/ButzDa00.htm,DT-DE,0,16,1988,False
Dennis Byrd,/B/ByrdDe20.htm,DE,0,1,1968,False
Dennis Byrd,/B/ByrdDe21.htm,DT-DE,0,4,1992,False
Richard Byrd,/B/ByrdRi20.htm,DE-NT,0,5,1989,False
John Cagle,/C/CaglJo20.htm,DE,0,1,1969,False
Dave Cahill,/C/CahiDa20.htm,DT-DE,0,4,1969,False
Jim Cain,/C/CainJi20.htm,DE-E,0,7,1955,False
Bryan Caldwell,/C/CaldBr21.htm,DE,0,1,1984,False
Mike Calhoun,/C/CalhMi20.htm,DT-DE,0,1,1980,False
Ernie Calloway,/C/CallEr20.htm,DT-DE,0,4,1972,False
Reggie Camp,/C/CampRe20.htm,DE,0,6,1988,False
Arnold Campbell,/C/CampAr20.htm,DE,0,1,1987,False
Carter Campbell,/C/CampCa20.htm,DE-LB,0,4,1973,False
Joe Campbell,/C/CampJo21.htm,DE-NT,0,5,1981,False
Joe Campbell,/C/CampJo22.htm,DE,0,2,1989,False
Marion Campbell,/C/CampMa01.htm,DE-DT-MG-G-T,0,8,1961,False
Whit Canale,/C/CanaWh20.htm,DE-DT,0,3,1968,False
John Cannon,/C/CannJo22.htm,DE-NT,0,9,1990,False
Joe Cardwell,/C/CardJo20.htm,T-DE,0,2,1938,False
Ron Carpenter,/C/CarpRo20.htm,DT-DE,0,7,1976,False
Reggie Carr,/C/CarrRe20.htm,DE,0,1,1987,False
Alphonso Carreker,/C/CarrAl20.htm,DE,0,8,1991,False
Adam Carriker,/C/CarrAd99.htm,DE,0,6,2012,False
Paul Carrington,/C/CarrPa21.htm,DE,0,1,2006,False
Herman Carroll,/C/CarrHe21.htm,DE,0,1,1994,False
Leo Carroll,/C/CarrLe21.htm,DE,0,3,1970,False
Alex Carter,/C/CartAl20.htm,DE,0,1,1987,False
Andre Carter,/C/CartAn20.htm,DE-LB,0,13,2013,False
Kevin Carter,/C/CartKe00.htm,DE-DT,0,14,2008,False
Walter Carter,/C/CartWa20.htm,DE,0,1,1987,False
Shante Carver,/C/CarvSh20.htm,DE,0,4,1997,False
Frank Case,/C/CaseFr20.htm,DE,0,1,1981,False
John Cash,/C/CashJo20.htm,DE,0,2,1962,False
Rick Cash,/C/CashRi20.htm,DE-DT,0,6,1973,False
Luis Castillo,/C/CastLu20.htm,DE-DT,0,7,2011,False
Carmen Cavalli,/C/CavaCa20.htm,DE,0,1,1960,False
Jacques Cesaire,/C/CesaJa20.htm,DE-DT,0,9,2011,False
Mike Chalenski,/C/ChalMi20.htm,DE-DT,0,6,1998,False
Wally Chambers,/C/ChamWa00.htm,DT-DE,0,7,1979,False
Ted Chapman,/C/ChapTe20.htm,DE,0,1,1987,False
Mike Charles,/C/CharMi20.htm,NT-DE-DT,0,9,1991,False
Jeff Charleston,/C/CharJe99.htm,DE,0,5,2011,False
Barney Chavous,/C/ChavBa20.htm,DE-DT,0,13,1985,False
John Chick,/C/ChicJo00.htm,DE,0,2,2012,False
Tony Chickillo,/C/ChicTo20.htm,NT-DE-G,0,4,1987,False
Ray Childress,/C/ChilRa00.htm,DT-DE,0,12,1996,False
Steve Chomyszak,/C/ChomSt20.htm,DT-DE,0,8,1973,False
Jason Chorak,/C/ChorJa20.htm,DE,0,1,1998,False
Erik Christensen,/C/ChriEr20.htm,DE,0,1,1956,False
Sam Clancy,/C/ClanSa20.htm,DE-DT,0,11,1993,False
Bruce Clark,/C/ClarBr23.htm,DE-DT,0,8,1989,False
Monte Clark,/C/ClarMo20.htm,T-DT-DE,0,11,1969,False
Mike Clark,/C/ClarMi21.htm,DE,0,7,1987,False
Steve Clark,/C/ClarSt21.htm,DE,0,1,1981,False
Bob Clasby,/C/ClasBo20.htm,DT-DE,0,5,1990,False
Shannon Clavelle,/C/ClavSh20.htm,DE,0,3,1997,False
Felipe Claybrooks,/C/ClayFe20.htm,DE,0,3,2003,False
Paul Cleary,/C/CleaPa20.htm,E-DE,0,2,1949,False
Duane Clemons,/C/ClemDu20.htm,DE,0,10,2005,False
Nic Clemons,/C/ClemNi20.htm,DE,0,4,2008,False
Jackie Cline,/C/ClinJa20.htm,DE-NT,0,4,1990,False
Tony Cline,/C/ClinTo20.htm,DE,0,8,1977,False
Robert Cobb,/C/CobbRo20.htm,DE,0,4,1984,False
Earl Cochran,/C/CochEa20.htm,DE,0,3,2008,False
Antonio Cochran,/C/CochAn20.htm,DE,0,7,2005,False
Gene Cockrell,/C/CockGe20.htm,T-DE,0,3,1962,False
Mike Cofer,/C/CofeMi00.htm,LB-DE,0,10,1992,False
Daniel Colchico,/C/ColcDa20.htm,DE,0,10,1969,False
Larry Cole,/C/ColeLa20.htm,DE-DT,0,13,1980,False
Robin Cole,/C/ColeRo01.htm,LB-DE,0,12,1988,False
Antonio Coleman,/C/ColeAn01.htm,DE,0,2,2011,False
Dan Coleman,/C/ColeDa20.htm,DE,0,1,1987,False
Kenyon Coleman,/C/ColeKe20.htm,DE,0,11,2012,False
Marco Coleman,/C/ColeMa00.htm,DE-LB,0,14,2005,False
Steve Coleman,/C/ColeSt20.htm,DE,0,1,1974,False
Stalin Colinet,/C/ColiSt20.htm,DT-DE,0,6,2002,False
Glen Collins,/C/CollGl20.htm,DE,0,6,1987,False
Paul Collins,/C/CollPa21.htm,E-DE,0,4,1935,False
Shane Collins,/C/CollSh20.htm,DE,0,3,1994,False
Ferric Collons,/C/CollFe20.htm,DE,0,5,1999,False
Jim Colvin,/C/ColvJi20.htm,DT-DE-G,0,8,1967,False
Chris Combs,/C/CombCh21.htm,DE,0,3,2002,False
Marty Comer,/C/ComeMa20.htm,DE-E,0,3,1948,False
Glen Condren,/C/CondGl20.htm,DT-DE,0,8,1972,False
Mel Conger,/C/CongMe20.htm,DE-E,0,2,1947,False
Bill Conkright,/C/ConkBi20.htm,C-LB-E-DE,0,8,1944,False
Sean Conover,/C/ConoSe20.htm,DE,0,2,2007,False
Anthony Cook,/C/CookAn20.htm,DE-DT,0,5,1999,False
Charles Cook,/C/CookCh20.htm,DE,0,1,1983,False
Fred Cook,/C/CookFr20.htm,DE,0,7,1980,False
Bill Cooke,/C/CookBi20.htm,DT-DE-T,0,6,1980,False
Ed Cooke,/C/CookEd00.htm,DE-LB,0,10,1967,False
Rayford Cooks,/C/CookRa21.htm,DE,0,1,1987,False
Chris Cooper,/C/CoopCh20.htm,DT-DE,0,7,2007,False
Josh Cooper,/C/CoopJo20.htm,DE,0,4,2007,False
Thurlow Cooper,/C/CoopTh00.htm,TE-DE,0,3,1962,False
John Copeland,/C/CopeJo20.htm,DE-DT-NT,0,8,2000,False
Lou Cordileone,/C/CordLo20.htm,DT-DE-G,0,9,1968,False
Jorge Cordova,/C/CordJo20.htm,LB-DE,0,2,2007,False
Dave Costa,/C/CostDa00.htm,DT-DE,0,12,1974,False
Joe Costello,/C/CostJo20.htm,DE,0,4,1989,False
Les Cowan,/C/CowaLe20.htm,DT-DE,0,1,1951,False
Al Cowlings,/C/CowlAl20.htm,DE-DT-LB,0,10,1979,False
Billy Cox,/C/CoxxBi20.htm,DE-DB-HB-E,0,5,1955,False
Shawn Crable,/C/CrabSh99.htm,DE,0,1,2010,False
Mike Crangle,/C/CranMi20.htm,DE,0,1,1972,False
Fred Crawford,/C/CrawFr20.htm,E-DE-T,0,1,1935,False
Ted Cremer,/C/CremTe20.htm,E-DE,0,3,1948,False
Smiley Creswell,/C/CresSm20.htm,DE,0,1,1985,False
Ron Crews,/C/CrewRo20.htm,NT-DE,0,1,1980,False
James Cribbs,/C/CribJa20.htm,DE,0,1,1989,False
Kirby Criswell,/C/CrisKi20.htm,LB-DE,0,2,1981,False
Mike Croel,/C/CroeMi20.htm,LB-DE,0,8,1998,False
Gene Cronin,/C/CronGe20.htm,DE-LB-G,0,7,1962,False
Cleveland Crosby,/C/CrosCl20.htm,DE,0,1,1982,False
Jeff Cross,/C/CrosJe00.htm,DE,0,8,1995,False
Randy Crowder,/C/CrowRa20.htm,DT-NT-DE,0,7,1980,False
Tim Crowder,/C/CrowTi99.htm,DE,0,5,2011,False
Bob Crum,/C/CrumBo20.htm,DE,0,1,1974,False
George Crump,/C/CrumGe20.htm,DE,0,1,1982,False
Willie Cullars,/C/CullWi20.htm,DE,0,1,1974,False
Kenwin Cummings,/C/CummKe20.htm,DE,0,2,2010,False
Eric Curry,/C/CurrEr20.htm,DE,0,7,1999,False
Shane Curry,/C/CurrSh20.htm,DE,0,1,1991,False
Gary Cutsinger,/C/CutsGa20.htm,DE,0,7,1968,False
Ted Daffer,/D/DaffTe20.htm,DE,0,1,1954,False
Roland Dale,/D/DaleRo20.htm,DE,0,1,1950,False
Bill Danenhauer,/D/DaneBi20.htm,DE,0,1,1960,False
Phillip Daniels,/D/DaniPh20.htm,DE,0,15,2010,False
Byron Darby,/D/DarbBy20.htm,DE-NT,0,7,1989,False
Phil Darns,/D/DarnPh20.htm,DE,0,1,1984,False
Don Davey,/D/DaveDo20.htm,DT-DE,0,7,1997,False
Ben Davidson,/D/DaviBe00.htm,DE-DT,0,11,1971,False
Kenny Davidson,/D/DaviKe20.htm,DE,0,7,1996,False
Bob Davis,/D/DaviBo22.htm,E-DE,0,5,1950,False
Chauncey Davis,/D/DaviCh22.htm,DE,0,7,2011,False
Darrell Davis,/D/DaviDa20.htm,DE,0,2,1991,False
Dick Davis,/D/DaviDi20.htm,DE,0,1,1962,False
Dorsett Davis,/D/DaviDo23.htm,DE-DT,0,1,2003,False
Hall Davis,/D/DaviHa21.htm,DE,0,3,2012,False
Jim Davis,/D/DaviJi20.htm,DE,0,1,2005,False
Joe Davis,/D/DaviJo21.htm,E-DE,0,1,1946,False
Lamar Davis,/D/DaviLa20.htm,E-DE,0,4,1949,False
Marvin Davis,/D/DaviMa20.htm,DE,0,1,1966,False
Nathan Davis,/D/DaviNa20.htm,DE,0,3,1999,False
Reuben Davis,/D/DaviRe21.htm,DE-DT,0,9,1996,False
Rosey Davis,/D/DaviRo25.htm,DE,0,3,1967,False
Russell Davis,/D/DaviRu20.htm,DT-DE,0,9,2007,False
Scott Davis,/D/DaviSc20.htm,DT-DE-LB,0,7,1994,False
Van Davis,/D/DaviVa20.htm,DE-E,0,3,1949,False
Will Davis,/D/DaviWi99.htm,DE,0,2,2010,False
Willie Davis,/D/DaviWi01.htm,DE-DT,1,12,1969,False
Tommy Dawkins,/D/DawkTo20.htm,DE,0,1,1987,False
Bill Dawson,/D/DawsBi20.htm,TE-DE,0,1,1965,False
Keyunta Dawson,/D/DawsKe99.htm,DE,0,7,2013,False
Mike Dawson,/D/DawsMi20.htm,DT-NT-DE,0,9,1984,False
Terry Day,/D/DayxTe20.htm,DE,0,1,1997,False
Tom Day,/D/DayxTo00.htm,DE-G-DT-T,0,9,1968,False
Fred Dean,/D/DeanFr00.htm,DE,1,11,1985,False
Jimmy Dean,/D/DeanJi20.htm,DE,0,1,1978,False
Fred DeBernardi,/D/DeBeFr20.htm,DE,0,1,1974,False
Bob Dee,/D/DeexBo00.htm,DE-DT,0,11,1967,False
Ralph DeLoach,/D/DeLoRa20.htm,DE,0,1,1981,False
Jerry DeLoach,/D/DeLoJe20.htm,DE,0,5,2005,False
Steve DeLong,/D/DeLoSt00.htm,DE-DT,0,8,1972,False
George Demko,/D/DemkGe20.htm,DE,0,1,1961,False
Vern Den Herder,/D/DenHVe20.htm,DE-NT,0,12,1982,False
Ryan Denney,/D/DennRy20.htm,DE,0,9,2010,False
Richard Dent,/D/DentRi00.htm,DE,1,15,1997,False
Bob Denton,/D/DentBo20.htm,DE-T,0,5,1964,False
Jared DeVries,/D/DeVrJa20.htm,DE,0,10,2008,False
Emmanuel Dieke,/D/DiekEm00.htm,DE,0,1,2014,False
Adrian Dingle,/D/DingAd20.htm,DE,0,5,2004,False
Terry Dion,/D/DionTe20.htm,DE,0,1,1980,False
Marcus Dixon,/D/DixoMa00.htm,DE,0,3,2012,False
Phil Dokes,/D/DokePh20.htm,DT-DE,0,2,1978,False
Chris Doleman,/D/DoleCh00.htm,DE-LB,1,15,1999,False
Ben Donnell,/D/DonnBe20.htm,DE,0,1,1960,False
Jim Doran,/D/DoraJi00.htm,E-DE,0,11,1961,False
Andy Dorris,/D/DorrAn20.htm,DE,0,9,1981,False
Dale Dorning,/D/DornDa20.htm,DE,0,1,1987,False
Eric Dorsey,/D/DorsEr20.htm,DE,0,7,1992,False
Reggie Doss,/D/DossRe20.htm,DE-DT,0,10,1987,False
Santana Dotson,/D/DotsSa20.htm,DT-DE,0,10,2001,False
Hugh Douglas,/D/DougHu00.htm,DE,0,10,2004,False
Marques Douglas,/D/DougMa20.htm,DE,0,11,2010,False
Bob Dove,/D/DoveBo00.htm,DE-E,0,9,1954,False
Wes Dove,/D/DoveWe20.htm,DE,0,1,1987,False
Jerry Drake,/D/DrakJe20.htm,DT-DE,0,5,1999,False
Shane Dronett,/D/DronSh20.htm,DT-DE,0,10,2001,False
Fred Dryer,/D/DryeFr00.htm,DE,0,13,1981,False
Mark Duckens,/D/DuckMa20.htm,DE-DT,0,4,1992,False
Dick Duden,/D/DudeDi20.htm,DE-E,0,1,1949,False
Jamal Duff,/D/DuffJa20.htm,DE-DT,0,4,1998,False
Jack Dugger,/D/DuggJa20.htm,T-DE,0,4,1949,False
A.J. Duhe,/D/DuheA.00.htm,LB-DE,0,8,1984,False
Gary Dulin,/D/DuliGa20.htm,DE-DT,0,2,1987,False
Jon Dumbauld,/D/DumbJo20.htm,DE,0,3,1988,False
Karl Dunbar,/D/DunbKa20.htm,DE,0,3,1995,False
Jim Duncan,/D/DuncJi20.htm,DE,0,4,1953,False
Anthony Dunn,/D/DunnAn20.htm,DE,0,1,2003,False
Gary Dunn,/D/DunnGa20.htm,NT-DT-DE,0,12,1987,False
Pete Duranko,/D/DuraPe20.htm,DE-DT,0,8,1974,False
Steve Durham,/D/DurhSt20.htm,DE,0,1,1982,False
John Dutton,/D/DuttJo00.htm,DT-DE,0,14,1987,False
Rick Dvorak,/D/DvorRi20.htm,DT-DE,0,4,1977,False
Blaine Earon,/E/EaroBl20.htm,DE,0,2,1953,False
Ron East,/E/EastRo20.htm,DT-DE,0,11,1977,False
Antonio Edwards,/E/EdwaAn20.htm,DE,0,7,1999,False
Dennis Edwards,/E/EdwaDe20.htm,DE,0,1,1987,False
Earl Edwards,/E/EdwaEa20.htm,DT-DE,0,11,1979,False
Eddie Edwards,/E/EdwaEd20.htm,DE-DT,0,12,1988,False
Kalimba Edwards,/E/EdwaKa20.htm,DE,0,7,2008,False
Ray Edwards,/E/EdwaRa21.htm,DE,0,7,2012,False
Randy Edwards,/E/EdwaRa20.htm,DE-NT,0,4,1987,False
Vernon Edwards,/E/EdwaVe20.htm,DE,0,1,1996,False
Pannel Egboh,/E/EgboPa00.htm,DE,0,1,2012,False
Chuck Ehin,/E/EhinCh20.htm,NT-DE-LB,0,5,1987,False
Larry Eisenhauer,/E/EiseLa00.htm,DE,0,9,1969,False
Ebenezer Ekuban,/E/EkubEb20.htm,DE,0,10,2008,False
Cleveland Elam,/E/ElamCl00.htm,DT-DE,0,5,1979,False
Carl Eller,/E/ElleCa00.htm,DE,1,16,1979,False
Carl Elliott,/E/ElliCa20.htm,DE-E,0,4,1954,False
John Elliott,/E/ElliJo00.htm,DT-DE,0,7,1973,False
Chris Ellis,/E/ElliCh99.htm,DE,0,3,2010,False
Greg Ellis,/E/ElliGr20.htm,DE,0,12,2009,False
Shaun Ellis,/E/ElliSh00.htm,DE,0,12,2011,False
Luther Elliss,/E/ElliLu00.htm,DT-DE,0,10,2004,False
Neil Elshire,/E/ElshNe20.htm,DE,0,6,1986,False
Keith Embray,/E/EmbrKe20.htm,DE,0,1,2000,False
Steve Emtman,/E/EmtmSt20.htm,DE-DT,0,6,1997,False
Al Endress,/E/EndrAl20.htm,DE-E,0,1,1952,False
John Engelberger,/E/EngeJo20.htm,DE,0,9,2008,False
Eric England,/E/EnglEr20.htm,DE,0,3,1996,False
Larry English,/E/EnglLa99.htm,DE,0,6,2014,False
Larry Estes,/E/EsteLa20.htm,DE,0,7,1976,False
Bob Evans,/E/EvanBo20.htm,DE,0,1,1965,False
Demetric Evans,/E/EvanDe20.htm,DE,0,10,2010,False
Donald Evans,/E/EvanDo20.htm,DE-DT,0,9,1995,False
Leon Evans,/E/EvanLe21.htm,DE,0,2,1986,False
Mike Evans,/E/EvanMi21.htm,DT-DE,0,1,1992,False
Scott Evans,/E/EvanSc20.htm,DE,0,1,1991,False
Dick Evey,/E/EveyDi20.htm,DT-DE-G,0,8,1971,False
Kevin Fagan,/F/FagaKe20.htm,DE,0,7,1993,False
Don Fairbanks,/F/FairDo20.htm,DE,0,1,1987,False
Earl Faison,/F/FaisEa00.htm,DE,0,6,1966,False
Jonathan Fanene,/F/FaneJo20.htm,DE,0,7,2011,False
Mike Fanning,/F/FannMi20.htm,DT-DE-NT,0,10,1984,False
Stan Fanning,/F/FannSt20.htm,T-DE-DT,0,5,1964,False
Mike Fanucci,/F/FanuMi20.htm,DE,0,3,1974,False
Jeff Faulkner,/F/FaulJe20.htm,DE-DT,0,10,1996,False
Ta'ase Faumui,/F/FaumTa20.htm,DE,0,2,1995,False
Wilson Faumuina,/F/FaumWi20.htm,DT-DE-NT,0,5,1981,False
Ron Faurot,/F/FaurRo20.htm,DE-DT,0,2,1985,False
Hal Faverty,/F/FaveHa20.htm,LB-DE-C,0,1,1952,False
Greg Favors,/F/FavoGr20.htm,LB-DE,0,8,2005,False
Willie Fears,/F/FearWi20.htm,DE,0,4,1990,False
Tom Feamster,/F/FeamTo20.htm,T-DE,0,1,1956,False
Keith Ferguson,/F/FergKe20.htm,DE,0,10,1990,False
Ron Fernandes,/F/FernRo20.htm,DE-DT,0,4,1979,False
Jack Ferrante,/F/FerrJa20.htm,E-DE,0,10,1950,False
Frank Ferrara,/F/FerrFr20.htm,DE,0,3,2003,False
Manny Fernandez,/F/FernMa20.htm,DT-DE,0,8,1975,False
Don Fielder,/F/FielDo21.htm,DE,0,1,1985,False
Aaron Fields,/F/FielAa20.htm,DE,0,1,2000,False
Edgar Fields,/F/FielEd20.htm,DT-DE,0,5,1981,False
George Fields,/F/FielGe20.htm,DT-DE,0,2,1961,False
Greg Fields,/F/FielGr20.htm,DE,0,2,1980,False
Matt Finkes,/F/FinkMi21.htm,DE,0,1,1997,False
Gary Finneran,/F/FinnGa20.htm,DE-DT,0,2,1961,False
Ed Fiorentino,/F/FiorEd20.htm,DE,0,1,1947,False
Bryce Fisher,/F/FishBr20.htm,DE,0,7,2007,False
Ed Fisher,/F/FishEd20.htm,G-C-DE,0,9,1982,False
Bill Fisk,/F/FiskBi20.htm,E-DE,0,9,1948,False
Greg Fitzgerald,/F/FitzGr20.htm,DE,0,1,1987,False
Ray Flaherty,/F/FlahRa20.htm,E-DE,1,9,1935,False
Ronald Flemons,/F/FlemRo20.htm,DE,0,4,2004,False
Dane Fletcher,/F/FletDa00.htm,DE,0,5,2014,False
Simon Fletcher,/F/FletSi20.htm,LB-DE,0,11,1995,False
Mike Flores,/F/FlorMi20.htm,DE,0,5,1995,False
Erik Flowers,/F/FlowEr20.htm,DE-LB,0,5,2004,False
Don Floyd,/F/FloyDo00.htm,DE,0,8,1967,False
Mark Flythe,/F/FlytMa20.htm,DE,0,1,1993,False
Lee Folkins,/F/FolkLe00.htm,TE-DE,0,5,1965,False
Albert Fontenot,/F/FontAl20.htm,DE-DT,0,9,2001,False
Dan Footman,/F/FootDa20.htm,DE-DT-NT,0,6,1998,False
Henry Ford,/F/FordHe21.htm,DT-DE,0,10,2003,False
Len Ford,/F/FordLe00.htm,DE-E,1,11,1958,False
Elliott Fortune,/F/FortEl20.htm,DE,0,1,1996,False
Glenn Foster,/F/FostGl00.htm,DE,0,2,2014,False
Jerome Foster,/F/FostJe20.htm,DE-DT,0,5,1987,False
Jamal Fountaine,/F/FounJa20.htm,DE,0,3,1997,False
Mike Fox,/F/FoxxMi20.htm,DE-DT-NT,0,9,1998,False
Jethro Franklin,/F/FranJe22.htm,DE,0,1,1989,False
Elvis Franks,/F/FranEl20.htm,DE,0,7,1986,False
Paul Frase,/F/FrasPa20.htm,DE-DT-NT,0,11,1998,False
Simon Fraser,/F/FrasSi20.htm,DE-DT,0,4,2008,False
Mike Frederick,/F/FredMi20.htm,DE,0,5,1999,False
Eddie Freeman,/F/FreeEd20.htm,DE,0,2,2003,False
Dick Frey,/F/FreyDi20.htm,DE,0,2,1961,False
Mike Frier,/F/FrieMi20.htm,DE,0,3,1994,False
Byron Frisch,/F/FrisBy20.htm,DE,0,2,2002,False
Tim Fugger,/F/FuggTi00.htm,DE,0,1,2012,False
Frank Fuller,/F/FullFr20.htm,DT-T-G-C-DE,0,11,1963,False
William Fuller,/F/FullWi00.htm,DE,0,13,1998,False
Steve Furness,/F/FurnSt20.htm,DT-DE,0,10,1981,False
Thomas Fussell,/F/FussTh20.htm,DE,0,1,1967,False
Bob Gain,/G/GainBo00.htm,DT-DE-MG-T,0,13,1964,False
Wendall Gaines,/G/GainWe20.htm,TE-DE,0,1,1995,False
Charlie Gainor,/G/GainCh21.htm,DE,0,1,1939,False
Ed Galigher,/G/GaliEd20.htm,DT-DE,0,7,1978,False
Dave Gallagher,/G/GallDa20.htm,DE-DT,0,6,1979,False
David Galloway,/G/GallDa21.htm,DT-DE-NT,0,9,1990,False
Sonny Gandee,/G/GandSo20.htm,LB-DE,0,5,1956,False
Mike Gann,/G/GannMi20.htm,DE,0,9,1993,False
Chris Gannon,/G/GannCh20.htm,DE-TE,0,5,1993,False
Milt Gantenbein,/G/GantMi20.htm,E-DE,0,10,1940,False
Mark Garalczyk,/G/GaraMa20.htm,DT-DE,0,2,1988,False
Antonio Garay,/G/GaraAn20.htm,DE,0,10,2012,False
Tony Garbarczyk,/G/GarbTo20.htm,DE,0,1,1987,False
Jim Garcia,/G/GarcJi20.htm,DE-DT,0,4,1968,False
Ben Gardner,/G/GardBe00.htm,DE,0,1,2014,False
Donnie Gardner,/G/GardDo20.htm,DE,0,1,1991,False
Scott Garnett,/G/GarnSc20.htm,NT-DE,0,4,1987,False
Curtis Garrett,/G/GarrCu20.htm,DE,0,1,1987,False
Keith Gary,/G/GaryKe20.htm,DE,0,6,1988,False
Mark Gastineau,/G/GastMa00.htm,DE,0,10,1988,False
Curtis Gatewood,/G/GateCu00.htm,DE,0,3,2010,False
Chuck Gavin,/G/GaviCh20.htm,DE,0,4,1963,False
Blenda Gay,/G/GayxBl20.htm,DE,0,3,1976,False
William Gay,/G/GayxWi20.htm,DE-DT-TE,0,11,1988,False
Akbar Gbaja-Biamila,/G/GbajAk20.htm,DE,0,5,2007,False
Kabeer Gbaja-Biamila,/G/GbajKa20.htm,DE,0,9,2008,False
Ron Geater,/G/GeatRo20.htm,DE,0,1,1992,False
Clifton Geathers,/G/GeatCl99.htm,DE,0,5,2014,False
Jumpy Geathers,/G/GeatJu20.htm,DE-DT,0,13,1996,False
Robert Geathers,/G/GeatRo21.htm,DE,0,11,2014,False
Gorham Getchell,/G/GetcGo20.htm,E-DE,0,1,1947,False
Vernon Gholston,/G/GholVe99.htm,DE,0,3,2010,False
Alec Gibson,/G/GibsAl20.htm,DE,0,1,1987,False
Gary Gibson,/G/GibsGa99.htm,DT-DE,0,7,2013,False
Paul Gibson,/G/GibsPa20.htm,E-QB-DB-DE,0,3,1949,False
Tom Gibson,/G/GibsTo20.htm,DE-DT,0,3,1991,False
Freddie Gilbert,/G/GilbFr20.htm,DE,0,4,1989,False
Sean Gilbert,/G/GilbSe00.htm,DT-DE,0,12,2003,False
Horace Gillom,/G/GillHo00.htm,E-DE,0,10,1956,False
Bill Glass,/G/GlasBi00.htm,DE-C-T,0,11,1968,False
Junior Glymph,/G/GlymJu20.htm,DE,0,3,2006,False
Art Gob,/G/GobxAr20.htm,DE,0,2,1960,False
Chris Gocong,/G/GocoCh99.htm,DE,0,6,2012,False
Jonathan Goddard,/G/GoddJo20.htm,DE,0,1,2005,False
Chris Godfrey,/G/GodfCh20.htm,G-T-DE-DT,0,9,1988,False
Robert Goff,/G/GoffRo20.htm,DE-DT-NT,0,9,1996,False
Bob Golic,/G/GoliBo00.htm,NT-DT-LB-DE,0,14,1992,False
Mike Golic,/G/GoliMi20.htm,DT-NT-DE,0,8,1993,False
Rick Goltz,/G/GoltRi20.htm,DE,0,1,1987,False
John Gonzaga,/G/GonzJo20.htm,T-G-DE-DT,0,11,1966,False
John Goodman,/G/GoodJo21.htm,DE-DT-NT,0,5,1985,False
Gene Gossage,/G/GossGe20.htm,DE-DT-G,0,3,1962,False
David Graham,/G/GrahDa21.htm,DE-NT,0,6,1987,False
Charles Grant,/G/GranCh21.htm,DE,0,8,2009,False
Bud Grant,/G/GranBu00.htm,E-DE,1,2,1952,False
David Grant,/G/GranDa21.htm,DE-NT,0,6,1993,False
DeLawrence Grant,/G/GranDe20.htm,DE-LB,0,5,2005,False
John Grant,/G/GranJo21.htm,DT-DE-NT,0,7,1979,False
Wes Grant,/G/GranWe20.htm,DE-DT,0,3,1973,False
Cecil Gray,/G/GrayCe20.htm,DE-T,0,6,1995,False
Brandon Green,/G/GreeBr20.htm,DE,0,3,2006,False
Curtis Green,/G/GreeCu20.htm,DE-DT-NT,0,9,1989,False
Jacob Green,/G/GreeJa01.htm,DE,0,13,1992,False
Jamaal Green,/G/GreeJa20.htm,DE,0,2,2005,False
Jarvis Green,/G/GreeJa21.htm,DE,0,8,2009,False
John Green,/G/GreeJo01.htm,DE-E,0,5,1951,False
Tim Green,/G/GreeTi20.htm,LB-DE,0,8,1993,False
Kevin Greene,/G/GreeKe00.htm,LB-DE,1,15,1999,False
L.C. Greenwood,/G/GreeL.00.htm,DE,0,13,1981,False
Curtis Greer,/G/GreeCu21.htm,DE,0,8,1987,False
Bill Gregory,/G/GregBi20.htm,DE-DT,0,10,1980,False
Jack Gregory,/G/GregJa00.htm,DE,0,13,1979,False
Keith Grennan,/G/GrenKe00.htm,DE,0,1,2008,False
Rosey Grier,/G/GrieRo00.htm,DT-DE,0,12,1966,False
Jim Griffin,/G/GrifJi20.htm,DE,0,3,1968,False
Leonard Griffin,/G/GrifLe20.htm,DE-NT,0,8,1993,False
David Griggs,/G/GrigDa20.htm,LB-DE,0,6,1994,False
Otis Grigsby,/G/GrigOt99.htm,DE,0,2,2008,False
Phil Grimes,/G/GrimPh20.htm,DE,0,1,1987,False
Reggie Grimes,/G/GrimRe20.htm,DE,0,1,2000,False
Elois Grooms,/G/GrooEl20.htm,DE-DT,0,13,1987,False
Burt Grossman,/G/GrosBu20.htm,DE,0,6,1994,False
Rusty Guilbeau,/G/GuilRu20.htm,LB-DE,0,6,1987,False
Greyson Gunheim,/G/GunhGr00.htm,DE,0,1,2008,False
Mark Gunn,/G/GunnMa20.htm,DT-DE,0,6,1996,False
Riley Gunnels,/G/GunnRi20.htm,DT-DE,0,7,1966,False
Harry Gunner,/G/GunnHa20.htm,DE,0,3,1970,False
John Guzik,/G/GuziJo21.htm,NT-DE,0,1,1987,False
Barney Hafen,/H/HafeBa20.htm,DE-E,0,2,1950,False
Halvor Hagen,/H/HageHa20.htm,G-DE-T-C,0,7,1975,False
Carl Hairston,/H/HairCa20.htm,DE-DT-LB,0,15,1990,False
John Haines,/H/HainJo20.htm,NT-DE-DT,0,3,1986,False
Dave Hale,/H/HaleDa20.htm,DT-DE,0,5,1973,False
Charles Haley,/H/HaleCh00.htm,DE-LB,1,14,1999,False
Carlos Hall,/H/HallCa20.htm,DE,0,4,2005,False
James Hall,/H/HallJa21.htm,DE,0,12,2011,False
John Hall,/H/HallJo20.htm,DE,0,1,1955,False
Mark Hall,/H/HallMa20.htm,DE,0,2,1990,False
Travis Hall,/H/HallTr20.htm,DT-DE,0,11,2005,False
Derrick Ham,/H/HamxDe20.htm,DE,0,2,2001,False
Mike Hamby,/H/HambMi20.htm,DE,0,1,1986,False
Bobby Hamilton,/H/HamiBo20.htm,DE-DT,0,12,2007,False
Keith Hamilton,/H/HamiKe20.htm,DT-DE,0,12,2003,False
Ray Hamilton,/H/HamiRa21.htm,NT-DE,0,9,1981,False
Steve Hamilton,/H/HamiSt20.htm,DE-DT,0,4,1988,False
Uhuru Hamiter,/H/HamiUh20.htm,DE,0,3,2001,False
Bob Hamm,/H/HammBo20.htm,DE,0,5,1987,False
Mike Hammerstein,/H/HammMi20.htm,DE-NT,0,5,1990,False
Dan Hampton,/H/HampDa01.htm,DE-DT,1,12,1990,False
Jon Hand,/H/HandJo20.htm,DE,0,9,1994,False
Larry Hand,/H/HandLa20.htm,DE-DT,0,13,1977,False
Omari Hand,/H/HandOm20.htm,DE,0,1,2003,False
Charley Hannah,/H/HannCh20.htm,G-T-DE,0,12,1988,False
Craig Hanneman,/H/HannCr20.htm,DE-DT,0,4,1975,False
Carl Hansen,/H/HansCa20.htm,DE,0,1,1998,False
Phil Hansen,/H/HansPh20.htm,DE,0,11,2001,False
Bob Hantla,/H/HantBo20.htm,G-LB-DE,0,2,1955,False
Parys Haralson,/H/HaraPa20.htm,DE,0,9,2014,False
Cedric Harden,/H/HardCe20.htm,DE,0,1,1999,False
Cedrick Hardman,/H/HardCe00.htm,DE,0,12,1981,False
Dee Hardison,/H/HardDe21.htm,DE-DT-NT-DE,0,11,1988,False
Dee Hardison,/H/HardDe21.htm,DE-DT-NT-DE,0,11,1988,False
Anthony Hargrove,/H/HargAn20.htm,DE,0,8,2011,False
Andy Harmon,/H/HarmAn20.htm,DT-DE,0,7,1997,False
Chris Harrington,/H/HarrCh97.htm,DE,0,2,2009,False
John Harrington,/H/HarrJo20.htm,E-DE,0,2,1947,False
Al Harris,/H/HarrAl20.htm,DE-LB,0,12,1990,False
Billy Harris,/H/HarrBi20.htm,E-DE,0,1,1937,False
James Harris,/H/HarrJa22.htm,DE,0,7,1999,False
Jon Harris,/H/HarrJo26.htm,DE,0,2,1998,False
Marshall Harris,/H/HarrMa21.htm,DE-NT,0,4,1983,False
Richard Harris,/H/HarrRi21.htm,DE-DT,0,7,1977,False
Robert Harris,/H/HarrRo20.htm,DT-DE,0,8,1999,False
Roy Harris,/H/HarrRo22.htm,DE-DT,0,4,1987,False
Tim Harris,/H/HarrTi00.htm,LB-DE,0,10,1995,False
Dennis Harrison,/H/HarrDe02.htm,DE,0,10,1987,False
Nolan Harrison,/H/HarrNo20.htm,DE-DT,0,10,2000,False
Martin Harrison,/H/HarrMa23.htm,DE-LB,0,10,1999,False
Larry Hart,/H/HartLa99.htm,DE,0,1,2010,False
Leon Hart,/H/HartLe01.htm,E-FB-DE,0,8,1957,False
Mike Hartenstine,/H/HartMi20.htm,DE,0,13,1987,False
Tommy Hart,/H/HartTo00.htm,DE-LB,0,13,1980,False
John Harty,/H/HartJo20.htm,NT-DE,0,6,1986,False
Derrick Harvey,/H/HarvDe99.htm,DE,0,4,2011,False
Harald Hasselbach,/H/HassHa20.htm,DE-DT,0,7,2000,False
Bill Hawkins,/H/HawkBi20.htm,DE-DT,0,4,1992,False
Brent Hawkins,/H/HawkBr20.htm,DE,0,2,2007,False
Garland Hawkins,/H/HawkGa20.htm,DE,0,1,1995,False
Jovan Haye,/H/HayeJo20.htm,DE,0,7,2011,False
Eric Hayes,/H/HayeEr20.htm,DT-DE-NT,0,4,1993,False
Jim Hayes,/H/HayeJi20.htm,DT-DE,0,2,1966,False
Michael Haynes,/H/HaynMi20.htm,DE,0,3,2005,False
George Hays,/H/HaysGe20.htm,DE-E,0,4,1953,False
Reggie Hayward,/H/HaywRe20.htm,DE,0,9,2009,False
Jeff Hazuga,/H/HazuJe20.htm,DE,0,1,2001,False
Bob Heck,/H/HeckBo20.htm,DE-E,0,1,1949,False
Bill Hegarty,/H/HegaBi20.htm,DE-T,0,1,1953,False
Bob Heinz,/H/HeinBo21.htm,DT-DE,0,10,1978,False
Jack Helms,/H/HelmJa20.htm,DE,0,1,1946,False
John Helwig,/H/HelwJo20.htm,LB-DB-DE,0,4,1956,False
Ethan Hemer,/H/HemeEt00.htm,DE,0,1,2014,False
Eric Henderson,/H/HendEr20.htm,DE,0,1,2008,False
Bob Hendren,/H/HendBo20.htm,T-DT-DE,0,3,1951,False
Ed Henke,/H/HenkEd00.htm,DE-LB-G,0,15,1963,False
Brad Henke,/H/HenkBr20.htm,DE-NT,0,1,1989,False
Karl Henke,/H/HenkKa20.htm,DE-DT,0,2,1969,False
Jerry Hennessy,/H/HennJe20.htm,DE,0,4,1953,False
John Hennessy,/H/HennJo20.htm,LB-DE,0,3,1979,False
Chad Hennings,/H/HennCh20.htm,DT-DE,0,9,2000,False
Kevin Henry,/H/HenrKe20.htm,DE,0,8,2000,False
Dick Hensley,/H/HensDi20.htm,E-DE,0,5,1953,False
Terry Hermeling,/H/HermTe20.htm,T-G-DE,0,11,1980,False
Fred Heron,/H/HeroFr20.htm,DT-DE,0,7,1972,False
Anthony Herron,/H/HerrAn21.htm,DE,0,1,2001,False
Bill Hewitt,/H/HewiBi20.htm,E-DE,1,12,1943,False
Bob Hews,/H/HewsBo20.htm,T-DE,0,1,1971,False
Ralph Heywood,/H/HeywRa20.htm,E-DE,0,4,1949,False
Dallas Hickman,/H/HickDa20.htm,DE-LB,0,6,1981,False
Eric Hicks,/H/HickEr20.htm,DE,0,10,2007,False
Kerry Hicks,/H/HickKe20.htm,DE,0,1,1997,False
Sylvester Hicks,/H/HickSy20.htm,DE,0,4,1981,False
Marquise Hill,/H/HillMa21.htm,DE,0,3,2006,False
Nate Hill,/H/HillNa20.htm,DE,0,1,1988,False
Tony Hill,/H/HillTo20.htm,DE,0,2,1992,False
John Hilliard,/H/HillJo21.htm,DE,0,3,2002,False
Roy Hilton,/H/HiltRo20.htm,DE,0,11,1975,False
Stan Hindman,/H/HindSt20.htm,DE-DT,0,9,1974,False
George Hinkle,/H/HinkGe20.htm,DE-NT-DT,0,6,1993,False
Elroy Hirsch,/H/HirsEl00.htm,E-HB-DE,1,12,1957,False
Marion Hobby,/H/HobbMa20.htm,DE,0,3,1992,False
Milford Hodge,/H/HodgMi20.htm,DE-NT,0,4,1989,False
David Hoelscher,/H/HoelDa20.htm,DE,0,1,1998,False
Jack Hoffman,/H/HoffJa20.htm,DE,0,7,1958,False
John Hoffman,/H/HoffJo20.htm,DE,0,4,1972,False
Eric Holle,/H/HollEr20.htm,NT-DE,0,4,1987,False
Vonnie Holliday,/H/HollVo20.htm,DE-DT,0,15,2012,False
Doug Hollie,/H/HollDo20.htm,DE,0,2,1988,False
Randy Holloway,/H/HollRa20.htm,DE,0,7,1984,False
Tony Holloway,/H/HollTo22.htm,DE-LB,0,1,1987,False
Willie Holman,/H/HolmWi20.htm,DE-DT,0,6,1973,False
Johnny Holmes,/H/HolmJo21.htm,DE,0,1,1966,False
Kenny Holmes,/H/HolmKe20.htm,DE,0,7,2003,False
Pat Holmes,/H/HolmPa00.htm,DE-DT,0,8,1973,False
Ron Holmes,/H/HolmRo21.htm,DE,0,8,1992,False
Bernard Holsey,/H/HolsBe20.htm,DT-DE,0,8,2003,False
Pierce Holt,/H/HoltPi00.htm,DE-DT,0,8,1995,False
Glenn Holtzman,/H/HoltGl20.htm,T-DE,0,4,1958,False
Tom Holzer,/H/HolzTo20.htm,DE,0,1,1967,False
Larry Horton,/H/HortLa20.htm,DE-DT,0,1,1972,False
Jim Houston,/H/HousJi00.htm,LB-DE,0,13,1972,False
Billy Howard,/H/HowaBi20.htm,DE-DT,0,3,1976,False
Darren Howard,/H/HowaDa21.htm,DE,0,10,2009,False
Erik Howard,/H/HowaEr00.htm,NT-DT-DE,0,11,1996,False
Marcus Howard,/H/HowaMa99.htm,DE,0,1,2008,False
Willie Howard,/H/HowaWi20.htm,DE,0,1,2001,False
Gary Hrivnak,/H/HrivGa20.htm,DE,0,3,1975,False
Cal Hubbard,/H/HubbCa20.htm,T-E-DE-G,1,10,1936,False
Frank Hubbell,/H/HubbFr20.htm,E-DE,0,3,1949,False
Bob Hughes,/H/HughBo20.htm,DE,0,3,1969,False
Van Hughes,/H/HughVa20.htm,DE,0,2,1987,False
Bill Hull,/H/HullBi20.htm,DE,0,1,1962,False
Don Hultz,/H/HultDo20.htm,DE-DT,0,12,1974,False
Dick Humbert,/H/HumbDi20.htm,E-DE,0,9,1949,False
Claude Humphrey,/H/HumpCl00.htm,DE,1,14,1981,False
Donnie Humphrey,/H/HumpDo20.htm,NT-DE,0,3,1986,False
Cletidus Hunt,/H/HuntCl20.htm,DT-DE,0,6,2004,False
Jim Lee Hunt,/H/HuntJi00.htm,DT-DE,0,11,1970,False
David Hunter,/H/HuntDa00.htm,DE,0,1,2012,False
James Hunter,/H/HuntJa23.htm,NT-DE,0,1,1982,False
Jason Hunter,/H/HuntJa24.htm,DE,0,8,2013,False
Jeff Hunter,/H/HuntJe20.htm,DE,0,5,1994,False
Chuck Hurston,/H/HursCh20.htm,DE-LB,0,7,1971,False
Ed Husmann,/H/HusmEd00.htm,DT-G-DE-LB,0,13,1965,False
Scott Hutchinson,/H/HutcSc20.htm,DE,0,6,1983,False
Don Hutson,/H/HutsDo00.htm,E-DB-DE,1,11,1945,False
Israel Ifeanyi,/I/IfeaIs20.htm,DE,0,1,1996,False
Carl Ihenacho,/I/IhenCa00.htm,DE,0,1,2012,False
Mark Ilgenfritz,/I/IlgeMa20.htm,DE,0,1,1974,False
Martin Imhof,/I/ImhoMa20.htm,DE-DT,0,5,1976,False
Grant Irons,/I/IronGr20.htm,DE,0,5,2006,False
Darrell Irvin,/I/IrviDa20.htm,DE,0,4,1983,False
Willie Irvin,/I/IrviWi20.htm,DE-E,0,1,1953,False
Jabari Issa,/I/IssaJa20.htm,DE-DT,0,2,2001,False
Kenny Iwebema,/I/IwebKe99.htm,DE,0,3,2010,False
Bernard Jackson,/J/JackBe21.htm,DE,0,1,2002,False
Corey Jackson,/J/JackCo20.htm,DE,0,1,2004,False
Joey Jackson,/J/JackJo21.htm,DE-DT,0,6,1977,False
LaDairis Jackson,/J/JackLa20.htm,DE,0,1,2002,False
Lawrence Jackson,/J/JackLa98.htm,DE,0,5,2012,False
Marcus Jackson,/J/JackMa20.htm,DE-NT,0,1,1987,False
Rich Jackson,/J/JackRi00.htm,DE-LB,0,7,1972,False
Rickey Jackson,/J/JackRi01.htm,LB-DE,1,15,1995,False
Rob Jackson,/J/JackRo99.htm,DE,0,6,2013,False
Tyoka Jackson,/J/JackTy20.htm,DE-DT,0,13,2006,False
Harry Jacobs,/J/JacoHa00.htm,LB-DE,0,11,1970,False
Ray Jacobs,/J/JacoRa20.htm,DT-DE,0,7,1969,False
Larry Jacobson,/J/JacoLa20.htm,DT-DE,0,3,1974,False
Erasmus James,/J/JameEr20.htm,DE,0,4,2008,False
Tim Jamison,/J/JamiTi99.htm,DE,0,6,2014,False
Val Jansante,/J/JansVa20.htm,E-DE,0,6,1951,False
Keever Jankovich,/J/JankKe20.htm,LB-DE,0,2,1953,False
Jeremy Jarmon,/J/JarmJe99.htm,DE,0,2,2010,False
Curt Jarvis,/J/JarvCu20.htm,NT-DE-DT,0,4,1990,False
Ralph Jarvis,/J/JarvRa20.htm,DE,0,1,1990,False
Jim Jeffcoat,/J/JeffJi20.htm,DE,0,15,1997,False
Greg Jefferson,/J/JeffGr20.htm,DE,0,5,1999,False
Dameian Jeffries,/J/JeffDa20.htm,DE,0,1,1995,False
Tom Jelley,/J/JellTo20.htm,DE,0,1,1951,False
Jon Jelacic,/J/JelaJo20.htm,DE,0,7,1964,False
A.J. Jenkins,/J/JenkA.20.htm,LB-DE,0,2,1990,False
Al Jenkins,/J/JenkAl20.htm,G-T-DE-DT,0,5,1973,False
Fletcher Jenkins,/J/JenkFl20.htm,DE-NT,0,1,1982,False
Julian Jenkins,/J/JenkJu20.htm,DE,0,1,2006,False
Walt Jenkins,/J/JenkWa20.htm,DE-DT,0,1,1955,False
Jim Jennings,/J/JennJi20.htm,DE-E,0,1,1955,False
Bob Jensen,/J/JensBo20.htm,DE-E,0,3,1950,False
Luther Jeralds,/J/JeraLu20.htm,DE,0,1,1961,False
Gary Jeter,/J/JeteGa20.htm,DE-DT,0,13,1989,False
Greg Joelson,/J/JoelGr20.htm,DE,0,1,1991,False
Bill Johnson,/J/JohnBi20.htm,DE,0,1,1941,False
Bill Johnson,/J/JohnBi22.htm,DT-DE,0,8,1999,False
Curtis Johnson,/J/JohnCu99.htm,DE,0,2,2009,False
Dennis Johnson,/J/JohnDe23.htm,DE-DT,0,5,1978,False
Dennis Johnson,/J/JohnDe21.htm,LB-DE,0,6,1985,False
Dennis Johnson,/J/JohnDe22.htm,DE,0,3,2004,False
Donnell Johnson,/J/JohnDo22.htm,DE,0,1,1993,False
Dwight Johnson,/J/JohnDw20.htm,DE,0,3,2002,False
Ellis Johnson,/J/JohnEl20.htm,DT-DE,0,10,2004,False
Ezra Johnson,/J/JohnEz00.htm,DE,0,15,1991,False
Farnham Johnson,/J/JohnFa20.htm,T-DE,0,1,1948,False
Gary Johnson,/J/JohnGa00.htm,DT-DE-NT,0,11,1985,False
Greg Johnson,/J/JohnGr20.htm,DT-NT-DE,0,1,1977,False
Jarret Johnson,/J/JohnJa23.htm,DE,0,12,2014,False
Joe Johnson,/J/JohnJo04.htm,DE,0,10,2003,False
Ken Johnson,/J/JohnKe24.htm,DE-DT,0,7,1977,False
Ken Johnson,/J/JohnKe22.htm,DE,0,9,1987,False
Mark Johnson,/J/JohnMa22.htm,DE-LB,0,3,1977,False
Mike Johnson,/J/JohnMi21.htm,DE,0,1,1984,False
Raylee Johnson,/J/JohnRa22.htm,DE,0,12,2004,False
Ron Johnson,/J/JohnRo21.htm,DE,0,1,2003,False
Thomas Johnson,/J/JohnTh20.htm,DT-DE,0,5,2009,False
Tim Johnson,/J/JohnTi20.htm,DT-DE,0,10,1996,False
Troy Johnson,/J/JohnTr22.htm,LB-DE,0,5,1992,False
Trevor Johnson,/J/JohnTr21.htm,DE,0,4,2007,False
Walter Johnson,/J/JohnWa22.htm,DE,0,1,1967,False
Brian Johnston,/J/JohnBr98.htm,DE,0,1,2008,False
Lance Johnstone,/J/JohnLa23.htm,DE,0,11,2006,False
Aaron Jones,/J/JoneAa20.htm,DE-LB,0,9,1996,False
Aki Jones,/J/JoneAk20.htm,DE-DT,0,1,2005,False
Bob Jones,/J/JoneBo21.htm,DE,0,1,2002,False
Cedric Jones,/J/JoneCe20.htm,DE,0,5,2000,False
Charlie Jones,/J/JoneCh20.htm,DE,0,1,1955,False
Cody Jones,/J/JoneCo00.htm,DT-DE,0,9,1982,False
Derrick Jones,/J/JoneDe20.htm,DT-DE,0,1,2007,False
Deacon Jones,/J/JoneDe00.htm,DE,1,14,1974,False
Eddie Jones,/J/JoneEd01.htm,DE,0,1,2011,False
Edgar Jones,/J/JoneEd22.htm,DE,0,7,2013,False
Ernest Jones,/J/JoneEr20.htm,DT-DE,0,5,1999,False
Horace Jones,/J/JoneHo20.htm,DE,0,7,1977,False
Jerry Jones,/J/JoneJe23.htm,T-DE-DT,0,4,1969,False
Jimmie Jones,/J/JoneJi23.htm,DE,0,5,1973,False
Jimmie Jones,/J/JoneJi22.htm,DT-DE,0,8,1997,False
Joe Jones,/J/JoneJo21.htm,DE,0,11,1980,False
Ken Jones,/J/JoneKe21.htm,T-DE,0,12,1987,False
Leroy Jones,/J/JoneLe22.htm,DE,0,8,1983,False
Marcus Jones,/J/JoneMa20.htm,DE-DT,0,6,2001,False
Marlon Jones,/J/JoneMa21.htm,DE-DT,0,3,1989,False
Mike Jones,/J/JoneMi23.htm,DE,0,9,1999,False
Ralph Jones,/J/JoneRa21.htm,E-DE,0,2,1947,False
Rulon Jones,/J/JoneRu00.htm,DE,0,9,1988,False
Sean Jones,/J/JoneSe00.htm,DE,0,13,1996,False
Too Tall Jones,/J/JoneEd00.htm,DE,0,16,1989,False
Willie Jones,/J/JoneWi20.htm,DT-DE,0,5,1971,False
Willie Jones,/J/JoneWi21.htm,DE,0,3,1981,False
Darin Jordan,/J/JordDa20.htm,LB-DE,0,7,1994,False
Henry Jordan,/J/JordHe00.htm,DT-DE,1,13,1969,False
Larry Jordan,/J/JordLa20.htm,DE-LB,0,3,1964,False
Bob Joswick,/J/JoswBo20.htm,DE-DT,0,2,1969,False
Don Joyce,/J/JoycDo00.htm,DE-DT,0,12,1962,False
Karl Kaimer,/K/KaimKa20.htm,DE,0,1,1962,False
N.D. Kalu,/K/KaluN.20.htm,DE,0,12,2008,False
Lew Kamanu,/K/KamaLe20.htm,DE,0,2,1968,False
Carl Kammerer,/K/KammCa20.htm,DE-LB,0,9,1969,False
Aaron Kampman,/K/KampAa99.htm,DE-DT,0,10,2011,False
John Kapele,/K/KapeJo20.htm,DE-DT-T,0,3,1962,False
Alain Kashama,/K/KashAl20.htm,DE,0,2,2005,False
Jim Katcavage,/K/KatcJi00.htm,DE-DT,0,13,1968,False
Steve Kaufusi,/K/KaufSt20.htm,DE-DT,0,2,1990,False
Jim Keane,/K/KeanJi20.htm,E-DE,0,7,1952,False
Jevon Kearse,/K/KearJe00.htm,DE,0,11,2009,False
Thomas Keiser,/K/KeisTh00.htm,DE,0,4,2014,False
Brett Keisel,/K/KeisBr20.htm,DE,0,13,2014,False
Todd Kelly,/K/KellTo20.htm,LB-DE,0,4,1996,False
Tommy Kelly,/K/KellTo21.htm,DE-DT,0,11,2014,False
Chris Kelsay,/K/KelsCh21.htm,DE,0,10,2012,False
John Kenerson,/K/KeneJo20.htm,DE-DT,0,3,1962,False
Ken Kennard,/K/KennKe20.htm,NT-DE,0,6,1982,False
Greg Kent,/K/KentGr20.htm,T-DE,0,3,1968,False
Patrick Kerney,/K/KernPa99.htm,DE,0,11,2009,False
Tyrone Keys,/K/KeysTy20.htm,DE-LB,0,6,1988,False
Ed Khayat,/K/KhayEd20.htm,DT-DE-T,0,10,1966,False
Bob Kilcullen,/K/KilcBo20.htm,DT-DE-T,0,10,1966,False
Bill Kimber,/K/KimbBi00.htm,DE,0,3,1961,False
Howard Kindig,/K/KindHo21.htm,DE-T,0,10,1974,False
Don King,/K/KingDo20.htm,DE-DT,0,7,1960,False
Ed King,/K/KingEd20.htm,G-DE-DG,0,3,1950,False
Kenny King,/K/KingKe20.htm,DE,0,1,2003,False
Lamar King,/K/KingLa20.htm,DE,0,5,2003,False
Shawn King,/K/KingSh20.htm,DE,0,5,1999,False
George Kinney,/K/KinnGe20.htm,DE,0,1,1965,False
Kelvin Kinney,/K/KinnKe20.htm,DE,0,2,1998,False
Ernest Kirk,/K/KirkEr20.htm,DE,0,1,1977,False
Travis Kirschke,/K/KirsTr20.htm,DT-DE,0,13,2009,False
Mathias Kiwanuka,/K/KiwaMa20.htm,DE,0,9,2014,False
Joe Klecko,/K/KlecJo00.htm,DT-NT-DE,0,12,1988,False
Tony Klimek,/K/KlimTo20.htm,DE,0,2,1952,False
John Klingel,/K/KlinJo20.htm,DE,0,2,1988,False
Shawn Knight,/K/KnigSh20.htm,DE,0,3,1989,False
Suge Knight,/K/KnigSu20.htm,DE,0,1,1987,False
Gene Knutson,/K/KnutGe20.htm,DE,0,3,1956,False
Matt Koart,/K/KoarMa20.htm,DE,0,1,1986,False
Markus Koch,/K/KochMa20.htm,DE-DT,0,6,1991,False
Pete Koch,/K/KochPe20.htm,NT-DE-DT,0,6,1989,False
Bob Kohrs,/K/KohrBo20.htm,DE-LB,0,5,1985,False
Bill Kollar,/K/KollBi20.htm,DE-NT-DT,0,8,1981,False
Bob Konovsky,/K/KonoBo20.htm,G-DE,0,6,1961,False
Frank Kosikowski,/K/KosiFr20.htm,DE,0,1,1948,False
Dave Kraayeveld,/K/KraaDa20.htm,DE-DT,0,1,1978,False
Ken Kremer,/K/KremKe20.htm,NT-DE,0,6,1984,False
Ray Krouse,/K/KrouRa00.htm,DT-DE-T,0,10,1960,False
Charlie Krueger,/K/KrueCh00.htm,DT-DE,0,15,1973,False
Rolf Krueger,/K/KrueRo20.htm,DE-DT,0,6,1974,False
Joe Kruger,/K/KrugJo00.htm,DE,0,1,2014,False
Pete Kugler,/K/KuglPe20.htm,NT-DE,0,10,1990,False
Eric Kumerow,/K/KumeEr20.htm,DE-LB,0,3,1990,False
Matt LaBounty,/L/LaBoMa20.htm,DE-DT,0,9,2001,False
Travis LaBoy,/L/LaBoTr20.htm,DE,0,8,2011,False
Pat Lahey,/L/LahePa20.htm,E-DE,0,2,1947,False
Jeff Lageman,/L/LageJe20.htm,DE-LB,0,10,1998,False
Antwan Lake,/L/LakeAn20.htm,DE,0,7,2008,False
Roland Lakes,/L/LakeRo20.htm,DT-DE-T-DT,0,11,1971,False
Mel Land,/L/LandMe20.htm,LB-DE,0,2,1980,False
Austen Lane,/L/LaneAu99.htm,DE,0,5,2014,False
Kenard Lang,/L/LangKe20.htm,DE-DT-LB,0,10,2006,False
Bob Langas,/L/LangBo20.htm,DE,0,1,1954,False
Jevon Langford,/L/LangJe20.htm,DE,0,6,2001,False
Dan Lanphear,/L/LanpDa20.htm,DE,0,3,1962,False
Myron Lapka,/L/LapkMy20.htm,NT-DE-DT,0,4,1983,False
Eric Larkin,/L/LarkEr20.htm,DE,0,1,1987,False
Dan LaRose,/L/LaRoDa20.htm,T-DE-G,0,6,1966,False
Ike Lassiter,/L/LassIk00.htm,DE-DT,0,10,1971,False
Lamar Lathon,/L/LathLa00.htm,LB-DE,0,9,1998,False
Kit Lathrop,/L/LathKi20.htm,DE-NT,0,9,1987,False
Greg Latta,/L/LattGr01.htm,DE,0,1,2014,False
Dante Lavelli,/L/LaveDa00.htm,E-DE,1,11,1956,False
Pete Lazetich,/L/LazePe20.htm,DE-LB-DT-NT,0,6,1977,False
John Lee,/L/LeexJo20.htm,DE,0,6,1981,False
Shawn Lee,/L/LeexSh20.htm,DT-NT-DE,0,11,1998,False
Max Leetzow,/L/LeetMa20.htm,DE-DT,0,2,1966,False
Earl Leggett,/L/LeggEa20.htm,DT-DE,0,12,1968,False
Lance Legree,/L/LeGrLa20.htm,DT-DE,0,6,2006,False
Tony Leiker,/L/LeikTo20.htm,DE,0,1,1987,False
Jim Leo,/L/LeoxJi20.htm,DE-LB,0,3,1962,False
Bill Leonard,/L/LeonBi20.htm,DE,0,1,1949,False
Leon Lett,/L/LettLe00.htm,DT-DE,0,11,2001,False
Otis Leverette,/L/LeveOt20.htm,DE,0,4,2004,False
Mike Lewis,/L/LewiMi20.htm,DT-DE-NT,0,10,1980,False
Reggie Lewis,/L/LewiRe21.htm,DE-NT,0,2,1980,False
Reggie Lewis,/L/LewiRe20.htm,DE,0,3,1984,False
Stan Lewis,/L/LewiSt20.htm,DE,0,1,1975,False
Todd Liebenstein,/L/LiebTo20.htm,DE,0,4,1985,False
Kevin Lilly,/L/LillKe20.htm,DE-NT-DT,0,2,1989,False
Bob Lilly,/L/LillBo00.htm,DT-DE,1,14,1974,False
Chris Lindstrom,/L/LindCh20.htm,DE,0,5,1987,False
Dave Lindstrom,/L/LindDa21.htm,DE,0,8,1985,False
Chris Linnin,/L/LinnCh20.htm,DE,0,1,1980,False
Greg Liter,/L/LiteGr20.htm,DE,0,1,1987,False
George Little,/L/LittGe20.htm,DE-NT,0,3,1987,False
John Little,/L/LittJo20.htm,DT-DE-NT,0,8,1977,False
Leonard Little,/L/LittLe00.htm,DE,0,12,2009,False
Cliff Livingston,/L/LiviCl20.htm,LB-DE,0,12,1965,False
Jeff Lloyd,/L/LloyJe20.htm,DE-NT,0,3,1978,False
Bill Lobenstein,/L/LobeBi20.htm,DE,0,1,1987,False
Mike Lodish,/L/LodiMi20.htm,NT-DT-DE,0,11,2000,False
Ernie Logan,/L/LogaEr20.htm,NT-DE-DT,0,10,2000,False
John Lohmeyer,/L/LohmJo20.htm,DT-DE,0,5,1977,False
Mark Lomas,/L/LomaMa20.htm,DE-DT,0,5,1974,False
Dave Long,/L/LongDa21.htm,DE-DT,0,7,1972,False
Howie Long,/L/LongHo00.htm,DE-NT,1,13,1993,False
Khari Long,/L/LongKh20.htm,DE,0,1,2005,False
Karl Lorch,/L/LorcKa20.htm,DE-DT,0,6,1981,False
Erik Lorig,/L/LoriEr99.htm,DE,0,5,2014,False
Ed Lothamer,/L/LothEd20.htm,DT-DE,0,9,1972,False
Reggie Lowe,/L/LoweRe20.htm,DE,0,1,1998,False
Lamar Lundy,/L/LundLa00.htm,DE-E,0,13,1969,False
Mel Lunsford,/L/LunsMe20.htm,DE-DT-NT,0,8,1980,False
Bob Lurtsema,/L/LurtBo20.htm,DT-DE,0,11,1977,False
Rick Lyle,/L/LyleRi20.htm,DE,0,10,2003,False
Billy Lyon,/L/LyonBi20.htm,DE-DT,0,6,2003,False
Marty Lyons,/L/LyonMa20.htm,DE-DT-NT,0,11,1989,False
Pratt Lyons,/L/LyonPr20.htm,DE,0,2,1998,False
Bill Maas,/M/MaasBi00.htm,NT-DE,0,10,1993,False
Jay MacDowell,/M/MacDJa20.htm,T-DE,0,6,1951,False
Leon Mackey,/M/MackLe00.htm,DE,0,1,2014,False
Bob Maddox,/M/MaddBo21.htm,DT-DE,0,3,1976,False
Gil Mains,/M/MainGi20.htm,DT-DE,0,9,1961,False
Josh Mallard,/M/MallJo20.htm,DE,0,7,2008,False
Fran Mallick,/M/MallFr20.htm,DE-DT,0,1,1965,False
Alfred Malone,/M/MaloAl20.htm,DE,0,4,2008,False
Mike Mamula,/M/MamuMi20.htm,DE-LB,0,6,2000,False
Ralph Malone,/M/MaloRa20.htm,DE,0,1,1986,False
Dino Mangiero,/M/MangDi20.htm,NT-DE,0,8,1987,False
Dexter Manley,/M/ManlDe00.htm,DE,0,11,1991,False
Charles Mann,/M/MannCh00.htm,DE,0,12,1994,False
Brison Manor,/M/ManoBr20.htm,DE,0,8,1984,False
Rod Manuel,/M/ManuRo20.htm,DE,0,2,1998,False
Gino Marchetti,/M/MarcGi00.htm,DE-T-DT,1,15,1966,False
Greg Mark,/M/MarkGr20.htm,DE-LB,0,1,1990,False
Dale Markham,/M/MarkDa20.htm,T-DE,0,2,1981,False
Bud Marshall,/M/MarsBu20.htm,DT-DE,0,4,1968,False
Jim Marshall,/M/MarsJi00.htm,DE,0,20,1979,False
Leonard Marshall,/M/MarsLe00.htm,DE-DT,0,12,1994,False
Randy Marshall,/M/MarsRa20.htm,DE,0,2,1971,False
Charles Martin,/M/MartCh20.htm,NT-DE,0,5,1988,False
Doug Martin,/M/MartDo21.htm,DE-NT,0,10,1989,False
George Martin,/M/MartGe20.htm,DE,0,14,1988,False
Harvey Martin,/M/MartHa00.htm,DE-DT,0,11,1983,False
Steve Martin,/M/MartSt20.htm,DE,0,1,1987,False
Terrance Martin,/M/MartTe20.htm,DE,0,2,2004,False
Wayne Martin,/M/MartWa00.htm,DE-DT,0,11,1999,False
John Martinkovic,/M/MartJo00.htm,DE-DT,0,7,1957,False
Greg Marx,/M/MarxGr20.htm,DE,0,1,1973,False
Jonathan Massaquoi,/M/MassJo00.htm,DE,0,3,2014,False
Carlton Massey,/M/MassCa00.htm,DE,0,5,1958,False
Bill Matan,/M/MataBi20.htm,DE,0,1,1966,False
Clay Matthews,/M/MattCl20.htm,DE-T-DT,0,6,1955,False
Frank Mattiace,/M/MattFr21.htm,DE-NT,0,1,1987,False
Bryan Mattison,/M/MattBr20.htm,DE,0,3,2012,False
John Matuszak,/M/MatuJo20.htm,DE-DT,0,9,1981,False
Curtis Maxey,/M/MaxeCu20.htm,DE-DT,0,2,1989,False
Art May,/M/MayxAr20.htm,DE,0,1,1971,False
Ben Mayes,/M/MayeBe20.htm,DE-DT,0,1,1969,False
Aaron Maybin,/M/MaybAa99.htm,DE,0,4,2012,False
Frank Mays,/M/MaysFr00.htm,DE,0,1,2014,False
Jerry Mays,/M/MaysJe00.htm,DE-DT,0,10,1970,False
Stafford Mays,/M/MaysSt20.htm,DE-DT-NT,0,9,1988,False
Jerry Mazzanti,/M/MazzJe20.htm,DE,0,5,1967,False
Michael McAdoo,/M/McAdMi00.htm,DE,0,1,2012,False
Carl McAdams,/M/McAdCa20.htm,DT-LB-DE,0,3,1969,False
Ed McAleney,/M/McAlEd20.htm,DE,0,1,1976,False
Mike McBath,/M/McBaMi20.htm,DE-DT-T,0,5,1972,False
Norm McBride,/M/McBrNo20.htm,DE,0,2,1970,False
John McCambridge,/M/McCaJo21.htm,DE,0,1,1967,False
Keith McCants,/M/McCaKe21.htm,DE,0,6,1995,False
Skip McClendon,/M/McClSk20.htm,DE,0,7,1993,False
Stanley McClover,/M/McClSt20.htm,DE,0,3,2008,False
Don McComb,/M/McCoDo20.htm,DE,0,1,1960,False
Dewey McConnell,/M/McCoDe20.htm,DB-DE,0,1,1954,False
Darris McCord,/M/McCoDa00.htm,DE-DT-T,0,13,1967,False
Michael McCrary,/M/McCrMi00.htm,DE,0,10,2002,False
Bobby McCray,/M/McCrBo20.htm,DE,0,7,2010,False
Willie McCray,/M/McCrWi20.htm,DE,0,1,1978,False
Jake McCullough,/M/McCuJa20.htm,DE,0,2,1990,False
Pellom McDaniels,/M/McDaPe20.htm,LB-DE,0,7,1999,False
Ron McDole,/M/McDoRo00.htm,DE-DT,0,18,1978,False
Ray McDonald,/M/McDoRa99.htm,DE,0,8,2014,False
Doug McDougald,/M/McDoDo21.htm,DE,0,1,1980,False
Jerome McDougle,/M/McDoJe20.htm,DE,0,6,2008,False
George McDuffie,/M/McDuGe20.htm,DE,0,1,1987,False
Ben McGee,/M/McGeBe00.htm,DE-DT,0,9,1972,False
Tony McGee,/M/McGeTo20.htm,DE-DT,0,14,1984,False
Willie McGinest,/M/McGiWi00.htm,DE-LB,0,15,2008,False
Chester McGlockton,/M/McGlCh00.htm,DT-DE,0,12,2003,False
Sylvester McGrew,/M/McGrSy20.htm,DE,0,1,1987,False
Curtis McGriff,/M/McGrCu20.htm,DE-NT,0,8,1987,False
Sean McInerney,/M/McInSe20.htm,DE,0,1,1987,False
Toddrick McIntosh,/M/McInTo20.htm,DE,0,2,1995,False
Keith McKenzie,/M/McKeKe20.htm,DE,0,8,2003,False
Alvin McKinley,/M/McKiAl20.htm,DE-DT,0,8,2007,False
Bill McKinley,/M/McKiBi20.htm,DE-LB,0,1,1971,False
Ron McLean,/M/McLeRo20.htm,NT-DE,0,2,1988,False
John McLaughlin,/M/McLaJo21.htm,DE,0,2,2000,False
Herb McMath,/M/McMaHe20.htm,DT-DE,0,2,1977,False
David McMillan,/M/McMiDa20.htm,DE,0,3,2007,False
Dan McMillen,/M/McMiDa21.htm,DE,0,1,1987,False
Sean McNanie,/M/McNaSe20.htm,DE,0,7,1990,False
Bill McPeak,/M/McPeBi00.htm,DE,0,9,1957,False
Ed Meadows,/M/MeadEd20.htm,DE-E,0,6,1959,False
Dave Means,/M/MeanDa20.htm,DE,0,1,1974,False
Karl Mecklenburg,/M/MeckKa00.htm,LB-DE,0,12,1994,False
Charley Mehelich,/M/MeheCh20.htm,DE-E,0,6,1951,False
Rob Meier,/M/MeieRo20.htm,DE-DT,0,9,2008,False
Greg Meisner,/M/MeisGr20.htm,NT-DE,0,11,1991,False
Mike Melinkovich,/M/MeliMi20.htm,DE,0,3,1967,False
Mat Mendenhall,/M/MendMa20.htm,DE,0,2,1982,False
Phillip Merling,/M/MerlPh99.htm,DE,0,6,2013,False
Jamil Merrell,/M/MerrJa00.htm,DE,0,1,2014,False
Casey Merrill,/M/MerrCa20.htm,DE-DT,0,8,1986,False
Jim Merritts,/M/MerrJi20.htm,DE-NT,0,1,1987,False
Jeff Merrow,/M/MerrJe20.htm,DE-DT-LB,0,9,1983,False
Scott Mersereau,/M/MersSc20.htm,DT-NT-DE,0,7,1993,False
Curt Merz,/M/MerzCu20.htm,G-DE,0,7,1968,False
Fred Meyer,/M/MeyeFr20.htm,E-DE,0,4,1945,False
Jerry Meyers,/M/MeyeJe20.htm,DE-DT,0,5,1980,False
Gil Meyer,/M/MeyeGi20.htm,E-DE,0,1,1947,False
Phil Micech,/M/MicePh20.htm,DE,0,1,1987,False
Lou Michaels,/M/MichLo20.htm,DE-K,0,14,1971,False
Darren Mickell,/M/MickDa20.htm,DE,0,10,2001,False
Lou Mihajlovich,/M/MihaLo20.htm,DE,0,7,1954,False
Darryl Milburn,/M/MilbDa20.htm,DE,0,1,1991,False
John Milem,/M/MileJo20.htm,DE,0,2,2001,False
Keith Millard,/M/MillKe00.htm,DT-NT-DE,0,9,1993,False
Arnold Miller,/M/MillAr20.htm,DE,0,2,2000,False
Brandon Miller,/M/MillBr00.htm,DE,0,1,2008,False
Bronzell Miller,/M/MillBr22.htm,DE,0,1,1995,False
Calvin Miller,/M/MillCa21.htm,NT-DT-DE,0,2,1980,False
Clark Miller,/M/MillCl20.htm,DE,0,9,1970,False
Johnny Miller,/M/MillJo23.htm,T-DT-DE,0,5,1960,False
Les Miller,/M/MillLe20.htm,NT-DE-DT,0,12,1998,False
Paul Miller,/M/MillPa00.htm,DE,0,9,1962,False
Shawn Miller,/M/MillSh20.htm,DE-NT-DT,0,6,1989,False
Tom Miller,/M/MillTo20.htm,DE-E,0,4,1946,False
Wayne Millner,/M/MillWa20.htm,E-DE,1,10,1945,False
Lamar Mills,/M/MillLa21.htm,DE,0,1,1994,False
Bill Milner,/M/MilnBi20.htm,LB-G-DE,0,4,1950,False
Javor Mills,/M/MillJa20.htm,DE,0,1,2002,False
Chris Mims,/M/MimsCh20.htm,DE-DT,0,8,1999,False
Rex Mirich,/M/MiriRe20.htm,DT-DE,0,7,1970,False
Dwayne Missouri,/M/MissDw20.htm,DE,0,1,2001,False
Brandon Mitchell,/M/MitcBr20.htm,DE-DT,0,8,2004,False
Jayme Mitchell,/M/MitcJa20.htm,DE,0,6,2011,False
Jim Mitchell,/M/MitcJi20.htm,DE-DT,0,8,1977,False
Mack Mitchell,/M/MitcMa20.htm,DE,0,5,1979,False
Alonzo Mitz,/M/MitzAl20.htm,DE-LB,0,7,1992,False
Bryant Mix,/M/MixxBr20.htm,DE,0,2,1997,False
Kenny Mixon,/M/MixoKe20.htm,DE,0,7,2004,False
Sam Montgomery,/M/MontSa00.htm,DE,0,1,2014,False
Doug Mooers,/M/MooeDo20.htm,DT-DE,0,2,1972,False
Aaron Moog,/M/MoogAa20.htm,DE,0,1,1987,False
Tim Mooney,/M/MoonTi20.htm,DE,0,1,1987,False
Buddy Moor,/M/MoorBu20.htm,DE,0,1,1987,False
Allen Moore,/M/MoorAl21.htm,DE,0,1,1939,False
Bill Moore,/M/MoorBi20.htm,E-DE,0,1,1939,False
Denis Moore,/M/MoorDe21.htm,DT-DE,0,4,1970,False
Derland Moore,/M/MoorDe22.htm,DT-NT-DE,0,14,1986,False
Eric Moore,/M/MoorEr21.htm,DE,0,7,2011,False
Fred Moore,/M/MoorFr20.htm,DT-DE,0,3,1966,False
Kyle Moore,/M/MoorKy99.htm,DE,0,4,2012,False
Mack Moore,/M/MoorMa20.htm,DE,0,2,1986,False
Leroy Moore,/M/MoorLe21.htm,DE,0,6,1965,False
Sean Moran,/M/MoraSe20.htm,LB-DE,0,8,2003,False
Joe Moreino,/M/MoreJo20.htm,NT-DE,0,1,1978,False
Max Morris,/M/MorrMa20.htm,E-DE,0,3,1948,False
Riley Morris,/M/MorrRi20.htm,LB-DE,0,3,1962,False
Greg Morton,/M/MortGr20.htm,DE,0,1,1977,False
Jack Morton,/M/MortJa20.htm,E-DE-DB,0,3,1947,False
Quentin Moses,/M/MoseQu99.htm,DE,0,4,2010,False
Jarvis Moss,/M/MossJa99.htm,DE,0,5,2011,False
Martin Moss,/M/MossMa20.htm,DE,0,4,1985,False
Kelley Mote,/M/MoteKe20.htm,E-DE-DB,0,6,1952,False
Mark Mraz,/M/MrazMa20.htm,DE,0,3,1989,False
Mark Mullaney,/M/MullMa20.htm,DE,0,12,1986,False
Jerry Mulready,/M/MulrJe20.htm,E-DE,0,1,1947,False
Nick Mumley,/M/MumlNi20.htm,DE-T,0,3,1962,False
Lloyd Mumphrey,/M/MumpLl21.htm,DE-LB,0,1,1987,False
Montez Murphy,/M/MurpMo20.htm,DE,0,1,2006,False
Spain Musgrove,/M/MusgSp20.htm,DE-DT,0,4,1970,False
Jim Mutscheller,/M/MutsJi00.htm,E-DE,0,8,1961,False
Michael Myers,/M/MyerMi20.htm,DT-DE,0,10,2007,False
Jesse Nading,/N/NadiJe00.htm,DE,0,5,2012,False
Jeremy Navarre,/N/NavaJe99.htm,DE,0,1,2009,False
Richard Neal,/N/NealRi20.htm,DE-DT,0,10,1978,False
Kenny Neil,/N/NeilKe20.htm,DE-DT,0,7,1987,False
Ryan Neill,/N/NeilRy99.htm,DE,0,4,2010,False
Bob Nelson,/N/NelsBo21.htm,NT-DE,0,5,1990,False
Edmund Nelson,/N/NelsEd20.htm,DE-NT-DT,0,7,1988,False
Ron Nery,/N/NeryRo20.htm,DE,0,4,1963,False
Billy Newsome,/N/NewsBi20.htm,DE-DT,0,8,1977,False
Gerald Nichols,/N/NichGe20.htm,DT-NT-DE,0,7,1993,False
Elbie Nickel,/N/NickEl00.htm,E-DE,0,11,1957,False
Steve Niehaus,/N/NiehSt20.htm,DT-DE,0,4,1979,False
Roosevelt Nix,/N/NixxRo20.htm,DE,0,3,1994,False
Al Noga,/N/NogaAl20.htm,DE-DT,0,7,1994,False
Danny Noonan,/N/NoonDa20.htm,DT-DE,0,6,1992,False
Tony Norman,/N/NormTo20.htm,DE,0,1,1987,False
Jon Norris,/N/NorrJo20.htm,DE-DT,0,1,1987,False
Gabe Northern,/N/NortGa20.htm,LB-DE,0,5,2000,False
Jim Norton,/N/NortJi21.htm,DE-DT-T-E,0,6,1970,False
Joe Novsek,/N/NovsJo20.htm,DE,0,1,1962,False
Bob Nowaskey,/N/NowaBo20.htm,E-DE,0,11,1950,False
Dexter Nottage,/N/NottDe20.htm,DE,0,4,1997,False
Julian Nunamaker,/N/NunaJu20.htm,DE-DT,0,2,1970,False
David Nugent,/N/NugeDa21.htm,DE,0,3,2002,False
Jeremy Nunley,/N/NunlJe20.htm,DE,0,1,1994,False
Freddie Joe Nunn,/N/NunnFr20.htm,DE-LB,0,12,1996,False
Chukie Nwokorie,/N/NwokCh20.htm,DE,0,5,2003,False
Ed O'Bradovich,/O/OBraEd20.htm,DE,0,10,1971,False
Bill O'Connor,/O/OConBi20.htm,E-DE,0,4,1951,False
Pat O'Donahue,/O/ODonPa20.htm,DE,0,4,1955,False
Joe O'Malley,/O/OMalJo20.htm,DE,0,2,1956,False
Leslie O'Neal,/O/ONeaLe00.htm,DE-LB,0,14,1999,False
Bob O'Neil,/O/ONeiBo20.htm,G-DE-LB,0,6,1961,False
Carleton Oats,/O/OatsCa20.htm,DT-DE,0,9,1973,False
Antwan Odom,/O/OdomAn20.htm,DE,0,7,2010,False
Kendrick Office,/O/OffiKe20.htm,DE,0,2,2002,False
Eric Ogbogu,/O/OgboEr20.htm,DE,0,8,2005,False
Alfred Oglesby,/O/OgleAl20.htm,NT-DE-DT,0,6,1995,False
Adewale Ogunleye,/O/OgunAd00.htm,DE,0,10,2010,False
Adewale Ojomo,/O/OjomAd00.htm,DE,0,1,2012,False
Chike Okeafor,/O/OkeaCh20.htm,DE,0,11,2009,False
Steve Okoniewski,/O/OkonSt20.htm,DT-DE,0,6,1977,False
Bob Oliver,/O/OlivBo21.htm,DE,0,1,1969,False
Melvin Oliver,/O/OlivMe20.htm,DE,0,1,2006,False
Ralph Olsen,/O/OlseRa20.htm,DE,0,1,1949,False
Igor Olshansky,/O/OlshIg20.htm,DE-DT,0,8,2011,False
Bob Oristaglio,/O/OrisBo20.htm,DE-E,0,4,1952,False
Dan Orlich,/O/OrliDa20.htm,DE-E,0,3,1951,False
Herb Orvis,/O/OrviHe20.htm,DT-DE,0,10,1981,False
Willie Oshodin,/O/OshoWi20.htm,DE,0,3,1995,False
Chet Ostrowski,/O/OstrCh20.htm,DE,0,6,1959,False
Brad Ottis,/O/OttiBr20.htm,DE,0,7,2000,False
Bob Otto,/O/OttoBo21.htm,DE,0,2,1987,False
Dan Owens,/O/OwenDa20.htm,DE-DT-NT,0,10,1999,False
Ike Owens,/O/OwenIk20.htm,DE,0,1,1948,False
Jim Owens,/O/OwenJi20.htm,E-DE,0,1,1950,False
Joe Owens,/O/OwenJo20.htm,DE,0,7,1976,False
Luke Owens,/O/OwenLu20.htm,DE-DT-T,0,9,1965,False
Rich Owens,/O/OwenRi20.htm,DE-DT,0,8,2002,False
Ernest Owusu,/O/OwusEr00.htm,DE,0,1,2012,False
Mike Ozdowski,/O/OzdoMi20.htm,DE,0,4,1981,False
Anton Palepoi,/P/PaleAn20.htm,DE,0,4,2005,False
Sterling Palmer,/P/PalmSt20.htm,DE,0,4,1996,False
John Paluck,/P/PaluJo00.htm,DE,0,10,1965,False
Jeremiah Parker,/P/ParkJe21.htm,DE,0,1,2000,False
Riddick Parker,/P/ParkRi21.htm,DT-DE,0,7,2003,False
Steve Parker,/P/ParkSt21.htm,DE,0,2,1984,False
Steve Parker,/P/ParkSt20.htm,DE,0,1,1980,False
Don Parrish,/P/ParrDo20.htm,NT-DE,0,5,1982,False
Ty Parten,/P/PartTy20.htm,DE-DT,0,8,2000,False
Mike Patanelli,/P/PataMi20.htm,DE,0,1,1947,False
Craig Patterson,/P/PattCr20.htm,DE-NT,0,1,1991,False
Elton Patterson,/P/PattEl20.htm,DE,0,1,2004,False
Shawn Patterson,/P/PattSh20.htm,DE-NT,0,6,1993,False
James Patton,/P/PattJa20.htm,NT-DE,0,2,1994,False
Walt Patulski,/P/PatuWa20.htm,DE,0,6,1977,False
Whitney Paul,/P/PaulWh20.htm,LB-DE,0,11,1986,False
Jim Peebles,/P/PeebJi20.htm,E-T-DE,0,6,1951,False
Willis Peguese,/P/PeguWi20.htm,DE,0,4,1993,False
Bolo Perdue,/P/PerdBo20.htm,DE-E,0,7,1946,False
Ray Perkins,/P/PerkRa20.htm,DE,0,1,1987,False
Willis Perkins,/P/PerkWi20.htm,DE-G,0,3,1963,False
Gerry Perry,/P/PerrGe21.htm,T-DT-DE-G,0,9,1962,False
Michael Dean Perry,/P/PerrMi00.htm,DT-DE,0,10,1997,False
William Perry,/P/PerrWi20.htm,DT-DE,0,10,1994,False
Wally Pesuit,/P/PesuWa20.htm,G-C-T-DE,0,5,1980,False
Jason Peter,/P/PeteJa20.htm,DE,0,4,2001,False
Volney Peters,/P/PeteVo00.htm,DT-T-DE,0,10,1961,False
Greg Peterson,/P/PeteGr99.htm,DE,0,3,2009,False
Kenny Peterson,/P/PeteKe21.htm,DT-DE,0,7,2009,False
Bob Petrich,/P/PetrBo21.htm,DE,0,5,1967,False
Duane Pettitt,/P/PettDu20.htm,DE,0,1,1987,False
Gary Pettigrew,/P/PettGa20.htm,DT-DE,0,9,1974,False
Kenneth Pettway,/P/PettKe20.htm,DE,0,3,2008,False
Gerry Philbin,/P/PhilGe00.htm,DE,0,10,1973,False
Joe Phillips,/P/PhilJo20.htm,NT-DT-DE,0,14,1999,False
Loyd Phillips,/P/PhilLo20.htm,DE,0,3,1969,False
Ray Phillips,/P/PhilRa21.htm,LB-DE,0,2,1987,False
Shaun Phillips,/P/PhilSh20.htm,DE,0,11,2014,False
Charles Philyaw,/P/PhilCh21.htm,DE,0,4,1979,False
Bill Pickel,/P/PickBi20.htm,NT-DT-DE,0,12,1994,False
Mike Piel,/P/PielMi20.htm,DE-NT,0,4,1992,False
Shurron Pierson,/P/PierSh20.htm,DE-LB,0,2,2004,False
Pete Pihos,/P/PihoPe00.htm,E-DE,1,9,1955,False
Mark Pike,/P/PikeMa20.htm,DE-LB,0,12,1998,False
Lawrence Pillers,/P/PillLa20.htm,DE-DT-NT,0,10,1985,False
Joyce Pipkin,/P/PipkJo20.htm,E-DE-BB,0,2,1949,False
Julian Pittman,/P/PittJu20.htm,DE,0,1,1998,False
Kavika Pittman,/P/PittKa20.htm,DE,0,8,2003,False
Mike Pitts,/P/PittMi20.htm,DT-DE,0,12,1994,False
George Platukis,/P/PlatGe20.htm,E-DE,0,5,1942,False
Anthony Pleasant,/P/PleaAn20.htm,DE-DT,0,14,2003,False
Kurt Ploeger,/P/PloeKu20.htm,DE-DT,0,2,1987,False
Bob Pollard,/P/PollBo20.htm,DE-DT,0,11,1981,False
Robert Pollard,/P/PollRo20.htm,DE,0,3,2006,False
Barney Poole,/P/PoolBa20.htm,DE-E,0,6,1954,False
Ken Poole,/P/PoolKe20.htm,DE,0,1,1981,False
Ollie Poole,/P/PoolOl20.htm,DE-E,0,3,1949,False
Ray Poole,/P/PoolRa20.htm,DE-E,0,6,1952,False
Robert Porcher,/P/PorcRo00.htm,DE-DT,0,12,2003,False
Rufus Porter,/P/PortRu00.htm,LB-DE,0,10,1997,False
Garry Porterfield,/P/PortGa20.htm,DE,0,1,1965,False
Jeff Posey,/P/PoseJe20.htm,LB-DE,0,9,2006,False
Keith Powe,/P/PoweKe20.htm,DE,0,2,1995,False
Carl Powell,/P/PoweCa20.htm,DE,0,9,2005,False
Charley Powell,/P/PoweCh20.htm,DE-LB-E,0,10,1961,False
Eric Powell,/P/PoweEr99.htm,DE,0,1,2007,False
Tim Powell,/P/PoweTi20.htm,DE,0,2,1966,False
Warren Powers,/P/PoweWa21.htm,DE,0,4,1992,False
Dean Prater,/P/PratDe20.htm,DE,0,7,1988,False
Daryl Price,/P/PricDa20.htm,DE,0,2,1997,False
Ernie Price,/P/PricEr20.htm,DE,0,7,1979,False
Shawn Price,/P/PricSh20.htm,DE-DT,0,10,2002,False
Terry Price,/P/PricTe20.htm,DE,0,1,1990,False
Mike Pringley,/P/PrinMi21.htm,DE,0,2,2000,False
Kelvin Pritchett,/P/PritKe20.htm,DT-DE,0,14,2004,False
Steve Pritko,/P/PritSt20.htm,E-DE,0,8,1950,False
Andrew Provence,/P/ProvAn20.htm,DT-DE,0,5,1987,False
Remi Prudhomme,/P/PrudRe20.htm,C-DE-G-DT,0,7,1972,False
Trevor Pryce,/P/PrycTr00.htm,DT-DE,0,14,2010,False
Jethro Pugh,/P/PughJe20.htm,DT-DE,0,14,1978,False
Dave Pureifory,/P/PureDa20.htm,DE-DT,0,11,1982,False
Frank Quillen,/Q/QuilFr20.htm,E-DE,0,2,1947,False
Bill Quinlan,/Q/QuinBi20.htm,DE,0,9,1965,False
Bruce Radford,/R/RadfBr20.htm,NT-DE,0,3,1981,False
George Rado,/R/RadoGe20.htm,G-DE,0,4,1938,False
Mike Raines,/R/RainMi20.htm,DT-DE,0,1,1974,False
Jim Ramey,/R/RameJi20.htm,DE,0,9,1987,False
Kaleb Ramsey,/R/RamsKa00.htm,DE,0,1,2014,False
Greg Ramsey,/R/RamsGr20.htm,DE,0,1,1987,False
Dennis Randall,/R/RandDe20.htm,DE-DT,0,2,1968,False
John Randle,/R/RandJo00.htm,DT-DE,1,14,2003,False
Kemp Rasmussen,/R/RasmKe20.htm,DE,0,4,2005,False
Don Ratliff,/R/RatlDo20.htm,DE,0,1,1975,False
Israel Raybon,/R/RaybIs20.htm,DE,0,2,1997,False
Tom Redmond,/R/RedmTo20.htm,DE-G-T,0,6,1965,False
Ben Reed,/R/ReedBe20.htm,DE,0,1,1987,False
Doug Reed,/R/ReedDo20.htm,DE-DT,0,7,1990,False
Henry Reed,/R/ReedHe20.htm,DE-LB,0,4,1974,False
Nick Reed,/R/ReedNi99.htm,DE,0,3,2011,False
Archie Reese,/R/ReesAr20.htm,DE-NT-DT,0,6,1983,False
Booker Reese,/R/ReesBo20.htm,DE,0,4,1985,False
Don Reese,/R/ReesDo20.htm,DT-DE,0,8,1981,False
Jerry Reese,/R/ReesJe20.htm,DE,0,1,1988,False
Carl Reeves,/R/ReevCa20.htm,DE,0,3,1998,False
Darrell Reid,/R/ReidDa20.htm,DE,0,5,2009,False
Bob Reifsnyder,/R/ReifBo20.htm,DE,0,2,1961,False
Jeff Reinke,/R/ReinJe20.htm,DE,0,1,1987,False
Bill Reissig,/R/ReisBi20.htm,BB-LB-DE,0,2,1939,False
Will Renfro,/R/RenfWi20.htm,DT-DE-T,0,5,1961,False
Jamal Reynolds,/R/ReynJa20.htm,DE,0,3,2003,False
Harold Rice,/R/RiceHa20.htm,DE,0,1,1971,False
Simeon Rice,/R/RiceSi00.htm,DE,0,12,2007,False
Bobby Richards,/R/RichBo20.htm,DE-DT,0,6,1967,False
Al Richardson,/R/RichAl21.htm,DE,0,1,1960,False
Huey Richardson,/R/RichHu20.htm,LB-DE,0,2,1992,False
Jay Richardson,/R/RichJa99.htm,DE,0,7,2013,False
Ryan Riddle,/R/RiddRy20.htm,DE,0,2,2006,False
Houston Ridge,/R/RidgHo20.htm,DE-DT,0,4,1969,False
Elston Ridgle,/R/RidgEl20.htm,DE,0,6,1992,False
Charles Riggins,/R/RiggCh20.htm,DE,0,1,1987,False
Jim Riley,/R/RileJi20.htm,DE,0,5,1971,False
Pat Riley,/R/RilePa20.htm,DE,0,1,1995,False
Constantin Ritzmann,/R/RitzCo20.htm,DE,0,1,2005,False
Gerald Rivers,/R/RiveGe00.htm,DE,0,2,2014,False
Joe Robb,/R/RobbJo00.htm,DE-LB,0,13,1971,False
James Roberson,/R/RobeJa20.htm,DE,0,4,1999,False
Lake Roberson,/R/RobeLa20.htm,DE,0,1,1945,False
Larry Roberts,/R/RobeLa21.htm,DE,0,8,1993,False
Tim Roberts,/R/RobeTi20.htm,DE,0,4,1995,False
Wes Roberts,/R/RobeWe20.htm,DE,0,1,1980,False
Bryan Robinson,/R/RobiBr20.htm,DT-DE,0,14,2010,False
Derreck Robinson,/R/RobiDe21.htm,DE,0,6,2010,False
Fred Robinson,/R/RobiFr22.htm,LB-DE,0,3,1986,False
Gerald Robinson,/R/RobiGe20.htm,DE-DT,0,9,1994,False
Glenn Robinson,/R/RobiGl20.htm,DE-LB,0,3,1977,False
Gregg Robinson,/R/RobiGr21.htm,DE-NT,0,1,1978,False
Luther Robinson,/R/RobiLu00.htm,DE,0,1,2014,False
Mike Robinson,/R/RobiMi20.htm,DE,0,2,1982,False
Ryan Robinson,/R/RobiRy01.htm,DE,0,2,2014,False
Lybrant Robinson,/R/RobiLy20.htm,DE,0,1,1989,False
Andy Robustelli,/R/RobuAn00.htm,DE,1,14,1964,False
Alden Roche,/R/RochAl20.htm,DE,0,9,1978,False
Doug Rogers,/R/RogeDo22.htm,DE,0,5,1986,False
Lamar Rogers,/R/RogeLa20.htm,DE,0,2,1992,False
Reggie Rogers,/R/RogeRe20.htm,DE,0,6,1992,False
Tyrone Rogers,/R/RogeTy20.htm,DE,0,6,2004,False
John Rokisky,/R/RokiJo20.htm,DE-E,0,3,1948,False
Benji Roland,/R/RolaBe20.htm,DE,0,1,1990,False
Nick Roman,/R/RomaNi20.htm,DE,0,5,1974,False
Hatch Rosdahl,/R/RosdHa20.htm,DE-DT,0,3,1966,False
Louis Ross,/R/RossLo20.htm,DE,0,5,1975,False
Tim Rossovich,/R/RossTi00.htm,LB-DE,0,9,1976,False
Matt Roth,/R/RothMa20.htm,DE,0,7,2011,False
Tony Rovinski,/R/RoviTo20.htm,E-DE,0,1,1933,False
Bob Rowe,/R/RoweBo00.htm,DT-DE,0,9,1975,False
Orpheus Roye,/R/RoyeOr20.htm,DT-DE,0,13,2008,False
Bob Rozier,/R/RoziBo20.htm,DE,0,1,1979,False
Angel Rubio,/R/RubiAn21.htm,DE,0,1,1999,False
Karl Rubke,/R/RubkKa20.htm,LB-C-DT-DE,0,12,1968,False
Mike Rucker,/R/RuckMi20.htm,DE,0,9,2007,False
Ben Rudolph,/R/RudoBe20.htm,DT-DE,0,6,1986,False
Coleman Rudolph,/R/RudoCo20.htm,DE-LB,0,4,1996,False
Council Rudolph,/R/RudoCo21.htm,DE,0,6,1977,False
Ernie Ruple,/R/RuplEr20.htm,DE,0,1,1968,False
Al Russas,/R/RussAl20.htm,T-DE,0,1,1949,False
Darrell Russell,/R/RussDa00.htm,DT-DE,0,7,2003,False
Jack Russell,/R/RussJa20.htm,E-DE,0,5,1950,False
Charlie Rutkowski,/R/RutkCh20.htm,DE,0,1,1960,False
Ed Ryan,/R/RyanEd20.htm,E-DE,0,1,1948,False
Joe Ryan,/R/RyanJo20.htm,DE,0,1,1960,False
Tim Ryan,/R/RyanTi20.htm,DE-DT,0,4,1993,False
Rod Saddler,/S/SaddRo20.htm,DT-DE,0,5,1991,False
Pio Sagapolutele,/S/SagaPi20.htm,DT-DE,0,7,1997,False
Abdul Salaam,/S/SalaAb20.htm,DT-NT-DE,0,8,1983,False
Dan Saleaumua,/S/SaleDa00.htm,DT-NT-DE,0,12,1998,False
Michael Sam,/S/SamxMi00.htm,DE,0,1,2014,False
Greg Sampson,/S/SampGr20.htm,T-DT-DE,0,7,1978,False
Gene Sanders,/S/SandGe20.htm,T-G-DE-NT,0,7,1985,False
Ken Sanders,/S/SandKe20.htm,DE,0,10,1981,False
Bill Sandifer,/S/SandBi21.htm,DT-DE,0,5,1978,False
Tony Sardisco,/S/SardTo20.htm,G-DE-LB,0,7,1962,False
Josh Savage,/S/SavaJo20.htm,DE,0,5,2008,False
Talance Sawyer,/S/SawyTa20.htm,DE,0,5,2003,False
Damik Scafe,/S/ScafDa00.htm,DE,0,3,2014,False
A.J. Schable,/S/SchaA.20.htm,DE,0,1,2006,False
Dick Schafrath,/S/SchaDi00.htm,T-G-DE,0,13,1971,False
Zud Schammel,/S/SchaZu20.htm,G-DE,0,1,1937,False
Greg Schaum,/S/SchaGr20.htm,DE,0,3,1978,False
Ralph Schilling,/S/SchiRa20.htm,DE-E,0,1,1946,False
Maury Schleicher,/S/SchlMa20.htm,DE-LB,0,4,1962,False
Herm Schmarr,/S/SchmHe20.htm,DE,0,1,1943,False
George Schmidt,/S/SchmGe20.htm,DE-C-LB,0,2,1953,False
Joe Schmiesing,/S/SchmJo21.htm,DE-DT,0,7,1974,False
Aaron Schobel,/S/SchoAa99.htm,DE,0,9,2009,False
Bo Schobel,/S/SchoBo20.htm,DE,0,4,2007,False
Gregg Schumacher,/S/SchuGr20.htm,DE,0,2,1968,False
Brian Schweda,/S/SchwBr21.htm,DE,0,3,1968,False
Brad Scioli,/S/ScioBr20.htm,DE-DT,0,6,2004,False
Cedric Scott,/S/ScotCe20.htm,DE,0,2,2002,False
Chris Scott,/S/ScotCh21.htm,DE,0,4,1987,False
Darrion Scott,/S/ScotDa20.htm,DE,0,8,2011,False
Greg Scott,/S/ScotGr20.htm,DE,0,3,2004,False
Stanley Scott,/S/ScotSt20.htm,DE,0,1,1987,False
Tom Scott,/S/ScotTo00.htm,DE-LB,0,12,1964,False
Trevor Scott,/S/ScotTr99.htm,DE,0,7,2014,False
Walter Scott,/S/ScotWa20.htm,DE,0,1,1996,False
Tracy Scroggins,/S/ScroTr20.htm,DE-LB,0,10,2001,False
Ed Scrutchins,/S/ScruEd20.htm,DE,0,1,1966,False
Leon Seals,/S/SealLe20.htm,DE,0,6,1992,False
Ray Seals,/S/SealRa21.htm,DE-NT,0,9,1997,False
Corey Sears,/S/SearCo20.htm,DE,0,7,2004,False
Mike Seifert,/S/SeifMi20.htm,DE,0,1,1974,False
Lee Roy Selmon,/S/SelmLe00.htm,DE-DT,1,9,1984,False
Bobby Setzer,/S/SetzBo20.htm,DE,0,2,2002,False
Jeff Sevy,/S/SevyJe20.htm,T-G-DT-DE,0,6,1980,False
Richard Seymour,/S/SeymRi00.htm,DE-DT,0,12,2012,False
John Shannon,/S/ShanJo20.htm,DT-DE,0,2,1989,False
Matt Shaughnessy,/S/ShauMa99.htm,DE,0,6,2014,False
Kendel Shello,/S/ShelKe20.htm,DE,0,3,1998,False
Jerry Sherk,/S/SherJe00.htm,DT-DE-NT,0,12,1981,False
Bud Sherrod,/S/SherBu20.htm,E-DE,0,1,1952,False
Lebron Shields,/S/ShieLe20.htm,DE-T,0,2,1961,False
John Shirk,/S/ShirJo20.htm,E-DE,0,1,1940,False
Hal Shoener,/S/ShoeHa20.htm,E-DE,0,3,1950,False
Herb Shoener,/S/ShoeHe20.htm,E-DE,0,2,1949,False
Bret Shugarts,/S/ShugBr20.htm,DE,0,1,1987,False
Marshall Shurnas,/S/ShurMa20.htm,E-DE,0,1,1947,False
John Siegal,/S/SiegJo20.htm,E-DE,0,5,1943,False
Sig Sigurdson,/S/SiguSi20.htm,E-DE,0,1,1947,False
Alex Silvestro,/S/SilvAl00.htm,DE,0,2,2012,False
Arnie Simkus,/S/SimkAr20.htm,DE-DT,0,3,1967,False
Clyde Simmons,/S/SimmCl00.htm,DE-DT,0,15,2000,False
Michael Simmons,/S/SimmMi21.htm,DE,0,2,1990,False
Tony Simmons,/S/SimmTo20.htm,DE,0,3,1987,False
Bob Simpson,/S/SimpBo20.htm,DE,0,1,1978,False
Howard Simpson,/S/SimpHo20.htm,DE,0,1,1964,False
Darryl Sims,/S/SimsDa20.htm,DE-NT,0,4,1988,False
Kenneth Sims,/S/SimsKe21.htm,DE,0,8,1989,False
Michael Sinclair,/S/SincMi00.htm,DE,0,11,2002,False
Walt Singer,/S/SingWa20.htm,E-DE,0,2,1936,False
Manny Sistrunk,/S/SistMa20.htm,DT-DE,0,10,1979,False
Otis Sistrunk,/S/SistOt00.htm,DT-DE-NT,0,7,1978,False
Brian Sisley,/S/SislBr20.htm,DE,0,1,1987,False
Bob Skoglund,/S/SkogBo20.htm,DE,0,1,1947,False
Jim Skow,/S/SkowJi20.htm,DE,0,7,1992,False
Joel Smeenge,/S/SmeeJo20.htm,DE-LB,0,11,2000,False
Don Smerek,/S/SmerDo20.htm,DT-DE,0,7,1987,False
Aaron Smith,/S/SmitAa99.htm,DE,0,13,2011,False
Allen Smith,/S/SmitAl20.htm,E-DE,0,2,1948,False
Anthony Smith,/S/SmitAn20.htm,DE,0,7,1997,False
Ben Smith,/S/SmitBe20.htm,E-BB-DE,0,5,1937,False
Bill Smith,/S/SmitBi20.htm,E-DE,0,6,1939,False
Artie Smith,/S/SmitAr21.htm,DE,0,6,1998,False
Billy Ray Smith,/S/SmitBi23.htm,DT-DE,0,14,1970,False
Brady Smith,/S/SmitBr21.htm,DE,0,10,2005,False
Bruce Smith,/S/SmitBr00.htm,DE,1,19,2003,False
Bubba Smith,/S/SmitBu00.htm,DE-DT,0,10,1976,False
Byron Smith,/S/SmitBy20.htm,DE-DT,0,2,1985,False
Charlie Smith,/S/SmitCh21.htm,DE,0,1,1956,False
Chuck Smith,/S/SmitCh23.htm,DE-LB,0,9,2000,False
Corey Smith,/S/SmitCo20.htm,DE,0,7,2008,False
Don Smith,/S/SmitDo22.htm,NT-DE-DT,0,9,1987,False
Donnell Smith,/S/SmitDo24.htm,DE,0,4,1974,False
Ed Smith,/S/SmitEd22.htm,DE,0,2,1974,False
Fernando Smith,/S/SmitFe20.htm,DE,0,7,2000,False
Greg Smith,/S/SmitGr20.htm,DE-NT,0,1,1984,False
Herman Smith,/S/SmitHe20.htm,DE,0,2,1996,False
Jack Smith,/S/SmitJa20.htm,DE-E,0,2,1943,False
Jeff Smith,/S/SmitJe23.htm,DE,0,1,1987,False
Jim Ray Smith,/S/SmitJi02.htm,G-T-DE,0,9,1964,False
Justin Smith,/S/SmitJu20.htm,DE,0,14,2014,False
Kenny Smith,/S/SmitKe23.htm,DT-DE,0,9,2009,False
Khreem Smith,/S/SmitKh20.htm,DE,0,2,2007,False
Mark Smith,/S/SmitMa20.htm,DT-DE,0,6,2002,False
Marty Smith,/S/SmitMa22.htm,DT-DE,0,1,1976,False
Neil Smith,/S/SmitNe00.htm,DE,0,13,2000,False
Paul Smith,/S/SmitPa01.htm,DT-DE,0,13,1980,False
Quanterus Smith,/S/SmitQu00.htm,DE,0,1,2014,False
Robaire Smith,/S/SmitRo21.htm,DE-DT,0,11,2010,False
Robert Smith,/S/SmitRo22.htm,DE,0,1,1985,False
Sean Smith,/S/SmitSe20.htm,DE-DT,0,3,1989,False
Sean Smith,/S/SmitSe21.htm,DE,0,2,1991,False
Steve Smith,/S/SmitSt20.htm,T-DE,0,9,1974,False
Tody Smith,/S/SmitTo20.htm,DE,0,6,1976,False
Torin Smith,/S/SmitTo21.htm,DE,0,1,1987,False
Will Smith,/S/SmitWi99.htm,DE,0,9,2012,False
Zeke Smith,/S/SmitZe20.htm,LB-G-DE,0,2,1961,False
Bill Smyth,/S/SmytBi20.htm,DE-E-T,0,4,1950,False
Ron Snidow,/S/SnidRo20.htm,DE-DT,0,10,1972,False
Cal Snowden,/S/SnowCa20.htm,DE,0,5,1973,False
Jim Snowden,/S/SnowJi20.htm,T-DE,0,7,1971,False
Brian Sochia,/S/SochBr00.htm,NT-DE,0,10,1992,False
Anthony Spears,/S/SpeaAn20.htm,DE,0,1,1989,False
Marcus Spears,/S/SpeaMa21.htm,DE,0,9,2013,False
Ron Spears,/S/SpeaRo20.htm,DE,0,2,1983,False
Alonzo Spellman,/S/SpelAl20.htm,DE-DT,0,10,2001,False
Anthony Spencer,/S/SpenAn99.htm,DE,0,8,2014,False
Paul Spicer,/S/SpicPa20.htm,DE,0,10,2008,False
Art Spinney,/S/SpinAr00.htm,G-DE,0,11,1960,False
Greg Spires,/S/SpirGr20.htm,DE,0,10,2007,False
Marc Spindler,/S/SpinMa20.htm,DE-NT-DT,0,9,1998,False
Ed Sprinkle,/S/SpriEd00.htm,DE-E-G-LB,0,12,1955,False
Mike St. Clair,/S/St.CMi20.htm,DE,0,7,1982,False
Jeremy Staat,/S/StaaJe20.htm,DE,0,6,2003,False
Dick Stafford,/S/StafDi20.htm,DE,0,2,1963,False
Jeff Staggs,/S/StagJe20.htm,LB-DE,0,8,1974,False
Don Stallings,/S/StalDo20.htm,DT-DE-T,0,1,1960,False
Ramondo Stallings,/S/StalRa20.htm,DE,0,4,1997,False
Dave Stalls,/S/StalDa20.htm,DE-DT-NT,0,9,1985,False
Ron Stallworth,/S/StalRo21.htm,DE,0,2,1990,False
John Stamper,/S/StamJo21.htm,DE,0,1,2002,False
Harry Stanback,/S/StanHa20.htm,DE,0,1,1982,False
Bill Stanfill,/S/StanBi00.htm,DE,0,8,1976,False
Bill Stanton,/S/StanBi20.htm,DE,0,1,1949,False
Jordan Stanton,/S/StanJo01.htm,DE,0,1,2014,False
Randy Staten,/S/StatRa21.htm,DE,0,1,1967,False
Ernie Stautner,/S/StauEr00.htm,DT-DE-G,1,14,1963,False
Mike Stensrud,/S/StenMi20.htm,NT-DE-DT,0,11,1989,False
Hal Stephens,/S/StepHa20.htm,DE,0,1,1985,False
Larry Stephens,/S/StepLa20.htm,DE-DT,0,8,1967,False
Andrew Stewart,/S/StewAn20.htm,DE,0,1,1989,False
Art Still,/S/StilAr00.htm,DE,0,12,1989,False
Gary Stills,/S/StilGa00.htm,DE,0,10,2008,False
Roger Stillwell,/S/StilRo20.htm,DT-DE,0,3,1977,False
Carel Stith,/S/StitCa20.htm,DT-DE,0,3,1969,False
Fred Stokes,/S/StokFr20.htm,DE,0,10,1996,False
Tom Stolhandske,/S/StolTo20.htm,LB-DE,0,1,1955,False
Jeff Stover,/S/StovJe20.htm,DE-DT,0,7,1988,False
Art Strahan,/S/StraAr20.htm,DT-DE,0,4,1968,False
Michael Strahan,/S/StraMi02.htm,DE,1,15,2007,False
Thomas Strauthers,/S/StraTh20.htm,DE-DT,0,9,1991,False
James Stroschein,/S/StroJa20.htm,DE,0,1,1951,False
Danny Stubbs,/S/StubDa20.htm,DE-LB,0,11,1998,False
Jim Stuckey,/S/StucJi20.htm,DE,0,7,1986,False
Mark Studaway,/S/StudMa20.htm,DE,0,4,1987,False
Oscar Sturgis,/S/SturOs20.htm,DE,0,1,1995,False
Andy Stynchula,/S/StynAn20.htm,DE-DT,0,9,1968,False
Leo Sugar,/S/SugaLe00.htm,DE,0,9,1962,False
Joe Sulaitis,/S/SulaJo20.htm,B-G-DE-E,0,11,1953,False
George Sulima,/S/SuliGe20.htm,E-DE,0,3,1954,False
Carl Sullivan,/S/SullCa20.htm,DE,0,1,1987,False
Chris Sullivan,/S/SullCh20.htm,DE,0,5,2000,False
Jim Sullivan,/S/SullJi20.htm,DT-DE,0,1,1970,False
Pat Summerall,/S/SummPa20.htm,DE-E-K,0,10,1961,False
Doug Sutherland,/S/SuthDo21.htm,DT-G-DE,0,12,1981,False
Chaz Sutton,/S/SuttCh00.htm,DE,0,1,2014,False
Mike Sutton,/S/SuttMi22.htm,DE,0,1,1998,False
Mitch Sutton,/S/SuttMi23.htm,DE,0,2,1975,False
Ricky Sutton,/S/SuttRi20.htm,DE-DT,0,1,1993,False
Bill Swancutt,/S/SwanBi20.htm,DE,0,1,2005,False
Eric Swann,/S/SwanEr00.htm,DT-DE,0,10,2000,False
Shawn Swayda,/S/SwaySh20.htm,DE,0,4,2001,False
Harry Swayne,/S/SwayHa20.htm,T-DE,0,15,2001,False
Pat Swilling,/S/SwilPa00.htm,LB-DE,0,13,1998,False
Rashod Swinger,/S/SwinRa20.htm,DT-DE,0,3,1999,False
Joe Sykes,/S/SykeJo20.htm,DE,0,1,2006,False
Jim Szymanski,/S/SzymJi20.htm,DE,0,2,1991,False
Phil Tabor,/T/TaboPh20.htm,DE-NT-DT,0,4,1982,False
Joe Tafoya,/T/TafoJo20.htm,DE,0,7,2007,False
Joe Taibi,/T/TaibJo20.htm,DE,0,1,1987,False
Art Tait,/T/TaitAr20.htm,DE,0,2,1952,False
Diron Talbert,/T/TalbDi00.htm,DT-DE,0,14,1980,False
Ronald Talley,/T/TallRo00.htm,DE,0,3,2013,False
Sam Tamburo,/T/TambSa20.htm,DE,0,1,1949,False
Maa Tanuvasa,/T/TanuMa20.htm,DE-DT,0,7,2001,False
George Tarasovic,/T/TaraGe20.htm,DE-LB-C,0,15,1966,False
Jess Tatum,/T/TatuJe20.htm,E-DE,0,1,1938,False
Josh Taves,/T/TaveJo21.htm,DE,0,3,2002,False
Bob Taylor,/T/TaylBo20.htm,DE-DT,0,2,1964,False
Hosea Taylor,/T/TaylHo20.htm,DE,0,3,1983,False
Jason Taylor,/T/TaylJa03.htm,DE,1,15,2011,False
Malcolm Taylor,/T/TaylMa20.htm,DE,0,8,1989,False
Monte Taylor,/T/TaylMo00.htm,DE,0,1,2012,False
Daniel Te'o-Nesheim,/T/Teo-Da99.htm,DE,0,4,2013,False
Mike Teeter,/T/TeetMi20.htm,DE-DT,0,4,1994,False
Lance Teichelman,/T/TeicLa20.htm,DE-DT,0,1,1994,False
Jim Temp,/T/TempJi20.htm,DE,0,4,1960,False
Joe Tereshinski,/T/TereJo20.htm,DE-E-LB,0,8,1954,False
Ray Tesser,/T/TessRa20.htm,E-DE,0,2,1934,False
Richard Tharpe,/T/TharRi20.htm,DE-NT,0,1,1987,False
John Thierry,/T/ThieJo20.htm,DE,0,9,2002,False
Adalius Thomas,/T/ThomAd00.htm,LB-DE,0,10,2009,False
Ben Thomas,/T/ThomBe20.htm,DE-NT,0,7,1991,False
Broderick Thomas,/T/ThomBr20.htm,LB-DE,0,9,1997,False
Bryan Thomas,/T/ThomBr21.htm,DE,0,11,2012,False
Cornell Thomas,/T/ThomCo20.htm,DE,0,1,1994,False
Josh Thomas,/T/ThomJo25.htm,DE,0,6,2009,False
Lee Thomas,/T/ThomLe20.htm,DE,0,3,1973,False
Mark Thomas,/T/ThomMa20.htm,DE,0,9,2001,False
Marvin Thomas,/T/ThomMa22.htm,DE,0,1,1998,False
Ralph Thomas,/T/ThomRa20.htm,E-DE,0,5,1956,False
Don Thompson,/T/ThomDo23.htm,DE,0,3,1964,False
Donnell Thompson,/T/ThomDo25.htm,DE,0,11,1991,False
Everrette Thompson,/T/ThomEv00.htm,DE,0,1,2012,False
Hal Thompson,/T/ThomHa20.htm,E-DE,0,2,1948,False
Jeremy Thompson,/T/ThomJe99.htm,DE,0,2,2009,False
Steve Thompson,/T/ThomSt22.htm,DT-DE,0,6,1973,False
Zach Thompson,/T/ThomZa02.htm,DE,0,1,2014,False
Bruce Thornton,/T/ThorBr20.htm,DE-DT,0,4,1982,False
George Thornton,/T/ThorGe20.htm,DT-DE-NT,0,3,1993,False
Don Thorp,/T/ThorDo20.htm,NT-DE,0,5,1988,False
Jabbar Threats,/T/ThreJa20.htm,DE,0,2,1998,False
Wilfred Thorpe,/T/ThorWi20.htm,G-LB-DE,0,2,1942,False
Faddie Tillman,/T/TillFa20.htm,DT-DE,0,1,1972,False
Dave Tipton,/T/TiptDa20.htm,DE-DT,0,6,1976,False
Bob Titchenal,/T/TitcBo20.htm,E-C-LB-DE,0,8,1947,False
Dave Tollefson,/T/TollDa99.htm,DE,0,6,2012,False
Tony Tolbert,/T/TolbTo00.htm,DE,0,9,1997,False
Mel Tom,/T/TomxMe20.htm,DE,0,9,1975,False
Jared Tomich,/T/TomiJa20.htm,DE,0,6,2002,False
Bob Toneff,/T/ToneBo00.htm,DT-DE-T-LB-G,0,13,1964,False
Pat Toomay,/T/ToomPa20.htm,DE,0,10,1979,False
LaVerne Torczon,/T/TorcLa00.htm,DE,0,7,1966,False
Mao Tosi,/T/TosiMa20.htm,DT-DE,0,2,2001,False
Willie Townes,/T/TownWi20.htm,DE-DT,0,5,1970,False
Andre Townsend,/T/TownAn20.htm,DE-NT,0,7,1990,False
Greg Townsend,/T/TownGr00.htm,DE-LB-DT-NT,0,15,1997,False
John Tracey,/T/TracJo00.htm,LB-E-DE,0,9,1967,False
Gene Trosch,/T/TrosGe20.htm,DE,0,3,1969,False
R-Kal Truluck,/T/TrulR-20.htm,DE,0,4,2005,False
Natu Tuatagaloa,/T/TuatNa20.htm,DE,0,7,1995,False
Manu Tuiasosopo,/T/TuiaMa20.htm,DT-NT-DE,0,8,1986,False
Van Tuinei,/T/TuinVa20.htm,DE,0,4,2000,False
Jeff Tupper,/T/TuppJe20.htm,DE,0,2,1987,False
Doug Turley,/T/TurlDo20.htm,E-DE,0,5,1948,False
Renaldo Turnbull,/T/TurnRe00.htm,DE-LB,0,8,1997,False
Calvin Turner,/T/TurnCa20.htm,DE,0,1,1987,False
Hal Turner,/T/TurnHa20.htm,DE,0,1,1954,False
T.J. Turner,/T/TurnT.20.htm,DE-NT,0,7,1992,False
Jim Tyree,/T/TyreJi20.htm,E-DE,0,1,1948,False
DeAngelo Tyson,/T/TysoDe00.htm,DE,0,3,2014,False
Kenechi Udeze,/U/UdezKe20.htm,DE,0,4,2007,False
Hub Ulrich,/U/UlriHu20.htm,E-DE,0,1,1946,False
Mike Ulufale,/U/UlufMi20.htm,DT-DE,0,1,1996,False
Osi Umenyiora,/U/UmenOs99.htm,DE,0,12,2014,False
Terry Unrein,/U/UnreTe20.htm,NT-DE,0,2,1987,False
Marvin Upshaw,/U/UpshMa20.htm,DE-DT,0,9,1976,False
Regan Upshaw,/U/UpshRe20.htm,DE,0,9,2004,False
Alex Urban,/U/UrbaAl20.htm,DE-E,0,5,1945,False
Emil Uremovich,/U/UremEm20.htm,T-DE-E,0,8,1948,False
Walt Uzdavinis,/U/UzdaWa20.htm,DE-E-T,0,1,1937,False
Bob Van Doren,/V/VanDBo20.htm,DE,0,1,1953,False
Kyle Vanden Bosch,/V/VandKy99.htm,DE,0,12,2012,False
Phil Vandersea,/V/VandPh20.htm,LB-DE,0,4,1969,False
Al Vandeweghe,/V/VandAl20.htm,E-DE,0,1,1946,False
Ruben Vaughan,/V/VaugRu20.htm,DT-NT-DE,0,6,1984,False
Chase Vaughn,/V/VaugCh00.htm,DE,0,1,2014,False
Khaleed Vaughn,/V/VaugKh20.htm,DE,0,1,2004,False
Ted Vaught,/V/VaugTe20.htm,DE-E,0,1,1955,False
Demetrin Veal,/V/VealDe20.htm,DE,0,5,2007,False
Jason Vega,/V/VegaJa00.htm,DE,0,1,2013,False
David Veikune,/V/VeikDa99.htm,DE,0,2,2010,False
Garin Veris,/V/VeriGa20.htm,DE,0,8,1992,False
Vic Vidoni,/V/VidoVi20.htm,E-DE,0,2,1936,False
Scott Virkus,/V/VirkSc20.htm,DE,0,3,1985,False
Don Vosberg,/V/VosbDo20.htm,E-DE,0,1,1941,False
Lloyd Voss,/V/VossLl20.htm,DE-DT,0,9,1972,False
Kimo von Oelhoffen,/V/vonOKi20.htm,DE-NT-DT,0,14,2007,False
Andre Wadsworth,/W/WadsAn20.htm,DE,0,3,2000,False
Henry Waechter,/W/WaecHe20.htm,DE-DT,0,6,1987,False
Carl Wafer,/W/WafeCa20.htm,DE,0,1,1974,False
Fred Wakefield,/W/WakeFr00.htm,DE-T,0,8,2008,False
Kerwin Waldroup,/W/WaldKe20.htm,DE,0,3,1998,False
Mark Walen,/W/WaleMa20.htm,DT-DE,0,2,1988,False
Chuck Walker,/W/WalkCh00.htm,DT-DE,0,12,1975,False
Gary Walker,/W/WalkGa00.htm,DT-DE,0,11,2005,False
Kenny Walker,/W/WalkKe20.htm,DE,0,2,1992,False
Mike Walker,/W/WalkMi22.htm,DE,0,1,1971,False
Al Wallace,/W/WallAl20.htm,DE,0,10,2006,False
Cal Wallace,/W/WallCa20.htm,DE,0,1,1987,False
Matt Walters,/W/WaltMa20.htm,DE,0,1,2003,False
Joe Walton,/W/WaltJo01.htm,E-DE,0,7,1963,False
Chris Ward,/W/WardCh21.htm,DE,0,1,1997,False
David Ward,/W/WardDa20.htm,E-DE,0,1,1933,False
John Ward,/W/WardJo20.htm,G-DE-C,0,7,1976,False
Duane Wardlow,/W/WardDu20.htm,DE,0,3,1956,False
Ron Warner,/W/WarnRo20.htm,DE,0,7,2004,False
Frank Warren,/W/WarrFr20.htm,DE-NT,0,14,1994,False
Ty Warren,/W/WarrTy20.htm,DE-DT,0,10,2012,False
Xavier Warren,/W/WarrXa20.htm,DE,0,1,1987,False
John Washington,/W/WashJo20.htm,DE-NT,0,8,1993,False
Keith Washington,/W/WashKe20.htm,DE,0,9,2004,False
Marvin Washington,/W/WashMa21.htm,DE-DT,0,11,1999,False
Jerry Watford,/W/WatfJe20.htm,G-E-DE,0,2,1954,False
Bob Watters,/W/WattBo20.htm,DE,0,3,1964,False
Randy Watts,/W/WattRa20.htm,DE-DT,0,1,1987,False
Colston Weatherington,/W/WeatCo20.htm,DE,0,1,2002,False
Anthony Weaver,/W/WeavAn20.htm,DE,0,7,2008,False
Jimmy Webb,/W/WebbJi20.htm,DT-DE,0,7,1981,False
Chuck Weber,/W/WebeCh21.htm,LB-DE-G,0,7,1961,False
Larry Webster,/W/WebsLa20.htm,DT-DE,0,11,2002,False
George Weeks,/W/WeekGe20.htm,DE,0,1,1944,False
Art Weiner,/W/WeinAr20.htm,E-DE,0,1,1950,False
Don Wells,/W/WellDo20.htm,DE-E,0,4,1949,False
Jonathan Welsh,/W/WelsJo20.htm,DE,0,1,2005,False
Bob Werl,/W/WerlBo20.htm,DE-G,0,1,1966,False
Jamaal Westerman,/W/WestJa99.htm,DE,0,5,2013,False
Rhondy Weston,/W/WestRh20.htm,DE,0,1,1989,False
Tom Wham,/W/WhamTo00.htm,DE-E,0,3,1951,False
Jim Whatley,/W/WhatJi20.htm,T-DE-E,0,3,1938,False
Alberto White,/W/WhitAl20.htm,DE,0,3,1996,False
Chris White,/W/WhitCh21.htm,DE,0,1,2000,False
Dewayne White,/W/WhitDe20.htm,DE,0,7,2009,False
Dwight White,/W/WhitDw00.htm,DE,0,10,1980,False
Jim White,/W/WhitJi21.htm,DE,0,5,1976,False
Markus White,/W/WhitMa01.htm,DE,0,2,2012,False
Mike White,/W/WhitMi20.htm,DT-DE-NT,0,4,1982,False
Randy White,/W/WhitRa00.htm,DT-LB-DE,1,14,1988,False
Reggie White,/W/WhitRe00.htm,DE-DT,1,16,2000,False
Robb White,/W/WhitRo21.htm,DE-NT,0,3,1990,False
Sherman White,/W/WhitSh21.htm,DE,0,12,1983,False
Stylez G. White,/W/WhitGr99.htm,DE,0,4,2010,False
Steve White,/W/WhitSt21.htm,DE,0,7,2002,False
Willie Whitehead,/W/WhitWi23.htm,DE-DT,0,8,2006,False
Aston Whiteside,/W/WhitAs00.htm,DE,0,1,2012,False
Brandon Whiting,/W/WhitBr21.htm,DE-DT,0,7,2004,False
Bernard Whittington,/W/WhitBe20.htm,DE-DT,0,9,2002,False
Murray Wichard,/W/WichMu20.htm,NT-DE,0,1,1987,False
Paul Wiggin,/W/WiggPa00.htm,DE,0,11,1967,False
Bill Wightkin,/W/WighBi00.htm,T-DE-E,0,8,1957,False
John Wilbur,/W/WilbJo20.htm,G-DE,0,9,1974,False
Steve Wilburn,/W/WilbSt20.htm,DE,0,1,1987,False
Bert Wilder,/W/WildBe20.htm,DE-DT,0,4,1967,False
Chuck Wiley,/W/WileCh21.htm,DE,0,6,2004,False
Marcellus Wiley,/W/WileMa00.htm,DE,0,10,2006,False
Daryl Wilkerson,/W/WilkDa20.htm,DE,0,1,1981,False
Jimmy Wilkerson,/W/WilkJi20.htm,DE,0,8,2010,False
David Wilkins,/W/WilkDa21.htm,DE-LB,0,1,1992,False
Gabe Wilkins,/W/WilkGa20.htm,DE-DT,0,6,1999,False
Roy Wilkins,/W/WilkRo20.htm,LB-DE,0,4,1961,False
Dan Wilkinson,/W/WilkDa22.htm,DT-DE,0,13,2006,False
Jerry Wilkinson,/W/WilkJe20.htm,DE,0,2,1980,False
Jim Wilks,/W/WilkJi21.htm,DE-NT,0,13,1993,False
Norm Willey,/W/WillNo00.htm,DE-G-E,0,8,1957,False
Cole Willging,/W/WillCo20.htm,E-DE,0,1,1934,False
Alfred Williams,/W/WillAl00.htm,DE-LB,0,9,1999,False
Andrew Williams,/W/WillAn20.htm,DE,0,2,2004,False
Ben Williams,/W/WillBe00.htm,DE-NT,0,10,1985,False
Brandon Williams,/W/WillBr95.htm,DE,0,1,2010,False
Brent Williams,/W/WillBr20.htm,DE,0,11,1996,False
Dan Williams,/W/WillDa20.htm,DE-DT,0,8,2000,False
Eric Williams,/W/WillEr21.htm,DE-DT-NT,0,10,1993,False
Gerald Williams,/W/WillGe22.htm,NT-DE-DT,0,12,1997,False
James Williams,/W/WillJa03.htm,T-DE-DT,0,12,2002,False
Jay Williams,/W/WillJa26.htm,DE,0,10,2004,False
John Williams,/W/WillJo26.htm,T-G-DE,0,12,1979,False
Lamanzer Williams,/W/WillLa20.htm,DE,0,1,1998,False
Lester Williams,/W/WillLe22.htm,NT-DE,0,6,1987,False
Lee Williams,/W/WillLe01.htm,DE-DT,0,10,1993,False
Melvin Williams,/W/WillMe20.htm,DE,0,2,2004,False
Sam Williams,/W/WillSa20.htm,DE-E-LB,0,9,1967,False
Sam Williams,/W/WillSa22.htm,DE,0,8,2010,False
Steve Williams,/W/WillSt22.htm,DE,0,1,1974,False
Sweeny Williams,/W/WillSw20.htm,DE,0,8,1977,False
Toby Williams,/W/WillTo20.htm,NT-DE-DT,0,6,1988,False
Tom Williams,/W/WillTo22.htm,DT-DE,0,2,1971,False
Tyrone Williams,/W/WillTy21.htm,DE,0,5,2001,False
Keith Willis,/W/WillKe26.htm,DE-NT,0,12,1993,False
Diddie Willson,/W/WillDi20.htm,G-E-DE,0,3,1935,False
Chris Wilson,/W/WilsCh99.htm,DE,0,6,2012,False
E.J. Wilson,/W/WilsE.99.htm,DE,0,1,2010,False
Earl Wilson,/W/WilsEa20.htm,DE,0,3,1987,False
George Wilson,/W/WilsGe22.htm,E-DE,0,10,1946,False
Gillis Wilson,/W/WilsGi21.htm,DE,0,1,2001,False
Jerry Wilson,/W/WilsJe21.htm,DE,0,2,1960,False
Karl Wilson,/W/WilsKa20.htm,DE-DT,0,9,1995,False
Reinard Wilson,/W/WilsRe20.htm,LB-DE,0,6,2002,False
Troy Wilson,/W/WilsTr21.htm,DE,0,9,2001,False
Jason Wiltz,/W/WiltJa20.htm,DT-DE,0,2,2000,False
Ab Wimberly,/W/WimbAb00.htm,DE-E,0,4,1952,False
Derek Wimberly,/W/WimbDe20.htm,DE,0,1,1987,False
Kamerion Wimbley,/W/WimbKa20.htm,DE,0,9,2014,False
Jeff Winans,/W/WinaJe20.htm,G-DE-T-DT,0,6,1978,False
Elmer Wingate,/W/WingEl20.htm,DE,0,1,1953,False
Dean Wink,/W/WinkDe20.htm,DE-DT,0,2,1968,False
Bob Winkel,/W/WinkBo20.htm,DT-DE,0,2,1980,False
Francis Winkler,/W/WinkFr20.htm,DE,0,2,1969,False
Bob Winslow,/W/WinsBo20.htm,DE,0,1,1940,False
Blaise Winter,/W/WintBl20.htm,DE-DT-NT,0,11,1994,False
Dennis Wirgowski,/W/WirgDe20.htm,DE-DT,0,4,1973,False
Mike Wise,/W/WiseMi20.htm,DE,0,6,1991,False
Grant Wistrom,/W/WistGr20.htm,DE,0,9,2006,False
Billy Witt,/W/WittBi20.htm,DE,0,1,1987,False
Mel Witt,/W/WittMe20.htm,DE-DT,0,4,1970,False
Jim Wolf,/W/WolfJi20.htm,DT-DE,0,3,1976,False
Bo Wood,/W/WoodBo20.htm,DE,0,1,1967,False
Ray Woodard,/W/WoodRa20.htm,DE,0,1,1987,False
John Woodcock,/W/WoodJo21.htm,DT-DE,0,7,1982,False
Glenn Woods,/W/WoodGl20.htm,DE,0,1,1969,False
Tony Woods,/W/WoodTo20.htm,DE-LB,0,10,1996,False
Freddie Woodson,/W/WoodFr20.htm,G-DT-DE,0,3,1969,False
Corey Wootton,/W/WootCo99.htm,DE,0,5,2014,False
Mark Word,/W/WordMa20.htm,DE,0,5,2003,False
Jason Worilds,/W/WoriJa99.htm,DE,0,5,2014,False
Alvin Wright,/W/WrigAl20.htm,NT-DT-DE,0,7,1992,False
Mike Wright,/W/WrigMi20.htm,DT-DE,0,7,2011,False
Sylvester Wright,/W/WrigSy20.htm,DE-LB,0,2,1996,False
James Wyche,/W/WychJa00.htm,DE,0,1,2009,False
Jarius Wynn,/W/WynnJa99.htm,DE,0,6,2014,False
Ellis Wyms,/W/WymsEl20.htm,DE,0,8,2008,False
Renaldo Wynn,/W/WynnRe20.htm,DE-DT,0,13,2009,False
Will Wynn,/W/WynnWi20.htm,DE,0,5,1977,False
Ron Yankowski,/Y/YankRo20.htm,DE,0,10,1980,False
William Yearby,/Y/YearWi20.htm,DE,0,1,1966,False
Jeff Yeates,/Y/YeatJe20.htm,DE-DT-G,0,11,1984,False
Bill Yelverton,/Y/YelvBi20.htm,DE,0,1,1960,False
Mack Yoho,/Y/YohoMa20.htm,DE-K,0,4,1963,False
John Youboty,/Y/YoubJo00.htm,DE,0,1,2014,False
John Yonakor,/Y/YonaJo20.htm,E-DE-DT,0,7,1952,False
Maury Youmans,/Y/YoumMa20.htm,DE,0,6,1965,False
Bob Young,/Y/YounBo00.htm,G-DE-DT,0,16,1981,False
Bryant Young,/Y/YounBr00.htm,DT-DE,0,14,2007,False
George Young,/Y/YounGe20.htm,DE-E,0,8,1953,False
Jim Young,/Y/YounJi20.htm,DE,0,3,1979,False
Joe Young,/Y/YounJo20.htm,DE,0,2,1961,False
Kevin Young,/Y/YounKe20.htm,DE,0,1,1987,False
Mitchell Young,/Y/YounMi21.htm,DE,0,1,1987,False
Robert Young,/Y/YounRo20.htm,DE-DT,0,6,1996,False
Wilbur Young,/Y/YounWi20.htm,DE-DT,0,12,1982,False
Jack Youngblood,/Y/YounJa00.htm,DE,1,14,1984,False
Sid Youngelman,/Y/YounSi20.htm,DT-DE,0,9,1963,False
Walt Yowarsky,/Y/YowaWa20.htm,DE-C-T,0,8,1958,False
John Yovicsin,/Y/YoviJo20.htm,DE,0,1,1944,False
Willie Zapalac,/Z/ZapaWi20.htm,LB-DE,0,3,1973,False
Roger Zatkoff,/Z/ZatkRo00.htm,LB-DE,0,6,1958,False
Peppi Zellner,/Z/ZellPe20.htm,DE,0,6,2004,False
Jack Zilly,/Z/ZillJa20.htm,DE-E,0,6,1952,False
Joe Zombek,/Z/ZombJo20.htm,DE-E,0,2,1955,False
John Zook,/Z/ZookJo00.htm,DE,0,11,1979,False
