Name,URL,Position,HallOfFame,TotalYears,LastYear,Active
Fay Abbott,/A/AbboFa20.htm,BB-FB-TB-QB-WB-E,0,9,1929,False
Tony Adams,/A/AdamTo00.htm,QB,0,13,1987,False
Sam Adkins,/A/AdkiSa00.htm,QB,0,5,1981,False
Troy Aikman,/A/AikmTr00.htm,QB,1,12,2000,False
Frankie Albert,/A/AlbeFr00.htm,QB-DB,0,7,1952,False
Don Allard,/A/AllaDo20.htm,QB,0,2,1962,False
Ermal Allen,/A/AlleEr20.htm,QB-DB,0,1,1947,False
Billy Guy Anderson,/A/AndeBi21.htm,QB,0,1,1967,False
Ken Anderson,/A/AndeKe00.htm,QB,0,16,1986,False
David Archer,/A/ArchDa00.htm,QB,0,6,1989,False
Rick Arrington,/A/ArriRi00.htm,QB,0,3,1972,False
Kent Austin,/A/AustKe20.htm,QB,0,1,1986,False
Bob Avellini,/A/AvelBo00.htm,QB,0,10,1984,False
Richard Badar,/B/BadaRi20.htm,QB,0,1,1967,False
Ed Baker,/B/BakeEd00.htm,QB,0,1,1972,False
Terry Baker,/B/BakeTe00.htm,QB,0,3,1965,False
Tony Banks,/B/BankTo00.htm,QB,0,10,2005,False
Lou Barle,/B/BarlLo20.htm,HB-QB,0,2,1939,False
Joe Barnes,/B/BarnJo01.htm,QB,0,1,1974,False
Pat Barnes,/B/BarnPa20.htm,QB,0,1,1999,False
Dave Barr,/B/BarrDa20.htm,QB,0,1,1995,False
Richard Bartel,/B/BartRi00.htm,QB,0,2,2011,False
Steve Bartkowski,/B/BartSt00.htm,QB,0,12,1986,False
Greg Barton,/B/BartGr20.htm,QB,0,1,1969,False
Brett Basanez,/B/BasaBr00.htm,QB,0,1,2006,False
Charlie Batch,/B/BatcCh00.htm,QB,0,15,2012,False
Sammy Baugh,/B/BaugSa00.htm,QB-TB,1,16,1952,False
Pete Beathard,/B/BeatPe00.htm,QB,0,10,1973,False
Gary Beban,/B/BebaGa00.htm,QB,0,2,1969,False
John Beck,/B/BeckJo00.htm,QB,0,5,2011,False
Kerwin Bell,/B/BellKe00.htm,QB,0,1,1996,False
Guy Benjamin,/B/BenjGu00.htm,QB,0,6,1983,False
Fred Benners,/B/BennFr00.htm,QB,0,1,1952,False
Ben Bennett,/B/BennBe20.htm,QB,0,1,1987,False
Brock Berlin,/B/BerlBr00.htm,QB,0,2,2008,False
Bob Berry,/B/BerrBo00.htm,QB,0,11,1975,False
Angelo Bertelli,/B/BertAn20.htm,QB,0,3,1948,False
McLeod Bethel-Thompson,/B/BethMc00.htm,QB,0,3,2014,False
Steve Beuerlein,/B/BeueSt00.htm,QB,0,16,2003,False
Michael Bishop,/B/BishMi00.htm,QB,0,1,2000,False
Todd Blackledge,/B/BlacTo00.htm,QB,0,7,1989,False
Jeff Blake,/B/BlakJe00.htm,QB,0,14,2005,False
Matt Blanchard,/B/BlanMa00.htm,QB,0,3,2014,False
George Blanda,/B/BlanGe00.htm,QB,1,27,1975,False
Drew Bledsoe,/B/BledDr00.htm,QB,0,14,2006,False
Bob Bleier,/B/BleiBo20.htm,QB,0,1,1987,False
Ed Blount,/B/BlouEd20.htm,QB,0,1,1987,False
Jeb Blount,/B/BlouJe00.htm,QB,0,1,1977,False
Matt Blundin,/B/BlunMa00.htm,QB,0,5,1997,False
Kyle Boller,/B/BollKy00.htm,QB,0,9,2011,False
Brooks Bollinger,/B/BollBr00.htm,QB,0,5,2008,False
Steve Bono,/B/BonoSt00.htm,QB,0,15,1999,False
John Borton,/B/BortJo20.htm,QB,0,1,1957,False
Mike Boryla,/B/BoryMi00.htm,QB,0,5,1978,False
Todd Bouman,/B/BoumTo00.htm,QB,0,10,2010,False
Tommy Boutwell,/B/BoutTo00.htm,WR-QB,0,1,1969,False
Charlie Brackins,/B/BracCh20.htm,QB,0,1,1955,False
Steve Bradley,/B/BradSt20.htm,QB,0,1,1987,False
Craig Bradshaw,/B/BradCr20.htm,QB,0,1,1980,False
Terry Bradshaw,/B/BradTe00.htm,QB,1,14,1983,False
Pat Brady,/B/BradPa21.htm,QB-K,0,3,1954,False
Tom Brandstater,/B/BranTo00.htm,QB,0,1,2011,False
Zeke Bratkowski,/B/BratZe00.htm,QB,0,18,1971,False
Don Breaux,/B/BreaDo00.htm,QB,0,3,1965,False
Adrian Breen,/B/BreeAd20.htm,QB,0,1,1987,False
Walter Briggs,/B/BrigWa20.htm,QB,0,1,1987,False
Marlin Briscoe,/B/BrisMa00.htm,WR-QB-FL,0,9,1976,False
Bubby Brister,/B/BrisBu00.htm,QB,0,15,2000,False
Jon Brittenum,/B/BritJo00.htm,QB,0,1,1968,False
Dieter Brock,/B/BrocDi00.htm,QB,0,1,1985,False
John Brodie,/B/BrodJo00.htm,QB,0,17,1973,False
Bob Brodhead,/B/BrodBo00.htm,QB,0,1,1960,False
Jeff Brohm,/B/BrohJe00.htm,QB,0,2,1997,False
Brian Brohm,/B/BrohBr00.htm,QB,0,2,2010,False
Aaron Brooks,/B/BrooAa00.htm,QB,0,7,2006,False
Bill Brown,/B/BrowBi20.htm,BB-QB-DB,0,2,1944,False
Carlos Brown,/B/BrowCa00.htm,QB,0,2,1976,False
Dave Brown,/B/BrowDa00.htm,QB,0,10,2001,False
Ed Brown,/B/BrowEd01.htm,QB,0,12,1965,False
Levi Brown,/B/BrowLe00.htm,QB,0,1,2010,False
Ray Brown,/B/BrowRa21.htm,DB-QB,0,3,1960,False
Travis Brown,/B/BrowTr01.htm,QB,0,4,2003,False
Mark Brunell,/B/BrunMa00.htm,QB,0,18,2011,False
Scott Brunner,/B/BrunSc00.htm,QB,0,6,1985,False
Mike Buck,/B/BuckMi00.htm,QB,0,5,1995,False
Rudy Bukich,/B/BukiRu00.htm,QB,0,16,1968,False
Scott Bull,/B/BullSc00.htm,QB,0,3,1978,False
Marc Bulger,/B/BulgMa00.htm,QB,0,8,2009,False
Adrian Burk,/B/BurkAd00.htm,QB,0,7,1956,False
Ed Burns,/B/BurnEd20.htm,QB,0,2,1980,False
Henry Burris,/B/BurrHe00.htm,QB,0,1,2002,False
Mike Busch,/B/BuscMi20.htm,QB,0,1,1987,False
Young Bussey,/B/BussYo20.htm,QB,0,1,1941,False
George Cafego,/C/CafeGe20.htm,FB-QB-HB,0,6,1945,False
Jim Camp,/C/CampJi20.htm,QB,0,1,1948,False
Jason Campbell,/C/CampJa00.htm,QB,0,9,2014,False
Rich Campbell,/C/CampRi00.htm,QB,0,4,1984,False
Scott Campbell,/C/CampSc00.htm,QB,0,7,1990,False
Bill Cappleman,/C/CappBi00.htm,QB,0,4,1973,False
Jim Capuzzi,/C/CapuJi20.htm,DB-QB,0,2,1956,False
Glenn Carano,/C/CaraGl00.htm,QB,0,6,1983,False
Cody Carlson,/C/CarlCo00.htm,QB,0,7,1994,False
Dean Carlson,/C/CarlDe00.htm,QB,0,1,1974,False
Jeff Carlson,/C/CarlJe00.htm,QB,0,3,1992,False
Rudy Carpenter,/C/CarpRu00.htm,QB,0,1,2011,False
David Carr,/C/CarrDa00.htm,QB,0,11,2012,False
Harlan Carr,/C/CarrHa20.htm,WB-QB,0,1,1927,False
Quincy Carter,/C/CartQu00.htm,QB,0,4,2004,False
Virgil Carter,/C/CartVi00.htm,QB,0,9,1976,False
Ken Casanega,/C/CasaKe20.htm,QB-DB-HB,0,3,1948,False
Stoney Case,/C/CaseSt00.htm,QB,0,6,2000,False
Ernie Case,/C/CaseEr20.htm,QB-DB,0,1,1947,False
Matt Cavanaugh,/C/CavaMa00.htm,QB,0,13,1991,False
Bob Celeri,/C/CeleBo00.htm,QB,0,2,1952,False
Chris Chandler,/C/ChanCh00.htm,QB,0,17,2004,False
Mike Cherry,/C/CherMi00.htm,QB,0,2,1998,False
Ed Chlebek,/C/ChleEd00.htm,QB,0,1,1963,False
Max Choboian,/C/ChobMa00.htm,QB,0,1,1966,False
Jeff Christensen,/C/ChriJe20.htm,QB,0,5,1987,False
Paul Christman,/C/ChriPa20.htm,QB,0,6,1950,False
Larry Cipa,/C/CipaLa00.htm,QB,0,2,1975,False
Dennis Claridge,/C/ClarDe02.htm,QB,0,2,1966,False
Bryan Clark,/C/ClarBr22.htm,QB,0,1,1984,False
Wayne Clark,/C/ClarWa00.htm,QB,0,6,1975,False
Bob Clatterbuck,/C/ClatBo00.htm,QB,0,7,1960,False
Chuck Clements,/C/ClemCh21.htm,QB,0,1,1997,False
Tom Clements,/C/ClemTo20.htm,QB,0,1,1980,False
B.J. Coleman,/C/ColeB.00.htm,QB,0,1,2012,False
Reggie Collier,/C/CollRe20.htm,QB,0,2,1987,False
Kerry Collins,/C/CollKe00.htm,QB,0,17,2011,False
Paul Collins,/C/CollPa22.htm,QB,0,1,1945,False
Todd Collins,/C/CollTo00.htm,QB,0,16,2010,False
Ogden Compton,/C/CompOg20.htm,QB,0,1,1955,False
Jack Concannon,/C/ConcJa00.htm,QB,0,12,1975,False
Charlie Conerly,/C/ConeCh00.htm,QB,0,14,1961,False
Cary Conklin,/C/ConkCa00.htm,QB,0,4,1995,False
Greg Cook,/C/CookGr00.htm,QB,0,5,1973,False
King Corcoran,/C/CorcKi00.htm,QB,0,1,1968,False
Russ Cotton,/C/CottRu20.htm,QB,0,1,1942,False
Tim Couch,/C/CoucTi00.htm,QB,0,5,2003,False
Scott Covington,/C/CoviSc00.htm,QB,0,4,2002,False
Norm Cox,/C/CoxxNo20.htm,QB-TB,0,2,1947,False
Dameyune Craig,/C/CraiDa00.htm,QB,0,2,2001,False
Jim Crocicchia,/C/CrocJi20.htm,QB,0,1,1987,False
Brodie Croyle,/C/CroyBr00.htm,QB,0,5,2010,False
Ward Cuff,/C/CuffWa20.htm,WB-QB-HB,0,11,1947,False
Daunte Culpepper,/C/CulpDa00.htm,QB,0,11,2009,False
Randall Cunningham,/C/CunnRa00.htm,QB,0,17,2001,False
Gary Cuozzo,/C/CuozGa00.htm,QB,0,10,1972,False
Will Cureton,/C/CureWi00.htm,QB,0,1,1975,False
Boley Dancewicz,/D/DancBo20.htm,QB-DB,0,3,1948,False
Gary Danielson,/D/DaniGa00.htm,QB,0,13,1988,False
Dan Darragh,/D/DarrDa00.htm,QB,0,3,1970,False
Rohan Davey,/D/DaveRo01.htm,QB,0,3,2004,False
Cotton Davidson,/D/DaviCo00.htm,QB,0,15,1968,False
Bob Davis,/D/DaviBo21.htm,HB-FB-QB-P,0,9,1946,False
Bob Davis,/D/DaviBo00.htm,QB,0,7,1973,False
Dominique Davis,/D/DaviDo02.htm,QB,0,3,2014,False
Len Dawson,/D/DawsLe00.htm,QB,1,19,1975,False
Eagle Day,/D/DayxEa00.htm,QB,0,2,1960,False
Randy Dean,/D/DeanRa00.htm,QB,0,3,1979,False
Steve DeBerg,/D/DebeSt00.htm,QB,0,21,1998,False
Jack Del Bello,/D/DelBJa20.htm,QB,0,1,1953,False
Jim Del Gaizo,/D/DelGJi00.htm,QB,0,3,1974,False
Jake Delhomme,/D/DelhJa00.htm,QB,0,13,2011,False
Bill Demory,/D/DemoBi00.htm,QB,0,2,1974,False
Bob DeMoss,/D/DeMoBo20.htm,QB,0,1,1949,False
Koy Detmer,/D/DetmKo00.htm,QB,0,9,2006,False
Ty Detmer,/D/DetmTy00.htm,QB,0,11,2003,False
Pat Devlin,/D/DevlPa00.htm,QB,0,3,2014,False
Benjy Dial,/D/DialBe00.htm,QB,0,1,1967,False
Lynn Dickey,/D/DickLy00.htm,QB,0,15,1985,False
Parnell Dickinson,/D/DickPa00.htm,QB,0,1,1976,False
Trent Dilfer,/D/DilfTr00.htm,QB,0,14,2007,False
Steve Dils,/D/DilsSt00.htm,QB,0,10,1988,False
Anthony Dilweg,/D/DilwAn00.htm,QB,0,2,1990,False
Tom Dimitroff,/D/DimiTo00.htm,QB,0,1,1960,False
Joe DiVito,/D/DiviJo00.htm,QB-P,0,1,1968,False
Dennis Dixon,/D/DixoDe00.htm,QB,0,7,2014,False
Glenn Dobbs,/D/DobbGl20.htm,TB-QB,0,4,1949,False
Marty Domres,/D/DomrMa00.htm,QB,0,9,1977,False
Bill Donckers,/D/DoncBi00.htm,QB,0,2,1977,False
Al Dorow,/D/DoroAl00.htm,QB,0,9,1962,False
Ken Dorsey,/D/DorsKe00.htm,QB,0,5,2008,False
Bobby Douglass,/D/DougBo00.htm,QB,0,10,1978,False
Brian Dowling,/D/DowlBr00.htm,QB,0,6,1977,False
Paddy Driscoll,/D/DrisPa20.htm,HB-QB-TB-BB,1,10,1929,False
Jim Druckenmiller,/D/DrucJi00.htm,QB,0,2,1998,False
Tom Dublinski,/D/DublTo00.htm,QB,0,9,1960,False
Bill Dudley,/D/DudlBi00.htm,HB-TB-QB,1,12,1953,False
Joe Dufek,/D/DufeJo00.htm,QB,0,2,1984,False
Maury Duncan,/D/DuncMa20.htm,QB,0,2,1955,False
Randy Duncan,/D/DuncRa00.htm,QB,0,1,1961,False
Tony Dungy,/D/DungTo20.htm,DB-QB,1,3,1979,False
Tom Duniven,/D/DuniTo20.htm,QB,0,1,1977,False
Bob Dunlap,/D/DunlBo20.htm,DB-QB,0,2,1936,False
Zac Dysert,/D/DyseZa00.htm,QB,0,1,2014,False
Tony Eason,/E/EasoTo00.htm,QB,0,8,1990,False
Vic Eaton,/E/EatoVi20.htm,QB-DB,0,1,1955,False
Armanti Edwards,/E/EdwaAr00.htm,QB,0,4,2013,False
Trent Edwards,/E/EdwaTr01.htm,QB,0,6,2012,False
Charley Eikenberg,/E/EikeCh20.htm,QB,0,1,1948,False
Mike Elkins,/E/ElkiMi00.htm,QB,0,1,1989,False
Shorty Elness,/E/ElneSh20.htm,HB-QB,0,1,1929,False
John Elway,/E/ElwaJo00.htm,QB,1,16,1998,False
Hunter Enis,/E/EnisHu00.htm,QB,0,3,1962,False
Fred Enke,/E/EnkeFr20.htm,QB,0,7,1954,False
Craig Erickson,/E/EricCr00.htm,QB,0,6,1997,False
Mike Ernst,/E/ErnsMi00.htm,QB,0,2,1973,False
Boomer Esiason,/E/EsiaBo00.htm,QB,0,14,1997,False
Alex Espinoza,/E/EspiAl21.htm,QB,0,1,1987,False
Sam Etcheverry,/E/EtchSa00.htm,QB,0,2,1962,False
Johnny Evans,/E/EvanJo21.htm,P-QB,0,3,1980,False
Murray Evans,/E/EvanMu20.htm,BB-QB,0,2,1943,False
Vince Evans,/E/EvanVi00.htm,QB,0,19,1995,False
Jim Everett,/E/EverJi00.htm,QB,0,12,1997,False
Randy Fasani,/F/FasaRa00.htm,QB,0,1,2002,False
Tom Farris,/F/FarrTo20.htm,QB,0,3,1948,False
Brett Favre,/F/FavrBr00.htm,QB,1,20,2010,False
A.J. Feeley,/F/FeelA.00.htm,QB,0,11,2011,False
Joe Ferguson,/F/FergJo00.htm,QB,0,18,1990,False
Vince Ferragamo,/F/FerrVi00.htm,QB,0,10,1986,False
Jay Fiedler,/F/FiedJa00.htm,QB,0,11,2005,False
Frank Filchock,/F/FilcFr20.htm,TB-QB-HB,0,13,1950,False
Jim Finks,/F/FinkJi00.htm,QB-DB-TB,1,7,1955,False
James Finnegan,/F/FinnJa21.htm,E-QB,0,1,1923,False
Tom Flick,/F/FlicTo00.htm,QB,0,6,1986,False
Tom Flores,/F/FlorTo00.htm,QB,0,10,1969,False
Dick Flowers,/F/FlowDi20.htm,QB,0,1,1953,False
Doug Flutie,/F/FlutDo00.htm,QB,0,20,2005,False
Matt Flynn,/F/FlynMa00.htm,QB,0,7,2014,False
Glenn Foley,/F/FoleGl00.htm,QB,0,6,1999,False
Brendan Folmar,/F/FolmBr20.htm,QB,0,1,1987,False
John Fourcade,/F/FourJo00.htm,QB,0,4,1990,False
Dan Fouts,/F/FoutDa00.htm,QB,1,15,1987,False
Joe Francis,/F/FranJo20.htm,QB-HB,0,2,1959,False
Jeff Francis,/F/FranJe20.htm,QB,0,1,1990,False
Jesse Freitas,/F/FreiJe20.htm,QB,0,4,1949,False
Jesse Freitas,/F/FreiJe00.htm,QB,0,2,1975,False
Gus Frerotte,/F/FrerGu00.htm,QB,0,15,2008,False
John Friesz,/F/FrieJo00.htm,QB,0,11,2000,False
Charlie Frye,/F/FryeCh00.htm,QB,0,5,2009,False
Steve Fuller,/F/FullSt00.htm,QB,0,8,1986,False
Will Furrer,/F/FurrWi00.htm,QB,0,4,1995,False
Chuck Fusina,/F/FusiCh00.htm,QB,0,8,1986,False
Roman Gabriel,/G/GabrRo00.htm,QB,0,16,1977,False
Jim Gaffney,/G/GaffJi20.htm,QB-HB,0,2,1946,False
Bob Gagliano,/G/GaglBo00.htm,QB,0,11,1992,False
Arnie Galiffa,/G/GaliAr20.htm,QB,0,2,1954,False
Chon Gallegos,/G/GallCh00.htm,QB,0,1,1962,False
John Galvin,/G/GalvJo20.htm,QB,0,1,1947,False
Bob Gambold,/G/GambBo20.htm,QB,0,1,1953,False
Rich Gannon,/G/GannRi00.htm,QB,0,18,2004,False
Jeff Garcia,/G/GarcJe00.htm,QB,0,11,2009,False
Bill Garnaas,/G/GarnBi20.htm,QB,0,3,1948,False
David Garrard,/G/GarrDa00.htm,QB,0,9,2010,False
Bobby Garrett,/G/GarrBo20.htm,QB,0,1,1954,False
Jason Garrett,/G/GarrJa00.htm,QB,0,8,2000,False
Sammy Garza,/G/GarzSa20.htm,QB,0,1,1987,False
Joe Gasparella,/G/GaspJo20.htm,BB-QB,0,4,1951,False
Don Gault,/G/GaulDo00.htm,QB,0,1,1970,False
Doug Gaynor,/G/GaynDo20.htm,QB,0,1,1986,False
Stan Gelbaugh,/G/GelbSt00.htm,QB,0,8,1996,False
Jeff George,/G/GeorJe00.htm,QB,0,12,2001,False
Joe Germaine,/G/GermJo00.htm,QB,0,1,1999,False
Sonny Gibbs,/G/GibbSo00.htm,QB,0,1,1964,False
Paul Gibson,/G/GibsPa20.htm,E-QB-DB-DE,0,3,1949,False
Wayne Gift,/G/GiftWa20.htm,QB,0,1,1937,False
Gale Gilbert,/G/GilbGa00.htm,QB,0,11,1995,False
Joe Gilliam,/G/GillJo00.htm,QB,0,4,1975,False
Willie Gillus,/G/GillWi21.htm,QB,0,1,1987,False
Harry Gilmer,/G/GilmHa00.htm,QB-HB,0,9,1956,False
Jug Girard,/G/GiraJu20.htm,E-HB-QB-DB,0,10,1957,False
Scotty Glacken,/G/GlacSc00.htm,QB,0,2,1967,False
Bill Glenn,/G/GlenBi20.htm,QB,0,1,1944,False
Brad Goebel,/G/GoebBr00.htm,QB,0,4,1994,False
Jerry Golsteyn,/G/GolsJe00.htm,QB,0,7,1983,False
Pete Gonzalez,/G/GonzPe00.htm,QB,0,1,1999,False
Bruce Gradkowski,/G/GradBr00.htm,QB,0,9,2014,False
Paul Governali,/G/GovePa20.htm,QB-TB,0,3,1948,False
Neil Graff,/G/GrafNe00.htm,QB,0,4,1977,False
Kent Graham,/G/GrahKe00.htm,QB,0,10,2001,False
Otto Graham,/G/GrahOt00.htm,QB-DB,1,10,1955,False
Quinn Gray,/G/GrayQu00.htm,QB,0,4,2008,False
Tony Graziani,/G/GrazTo00.htm,QB,0,3,1999,False
Elvis Grbac,/G/GrbaEl00.htm,QB,0,8,2001,False
Charlie Green,/G/GreeCh00.htm,QB,0,1,1966,False
Johnny Green,/G/GreeJo00.htm,QB,0,4,1963,False
Trent Green,/G/GreeTr00.htm,QB,0,12,2008,False
Tom Greene,/G/GreeTo20.htm,QB-P,0,2,1961,False
Chris Greisen,/G/GreiCh00.htm,QB,0,2,2000,False
Bob Griese,/G/GrieBo00.htm,QB,1,14,1980,False
Brian Griese,/G/GrieBr00.htm,QB,0,11,2008,False
Glynn Griffing,/G/GrifGl00.htm,QB,0,1,1963,False
Steve Grogan,/G/GrogSt00.htm,QB,0,16,1990,False
Lee Grosscup,/G/GrosLe00.htm,QB,0,3,1962,False
Rex Grossman,/G/GrosRe00.htm,QB,0,10,2012,False
Roger Grove,/G/GrovRo20.htm,BB-HB-QB,0,5,1935,False
Scott Gudmundson,/G/GudmSc20.htm,QB,0,2,1945,False
Ralph Guglielmi,/G/GuglRa00.htm,QB,0,9,1963,False
Matt Gutierrez,/G/GutiMa00.htm,QB,0,3,2009,False
Pat Haden,/H/HadePa00.htm,QB,0,6,1981,False
John Hadl,/H/HadlJo00.htm,QB,0,16,1977,False
Andy Hall,/H/HallAn00.htm,QB,0,1,2005,False
Galen Hall,/H/HallGa00.htm,QB,0,2,1963,False
Max Hall,/H/HallMa00.htm,QB,0,1,2010,False
Shawn Halloran,/H/HallSh20.htm,QB,0,1,1987,False
Jim Haluska,/H/HaluJi20.htm,QB,0,1,1956,False
Gibran Hamdan,/H/HamdGi00.htm,QB,0,1,2003,False
Joe Hamilton,/H/HamiJo20.htm,QB,0,1,2000,False
Kim Hammond,/H/HammKi00.htm,QB,0,2,1969,False
Caleb Hanie,/H/HaniCa00.htm,QB,0,4,2012,False
Terry Hanratty,/H/HanrTe00.htm,QB,0,8,1976,False
Jim Harbaugh,/H/HarbJi00.htm,QB,0,14,2000,False
Bruce Hardy,/H/HardBr00.htm,TE-WR-QB,0,12,1989,False
Jim Hardy,/H/HardJi00.htm,QB-DB,0,7,1952,False
Edd Hargett,/H/HargEd00.htm,QB,0,5,1973,False
Chandler Harnish,/H/HarnCh00.htm,QB,0,3,2014,False
Graham Harrell,/H/HarrGr00.htm,QB,0,1,2012,False
Joey Harrington,/H/HarrJo00.htm,QB,0,6,2007,False
James Harris,/H/HarrJa01.htm,QB,0,11,1979,False
Jim Hart,/H/HartJi00.htm,QB,0,19,1984,False
Leo Hart,/H/HartLe00.htm,QB,0,2,1972,False
Mark Hartsell,/H/HartMa20.htm,QB,0,1,2000,False
Tim Hasselbeck,/H/HassTi00.htm,QB,0,6,2007,False
Stan Heath,/H/HeatSt20.htm,QB,0,1,1949,False
Bobby Hebert,/H/HebeBo00.htm,QB,0,12,1996,False
Randy Hedberg,/H/HedbRa00.htm,QB,0,1,1977,False
Don Heinrich,/H/HeinDo00.htm,QB,0,9,1962,False
Paul Held,/H/HeldPa20.htm,QB,0,2,1955,False
Dan Henning,/H/HennDa00.htm,QB,0,1,1966,False
Drew Henson,/H/HensDr00.htm,QB,0,5,2008,False
Arnie Herber,/H/HerbAr20.htm,TB-HB-DB-QB-BB,1,16,1945,False
George Herring,/H/HerrGe00.htm,QB-P,0,2,1961,False
Mark Herrmann,/H/HerrMa00.htm,QB,0,11,1992,False
Rob Hertel,/H/HertRo20.htm,QB,0,1,1978,False
Bob Hewko,/H/HewkBo20.htm,QB,0,1,1983,False
Rusty Hilger,/H/HilgRu00.htm,QB,0,7,1991,False
Charley Hill,/H/HillCh21.htm,TB-QB-FB-BB,0,3,1926,False
King Hill,/H/HillKi00.htm,QB,0,12,1969,False
Grassy Hinton,/H/HintGr20.htm,TB-QB,0,1,1932,False
Eric Hipple,/H/HippEr00.htm,QB,0,10,1989,False
Buckets Hirsch,/H/HirsBu20.htm,QB-FB,0,3,1949,False
Billy Joe Hobert,/H/HobeBi00.htm,QB,0,5,1999,False
Tom Hodson,/H/HodsTo00.htm,QB,0,6,1995,False
Gary Hogeboom,/H/HogeGa00.htm,QB,0,10,1989,False
Mike Hohensee,/H/HoheMi20.htm,QB,0,1,1987,False
Mike Hold,/H/HoldMi20.htm,QB,0,1,1987,False
Kelly Holcomb,/H/HolcKe00.htm,QB,0,11,2007,False
Donald Hollas,/H/HollDo00.htm,QB,0,8,1998,False
Ken Holley,/H/HollKe20.htm,QB,0,1,1946,False
Bob Holly,/H/HollBo00.htm,QB,0,3,1985,False
Todd Hons,/H/HonsTo20.htm,QB,0,1,1987,False
Dick Horn,/H/HornDi20.htm,QB,0,1,1958,False
Don Horn,/H/HornDo00.htm,QB,0,8,1974,False
Marty Horn,/H/HornMa20.htm,QB,0,1,1987,False
Paul Hornung,/H/HornPa00.htm,HB-FB-QB,1,10,1966,False
Jeff Hostetler,/H/HostJe00.htm,QB,0,13,1997,False
Bill Houle,/H/HoulBi20.htm,BB-QB,0,1,1924,False
Bobby Hoying,/H/HoyiBo00.htm,QB,0,5,2000,False
Damon Huard,/H/HuarDa00.htm,QB,0,11,2008,False
Brock Huard,/H/HuarBr00.htm,QB,0,4,2003,False
John Huarte,/H/HuarJo00.htm,QB,0,7,1972,False
Doug Hudson,/H/HudsDo20.htm,QB,0,1,1987,False
Gary Huff,/H/HuffGa00.htm,QB,0,6,1978,False
Vern Huffman,/H/HuffVe20.htm,BB-TB-HB-QB,0,2,1938,False
John Hufnagel,/H/HufnJo00.htm,QB,0,2,1975,False
David Humm,/H/HummDa00.htm,QB,0,10,1984,False
Buddy Humphrey,/H/HumpBu00.htm,QB,0,8,1966,False
Stan Humphries,/H/HumpSt00.htm,QB,0,9,1997,False
Scott Hunter,/H/HuntSc00.htm,QB,0,9,1979,False
Todd Husak,/H/HusaTo20.htm,QB,0,1,2000,False
Chad Hutchinson,/H/HutcCh00.htm,QB,0,3,2004,False
Bill Hutchinson,/H/HutcBi20.htm,QB,0,1,1942,False
Kevin Ingram,/I/IngrKe20.htm,QB,0,1,1987,False
George Izo,/I/IzoxGe00.htm,QB,0,7,1966,False
Jarious Jackson,/J/JackJa01.htm,QB,0,4,2003,False
Jack Jacobs,/J/JacoJa20.htm,QB-TB-HB,0,8,1949,False
Dick Jamieson,/J/JamiDi00.htm,QB,0,2,1961,False
Ron Jaworski,/J/JawoRo00.htm,QB,0,16,1989,False
David Jaynes,/J/JaynDa00.htm,QB,0,1,1974,False
Neal Jeffrey,/J/JeffNe00.htm,QB,0,1,1976,False
Jimmy Jemail,/J/JemaJi20.htm,QB,0,1,1921,False
Jim Jensen,/J/JensJi00.htm,WR-QB,0,12,1992,False
Steve Joachim,/J/JoacSt20.htm,QB,0,1,1976,False
Al Johnson,/J/JohnAl20.htm,QB-P,0,1,1948,False
Brad Johnson,/J/JohnBr00.htm,QB,0,15,2008,False
Charley Johnson,/J/JohnCh02.htm,QB,0,15,1975,False
Doug Johnson,/J/JohnDo00.htm,QB,0,5,2004,False
Gil Johnson,/J/JohnGi20.htm,QB,0,1,1949,False
Randy Johnson,/J/JohnRa00.htm,QB,0,11,1976,False
Rob Johnson,/J/JohnRo00.htm,QB,0,9,2003,False
Bert Jones,/J/JoneBe00.htm,QB,0,10,1982,False
J.J. Jones,/J/JoneJ.00.htm,QB,0,1,1975,False
June Jones,/J/JoneJu00.htm,QB,0,5,1981,False
Bill Joyce,/J/JoycBi20.htm,QB,0,1,1920,False
Sonny Jurgensen,/J/JurgSo00.htm,QB,1,18,1974,False
Paul Justin,/J/JustPa00.htm,QB,0,5,1999,False
Mort Kaer,/K/KaerMo20.htm,TB-QB-HB,0,1,1931,False
Mike Kafka,/K/KafkMi00.htm,QB,0,4,2014,False
Danny Kanell,/K/KaneDa00.htm,QB,0,8,2003,False
Ave Kaplan,/K/KaplAv20.htm,BB-HB-QB,0,1,1923,False
Joe Kapp,/K/KappJo00.htm,QB,0,4,1970,False
Ken Karcher,/K/KarcKe00.htm,QB,0,2,1988,False
Abe Karnofsky,/K/KarnAb20.htm,QB-HB-DB,0,2,1946,False
Val Keckin,/K/KeckVa00.htm,QB,0,1,1962,False
Rabbit Keen,/K/KeenRa20.htm,QB,0,2,1938,False
Gary Keithley,/K/KeitGa00.htm,QB,0,1,1973,False
Mike Kelley,/K/KellMi21.htm,QB,0,1,1987,False
Jim Kelly,/K/KellJi00.htm,QB,1,11,1996,False
Jack Kemp,/K/KempJa00.htm,QB,0,13,1969,False
Jeff Kemp,/K/KempJe00.htm,QB,0,11,1991,False
Herb Kempton,/K/KempHe20.htm,BB-QB,0,1,1921,False
Tom Kennedy,/K/KennTo00.htm,QB,0,1,1966,False
Bill Kenney,/K/KennBi00.htm,QB,0,9,1988,False
Gary Kerkorian,/K/KerkGa20.htm,QB,0,5,1956,False
Mike Kerrigan,/K/KerrMi00.htm,QB,0,2,1984,False
Blair Kiel,/K/KielBl00.htm,QB,0,8,1991,False
Billy Kilmer,/K/KilmBi00.htm,QB-HB,0,18,1978,False
Shaun King,/K/KingSh00.htm,QB,0,6,2004,False
Kliff Kingsbury,/K/KingKl00.htm,QB,0,1,2005,False
G.J. Kinne,/K/KinnG.00.htm,QB,0,1,2014,False
Mike Kirkland,/K/KirkMi00.htm,QB,0,1,1978,False
Jon Kitna,/K/KitnJo00.htm,QB,0,15,2011,False
Kurt Kittner,/K/KittKu00.htm,QB,0,1,2003,False
Perry Klein,/K/KleiPe20.htm,QB,0,1,1994,False
David Klingler,/K/KlinDa00.htm,QB,0,6,1997,False
Don Klosterman,/K/KlosDo20.htm,QB,0,1,1952,False
Greg Knafelc,/K/KnafGr20.htm,QB,0,1,1983,False
Jeff Knapple,/K/KnapJe20.htm,QB,0,1,1980,False
Ronnie Knox,/K/KnoxRo20.htm,QB,0,1,1957,False
Mickey Kobrosky,/K/KobrMi20.htm,QB,0,1,1937,False
Matt Kofler,/K/KoflMa00.htm,QB,0,4,1985,False
Mike Koken,/K/KokeMi20.htm,QB-HB,0,1,1933,False
Kevin Kolb,/K/KolbKe00.htm,QB,0,6,2012,False
Jeff Komlo,/K/KomlJe00.htm,QB,0,5,1983,False
Bernie Kosar,/K/KosaBe00.htm,QB,0,12,1996,False
Erik Kramer,/K/KramEr00.htm,QB,0,13,1999,False
Tommy Kramer,/K/KramTo00.htm,QB,0,14,1990,False
Craig Krenzel,/K/KrenCr00.htm,QB,0,1,2004,False
Eric Kresser,/K/KresEr00.htm,QB,0,1,1998,False
Dave Krieg,/K/KrieDa00.htm,QB,0,19,1998,False
Mike Kruczek,/K/KrucMi00.htm,QB,0,5,1980,False
John Ksionzyk,/K/KsioJo20.htm,QB,0,1,1947,False
Gary Kubiak,/K/KubiGa00.htm,QB,0,9,1991,False
Irv Kupcinet,/K/KupcIr20.htm,QB,0,1,1935,False
Craig Kupp,/K/KuppCr20.htm,QB,0,1,1991,False
Porter Lainhart,/L/LainPo20.htm,QB,0,1,1933,False
Daryle Lamonica,/L/LamoDa00.htm,QB,0,12,1974,False
Greg Landry,/L/LandGr00.htm,QB,0,17,1984,False
Tom Landry,/L/LandTo00.htm,DB-HB-QB,1,7,1955,False
Gary Lane,/L/LaneGa00.htm,QB,0,3,1968,False
Bob Laraba,/L/LaraBo20.htm,LB-QB,0,2,1961,False
Paul Larson,/L/LarsPa00.htm,QB,0,4,1960,False
Pete Lauer,/L/LauePe20.htm,FB-QB,0,1,1922,False
Babe Laufenberg,/L/LaufBa00.htm,QB,0,5,1990,False
Larry Lawrence,/L/LawrLa00.htm,QB,0,3,1976,False
Bobby Layne,/L/LaynBo00.htm,QB,1,15,1962,False
Ryan Leaf,/L/LeafRy00.htm,QB,0,4,2001,False
Bob Leahy,/L/LeahBo00.htm,QB,0,1,1971,False
Eddie LeBaron,/L/LeBaEd00.htm,QB,0,12,1963,False
Jim LeClair,/L/LeClJi00.htm,QB,0,2,1968,False
Hal Ledyard,/L/LedyHa20.htm,QB,0,1,1953,False
Bernie Lee,/L/LeexBe20.htm,QB,0,1,1938,False
Bob Lee,/L/LeexBo00.htm,QB-P,0,12,1980,False
Jacky Lee,/L/LeexJa00.htm,QB,0,10,1969,False
Tuffy Leemans,/L/LeemTu20.htm,FB-TB-DB-QB,1,8,1943,False
Clyde LeForce,/L/LeFoCl20.htm,QB,0,3,1949,False
Byron Leftwich,/L/LeftBy00.htm,QB,0,10,2012,False
Dave Leggett,/L/LeggDa20.htm,QB-DB,0,1,1955,False
Matt Leinart,/L/LeinMa00.htm,QB,0,7,2012,False
Bruce Lemmerman,/L/LemmBr00.htm,QB,0,2,1969,False
Cleo Lemon,/L/LemoCl00.htm,QB,0,4,2008,False
Cliff Lewis,/L/LewiCl20.htm,DB-QB,0,6,1951,False
Dave Lewis,/L/LewiDa22.htm,QB-P,0,4,1973,False
Jeff Lewis,/L/LewiJe01.htm,QB,0,5,2000,False
Thaddeus Lewis,/L/LewiTh01.htm,QB,0,3,2014,False
Menz Lindsey,/L/LindMe20.htm,BB-QB,0,1,1921,False
Rusty Lisch,/L/LiscRu00.htm,QB,0,5,1984,False
Pete Liske,/L/LiskPe00.htm,QB,0,9,1972,False
Mike Livingston,/L/LiviMi00.htm,QB,0,12,1979,False
Seth Lobato,/L/LobaSe00.htm,QB,0,1,2014,False
Jake Locker,/L/LockJa00.htm,QB,0,4,2014,False
Neil Lomax,/L/LomaNe00.htm,QB,0,8,1988,False
Chuck Long,/L/LongCh00.htm,QB,0,6,1991,False
Johnny Long,/L/LongJo20.htm,QB-HB,0,2,1945,False
Clint Longley,/L/LongCl00.htm,QB,0,3,1976,False
Dean Look,/L/LookDe00.htm,QB,0,1,1962,False
J.P. Losman,/L/LosmJ.00.htm,QB,0,8,2011,False
Jared Lorenzen,/L/LoreJa00.htm,QB,0,2,2007,False
Mike Loyd,/L/LoydMi00.htm,QB,0,1,1980,False
Ray Lucas,/L/LucaRa00.htm,QB,0,7,2002,False
Richie Lucas,/L/LucaRi00.htm,QB-DB-HB,0,2,1961,False
Oliver Luck,/L/LuckOl00.htm,QB,0,4,1986,False
Terry Luck,/L/LuckTe00.htm,QB,0,1,1977,False
Sid Luckman,/L/LuckSi00.htm,QB-HB-DB,1,12,1950,False
Johnny Lujack,/L/LujaJo00.htm,QB-DB,0,4,1951,False
Ed Luther,/L/LuthEd00.htm,QB,0,5,1984,False
Matt Lytle,/L/LytlMa00.htm,QB,0,2,2001,False
Mike Machurek,/M/MachMi00.htm,QB,0,1,1984,False
Kyle Mackey,/M/MackKy00.htm,QB,0,3,1989,False
Bill Mackrides,/M/MackBi20.htm,QB,0,7,1953,False
Tommy Maddox,/M/MaddTo00.htm,QB,0,14,2005,False
Lou Mahrt,/M/MahrLo20.htm,QB,0,2,1927,False
Don Majkowski,/M/MajkDo00.htm,QB,0,10,1996,False
Ray Mallouf,/M/MallRa20.htm,QB-TB,0,9,1949,False
Mark Malone,/M/MaloMa00.htm,QB-WR,0,10,1989,False
Mark Manges,/M/MangMa20.htm,QB,0,1,1978,False
Archie Manning,/M/MannAr00.htm,QB,0,14,1984,False
Dan Manucci,/M/ManuDa20.htm,QB,0,9,1987,False
Gary Marangi,/M/MaraGa00.htm,QB,0,3,1976,False
Ted Marchibroda,/M/MarcTe20.htm,QB,0,5,1957,False
Joe Margucci,/M/MargJo20.htm,HB-QB,0,2,1948,False
Dan Marino,/M/MariDa00.htm,QB,1,17,1999,False
Todd Marinovich,/M/MariTo00.htm,QB,0,2,1992,False
Ralph Marston,/M/MarsRa21.htm,QB,0,1,1929,False
Ingle Martin,/M/MartIn00.htm,QB,0,1,2006,False
Jamie Martin,/M/MartJa00.htm,QB,0,12,2007,False
Tee Martin,/M/MartTe00.htm,QB,0,3,2003,False
Bernie Masterson,/M/MastBe20.htm,QB,0,7,1940,False
Charlie Mathys,/M/MathCh20.htm,BB-QB,0,6,1926,False
Bruce Mathison,/M/MathBr00.htm,QB,0,5,1987,False
Tom Matte,/M/MattTo00.htm,RB-QB,0,12,1972,False
Steve Matthews,/M/MattSt00.htm,QB,0,2,1998,False
Shane Matthews,/M/MattSh00.htm,QB,0,9,2004,False
Matt Mauck,/M/MaucMa00.htm,QB,0,1,2005,False
Dean May,/M/MayxDe20.htm,QB,0,4,1987,False
Dave Mays,/M/MaysDa00.htm,QB,0,3,1978,False
John McCarthy,/M/McCaJo23.htm,QB,0,1,1944,False
Brian McClure,/M/McClBr20.htm,QB,0,1,1987,False
John McCormick,/M/McCoJo00.htm,QB,0,7,1968,False
Paul McDonald,/M/McDoPa00.htm,QB,0,7,1986,False
Coley McDonough,/M/McDoCo20.htm,TB-QB,0,6,1944,False
Greg McElroy,/M/McElGr00.htm,QB,0,1,2012,False
Stephen McGee,/M/McGeSt00.htm,QB,0,2,2011,False
Dan McGwire,/M/McGwDa00.htm,QB,0,5,1995,False
Monte McGuire,/M/McGuMo20.htm,QB,0,1,1987,False
Lamar McHan,/M/McHaLa00.htm,QB,0,10,1963,False
Rick McIvor,/M/McIvRi20.htm,QB,0,2,1985,False
Jim McMahon,/M/McMaJi00.htm,QB,0,15,1996,False
Mike McMahon,/M/McMaMi00.htm,QB,0,5,2005,False
Steve McNair,/M/McNaSt00.htm,QB,0,13,2007,False
Donovan McNabb,/M/McNaDo00.htm,QB,0,13,2011,False
Reggie McNeal,/M/McNeRe00.htm,QB,0,1,2006,False
Cade McNown,/M/McNoCa00.htm,QB,0,2,2000,False
Kim McQuilken,/M/McQuKi00.htm,QB,0,6,1979,False
Don Meredith,/M/MereDo00.htm,QB,0,9,1968,False
Guido Merkens,/M/MerkGu00.htm,WR-QB-DB,0,10,1987,False
Ron Meyer,/M/MeyeRo00.htm,QB,0,1,1966,False
Mike Micka,/M/MickMi20.htm,FB-HB-QB,0,5,1948,False
Pete Mikolajewski,/M/MikoPe20.htm,QB,0,1,1969,False
Don Milan,/M/MilaDo00.htm,QB,0,1,1975,False
Scott Milanovich,/M/MilaSc00.htm,QB,0,1,1996,False
Hugh Millen,/M/MillHu00.htm,QB,0,9,1995,False
Chris Miller,/M/MillCh00.htm,QB,0,13,1999,False
Eddie Miller,/M/MillEd20.htm,TB-QB-DB,0,2,1940,False
Jim Miller,/M/MillJi00.htm,QB,0,8,2002,False
Larry Miller,/M/MillLa20.htm,QB,0,1,1987,False
Mark Miller,/M/MillMa00.htm,QB,0,2,1979,False
Mark Miller,/M/MillMa20.htm,QB,0,1,1987,False
Ron Miller,/M/MillRo01.htm,QB,0,1,1962,False
Charlie Milstead,/M/MilsCh20.htm,QB-DB,0,2,1961,False
Ed Mioduszewski,/M/MiodEd20.htm,QB-DB,0,1,1953,False
George Mira,/M/MiraGe00.htm,QB,0,8,1971,False
Rick Mirer,/M/MireRi00.htm,QB,0,11,2003,False
Bob Mitchell,/M/MitcBo20.htm,HB-QB-DB,0,3,1948,False
Scott Mitchell,/M/MitcSc00.htm,QB,0,11,2001,False
Keith Molesworth,/M/MoleKe20.htm,HB-QB,0,7,1937,False
Bob Monnett,/M/MonnBo20.htm,TB-HB-QB,0,6,1938,False
Tommy Mont,/M/MontTo20.htm,QB-HB,0,3,1949,False
Joe Montana,/M/MontJo01.htm,QB,1,16,1994,False
Warren Moon,/M/MoonWa00.htm,QB,1,17,2000,False
Shawn Moore,/M/MoorSh00.htm,QB,0,1,1992,False
Moses Moreno,/M/MoreMo00.htm,QB,0,3,2000,False
Earl Morrall,/M/MorrEa00.htm,QB,0,21,1976,False
Mike Moroski,/M/MoroMi00.htm,QB,0,8,1986,False
Stephen Morris,/M/MorrSt00.htm,QB,0,1,2014,False
Dennis Morrison,/M/MorrDe00.htm,QB,0,1,1974,False
Craig Morton,/M/MortCr00.htm,QB,0,18,1982,False
Perry Moss,/M/MossPe20.htm,QB,0,1,1948,False
George Munns,/M/MunnGe20.htm,QB-TB,0,1,1921,False
Bill Munson,/M/MunsBi00.htm,QB,0,16,1979,False
Aaron Murray,/M/MurrAa00.htm,QB,0,1,2014,False
Bill Musgrave,/M/MusgBi00.htm,QB,0,6,1996,False
Jack Myers,/M/MyerJa20.htm,FB-QB-LB,0,5,1952,False
Tom Myers,/M/MyerTo00.htm,QB,0,2,1966,False
Steve Myer,/M/MyerSt00.htm,QB,0,3,1979,False
Browning Nagle,/N/NaglBr00.htm,QB,0,6,1996,False
Ray Nagel,/N/NageRa20.htm,QB,0,1,1953,False
Craig Nall,/N/NallCr00.htm,QB,0,5,2007,False
Joe Namath,/N/NamaJo00.htm,QB,1,13,1977,False
Bob Naponic,/N/NapoBo00.htm,QB,0,1,1970,False
John Navarre,/N/NavaJo00.htm,QB,0,2,2005,False
Bill Nelsen,/N/NelsBi00.htm,QB,0,10,1972,False
Steve Nemeth,/N/NemeSt20.htm,QB-HB,0,3,1947,False
Rick Neuheisel,/N/NeuhRi20.htm,QB,0,1,1987,False
Gifford Nielsen,/N/NielGi00.htm,QB,0,6,1983,False
Jim Ninowski,/N/NinoJi00.htm,QB,0,12,1969,False
Emery Nix,/N/NixxEm20.htm,TB-QB,0,4,1946,False
Jerry Niles,/N/NileJe20.htm,QB,0,1,1947,False
Kent Nix,/N/NixxKe00.htm,QB,0,6,1972,False
Terry Nofsinger,/N/NofsTe00.htm,QB,0,7,1967,False
Reino Nori,/N/NoriRe20.htm,QB,0,2,1938,False
Dick Norman,/N/NormDi20.htm,QB,0,1,1961,False
David Norrie,/N/NorrDa20.htm,QB,0,1,1987,False
Mike Norseth,/N/NorsMi20.htm,QB,0,1,1988,False
Rick Norton,/N/NortRi00.htm,QB,0,5,1970,False
Mike Nott,/N/NottMi00.htm,QB,0,1,1976,False
Keith Null,/N/NullKe00.htm,QB,0,1,2009,False
Terry Nugent,/N/NugeTe20.htm,QB,0,1,1987,False
Doug Nussmeier,/N/NussDo00.htm,QB,0,2,1997,False
Davey O'Brien,/O/OBriDa21.htm,QB-TB,0,2,1940,False
Kevin O'Connell,/O/OConKe00.htm,QB,0,1,2008,False
Tommy O'Connell,/O/OConTo00.htm,QB,0,9,1961,False
Ken O'Brien,/O/OBriKe00.htm,QB,0,10,1993,False
Neil O'Donnell,/O/ODonNe00.htm,QB,0,13,2003,False
Tom O'Malley,/O/OMalTo20.htm,QB,0,1,1950,False
Charlie O'Rourke,/O/ORouCh20.htm,QB,0,8,1949,False
J.T. O'Sullivan,/O/OSulJ.00.htm,QB,0,6,2009,False
Cliff Olander,/O/OlanCl00.htm,QB,0,3,1979,False
Vince Oliver,/O/OlivVi20.htm,QB,0,1,1945,False
Kyle Orton,/O/OrtoKy00.htm,QB,0,10,2014,False
Sandy Osiecki,/O/OsieSa20.htm,QB,0,1,1984,False
Tom Owen,/O/OwenTo00.htm,QB,0,8,1981,False
Mike Pagel,/P/PageMi00.htm,QB,0,12,1993,False
Curtis Painter,/P/PainCu00.htm,QB,0,5,2013,False
Tyler Palko,/P/PalkTy00.htm,QB,0,2,2011,False
Jesse Palmer,/P/PalmJe00.htm,QB,0,2,2003,False
Jordan Palmer,/P/PalmJo20.htm,QB,0,7,2014,False
Don Panciera,/P/PancDo20.htm,QB-DB,0,4,1952,False
Nick Papac,/P/PapaNi00.htm,QB,0,1,1961,False
Babe Parilli,/P/PariBa00.htm,QB,0,18,1969,False
Ace Parker,/P/ParkAc20.htm,TB-DB-QB,1,10,1946,False
Dan Pastorini,/P/PastDa00.htm,QB,0,13,1983,False
Alan Pastrana,/P/PastCh00.htm,QB,0,2,1970,False
Frank Patrick,/P/PatrFr00.htm,QB,0,3,1972,False
John Patrick,/P/PatrJo20.htm,BB-QB-FB,0,6,1946,False
Sean Payton,/P/PaytSe20.htm,QB,0,1,1987,False
Pard Pearce,/P/PearPa20.htm,QB-BB,0,6,1925,False
Brent Pease,/P/PeasBr00.htm,QB,0,2,1988,False
Doug Pederson,/P/PedeDo00.htm,QB,0,12,2004,False
Rodney Peete,/P/PeetRo00.htm,QB,0,16,2004,False
Steve Pelluer,/P/PellSt00.htm,QB,0,7,1990,False
Chad Pennington,/P/PennCh01.htm,QB,0,11,2010,False
Craig Penrose,/P/PenrCr00.htm,QB,0,4,1979,False
Mike Perrie,/P/PerrMi20.htm,QB,0,1,1939,False
Todd Philcox,/P/PhilTo00.htm,QB,0,8,1997,False
Mike Phipps,/P/PhipMi00.htm,QB,0,12,1981,False
Cody Pickett,/P/PickCo00.htm,QB,0,2,2005,False
Tony Pike,/P/PikeTo00.htm,QB,0,1,2010,False
Johnny Pingel,/P/PingJo20.htm,TB-QB-HB,0,1,1939,False
Steve Pisarkiewicz,/P/PisaSt00.htm,QB,0,3,1980,False
Joe Pisarcik,/P/PisaJo00.htm,QB,0,8,1984,False
Milt Plum,/P/PlumMi00.htm,QB,0,13,1969,False
Jake Plummer,/P/PlumJa00.htm,QB,0,10,2006,False
Jim Plunkett,/P/PlunJi00.htm,QB,0,16,1986,False
Christian Ponder,/P/PondCh00.htm,QB,0,4,2014,False
Jim Powers,/P/PoweJi20.htm,DB-LB-QB,0,4,1953,False
Cotton Price,/P/PricCo20.htm,TB-DB-QB,0,7,1946,False
Bob Ptacek,/P/PtacBo20.htm,QB,0,1,1959,False
Bernard Quarles,/Q/QuarBe20.htm,QB,0,1,1987,False
Brady Quinn,/Q/QuinBr00.htm,QB,0,6,2012,False
Jonathan Quinn,/Q/QuinJo00.htm,QB,0,7,2004,False
Mike Quinn,/Q/QuinMi00.htm,QB,0,2,1998,False
Warren Rabb,/R/RabbWa00.htm,QB,0,3,1962,False
Mike Rae,/R/RaexMi00.htm,QB,0,4,1979,False
Dave Ragone,/R/RagoDa00.htm,QB,0,1,2003,False
Larry Rakestraw,/R/RakeLa00.htm,QB,0,3,1968,False
Patrick Ramsey,/R/RamsPa00.htm,QB,0,7,2008,False
Steve Ramsey,/R/RamsSt00.htm,QB,0,7,1976,False
Tom Ramsey,/R/RamsTo00.htm,QB,0,4,1989,False
Walt Rankin,/R/RankWa20.htm,QB-FB,0,7,1947,False
Bob Rapp,/R/RappBo20.htm,WB-BB-HB-QB,0,8,1929,False
Tim Rattay,/R/RattTi00.htm,QB,0,8,2007,False
George Ratterman,/R/RattGe00.htm,QB,0,10,1956,False
John Rauch,/R/RaucJo20.htm,QB-DB,0,3,1951,False
John Reaves,/R/ReavJo00.htm,QB,0,16,1987,False
Chris Redman,/R/RedmCh00.htm,QB,0,12,2011,False
Joe Reed,/R/ReedJo00.htm,QB,0,8,1979,False
Mark Reed,/R/ReedMa20.htm,QB,0,1,1983,False
Ken Reese,/R/ReesKe20.htm,HB-QB,0,1,1947,False
Frank Reich,/R/ReicFr00.htm,QB,0,14,1998,False
Jerry Reichow,/R/ReicJe00.htm,E-QB,0,9,1964,False
Albie Reisz,/R/ReisAl20.htm,TB-HB-QB,0,4,1947,False
M.C. Reynolds,/R/ReynM.00.htm,QB,0,5,1962,False
Jerry Rhome,/R/RhomJe00.htm,QB,0,7,1971,False
Bucky Richardson,/R/RichBu00.htm,QB,0,3,1994,False
Wally Richardson,/R/RichWa00.htm,QB,0,1,1998,False
Paul Rickards,/R/RickPa20.htm,QB,0,1,1948,False
Alan Risher,/R/RishAl20.htm,QB,0,3,1987,False
Tim Riordan,/R/RiorTi20.htm,QB,0,1,1987,False
James Ritchey,/R/RitcJa20.htm,QB,0,1,1997,False
John Roach,/R/RoacJo00.htm,QB-DB,0,9,1964,False
Archie Roberts,/R/RobeAr00.htm,QB,0,1,1967,False
Matt Robinson,/R/RobiMa01.htm,QB,0,6,1982,False
Tony Robinson,/R/RobiTo20.htm,QB,0,1,1987,False
Zac Robinson,/R/RobiZa00.htm,QB,0,1,2012,False
Steve Romanik,/R/RomaSt00.htm,QB,0,5,1954,False
Jim Root,/R/RootJi20.htm,QB,0,4,1956,False
Timm Rosenbach,/R/RoseTi00.htm,QB,0,4,1992,False
Sage Rosenfels,/R/RoseSa00.htm,QB,0,9,2010,False
Tobin Rote,/R/RoteTo00.htm,QB,0,17,1966,False
Jeff Rowe,/R/RoweJe00.htm,QB,0,1,2007,False
Ed Rubbert,/R/RubbEd20.htm,QB,0,1,1987,False
T.J. Rubley,/R/RublTJ00.htm,QB,0,3,1995,False
Benny Russell,/R/RussBe00.htm,QB,0,1,1968,False
JaMarcus Russell,/R/RussJa00.htm,QB,0,3,2009,False
Ed Rutkowski,/R/RutkEd00.htm,QB-HB-SE-WR,0,6,1968,False
Jeff Rutledge,/R/RutlJe00.htm,QB,0,14,1992,False
Frank Ryan,/R/RyanFr00.htm,QB,0,13,1970,False
Pat Ryan,/R/RyanPa00.htm,QB,0,14,1991,False
Mark Rypien,/R/RypiMa00.htm,QB,0,14,2001,False
Tony Sacca,/S/SaccTo00.htm,QB,0,1,1992,False
Nick Sacrinty,/S/SacrNi20.htm,QB,0,1,1947,False
Ed Salem,/S/SaleEd20.htm,DB-QB,0,1,1951,False
Sean Salisbury,/S/SaliSe00.htm,QB,0,10,1996,False
Frank Santora,/S/SantFr20.htm,QB,0,1,1944,False
Charley Sarratt,/S/SarrCh20.htm,QB,0,1,1948,False
Cory Sauter,/S/SautCo00.htm,QB,0,1,2002,False
Jack Scarbath,/S/ScarJa20.htm,QB,0,4,1956,False
Henry Schichtle,/S/SchiHe20.htm,QB,0,1,1964,False
Art Schlichter,/S/SchlAr00.htm,QB,0,4,1985,False
Herm Schneidman,/S/SchnHe20.htm,BB-QB,0,6,1940,False
Turk Schonert,/S/SchoTu00.htm,QB,0,9,1989,False
Jay Schroeder,/S/SchrJa00.htm,QB,0,10,1994,False
Bud Schwenk,/S/SchwBu20.htm,QB-TB-HB,0,7,1948,False
Bob Schweickert,/S/SchwBo00.htm,QB,0,3,1967,False
John Sciarra,/S/SciaJo20.htm,DB-QB,0,6,1983,False
Nick Scollard,/S/ScolNi20.htm,E-QB,0,4,1949,False
Bobby Scott,/S/ScotBo00.htm,QB,0,9,1981,False
Bob Scrabis,/S/ScraBo00.htm,QB,0,3,1962,False
Charlie Seabright,/S/SeabCh20.htm,BB-QB,0,10,1950,False
Nick Sebek,/S/SebeNi20.htm,QB,0,1,1950,False
Scott Secules,/S/SecuSc00.htm,QB,0,5,1993,False
Frank Seurer,/S/SeurFr00.htm,QB,0,2,1987,False
Connor Shaw,/S/ShawCo00.htm,QB,0,1,2014,False
Dennis Shaw,/S/ShawDe00.htm,QB,0,6,1975,False
George Shaw,/S/ShawGe00.htm,QB,0,8,1962,False
Allie Sherman,/S/SherAl20.htm,QB,0,5,1947,False
Solly Sherman,/S/SherSo20.htm,QB,0,2,1940,False
Tom Sherman,/S/SherTo00.htm,QB,0,2,1969,False
Joe Shield,/S/ShieJo20.htm,QB,0,1,1986,False
Dick Shiner,/S/ShinDi00.htm,QB,0,11,1974,False
Heath Shuler,/S/ShulHe00.htm,QB,0,4,1997,False
Butch Simas,/S/SimaBu20.htm,BB-QB,0,2,1933,False
Matt Simms,/S/SimmMa00.htm,QB,0,2,2014,True
Phil Simms,/S/SimmPh00.htm,QB,0,15,1993,False
Chris Simms,/S/SimmCh00.htm,QB,0,6,2009,False
Eber Simpson,/S/SimpEb20.htm,BB-QB,0,1,1923,False
Brian Sipe,/S/SipeBr00.htm,QB,0,10,1983,False
John Skelton,/S/SkelJo00.htm,QB,0,3,2012,False
Mickey Slaughter,/S/SlauMi00.htm,QB,0,4,1966,False
Steve Sloan,/S/SloaSt00.htm,QB,0,2,1967,False
Akili Smith,/S/SmitAk00.htm,QB,0,4,2002,False
Milt Smith,/S/SmitMi24.htm,DB-QB,0,1,1945,False
Ron Smith,/S/SmitRo03.htm,QB,0,2,1966,False
Rusty Smith,/S/SmitRu01.htm,QB,0,3,2012,False
Troy Smith,/S/SmitTr02.htm,QB,0,4,2010,False
Norm Snead,/S/SneaNo00.htm,QB,0,16,1976,False
Bob Snyder,/S/SnydBo20.htm,TB-QB,0,7,1943,False
Loren Snyder,/S/SnydLo20.htm,QB,0,1,1987,False
Freddie Solomon,/S/SoloFr01.htm,WR-QB-RB,0,11,1985,False
Butch Songin,/S/SongBu00.htm,QB,0,3,1962,False
Brad Sorensen,/S/SoreBr00.htm,QB,0,1,2014,False
Jim Sorgi,/S/SorgJi00.htm,QB,0,6,2009,False
Ronnie Lee South,/S/SoutRo00.htm,QB-P,0,1,1968,False
Dennis Sproul,/S/SproDe20.htm,QB,0,1,1978,False
Steve Spurrier,/S/SpurSt00.htm,QB-P,0,10,1976,False
Brian St. Pierre,/S/St.PBr20.htm,QB,0,7,2010,False
Ken Stabler,/S/StabKe00.htm,QB,1,15,1984,False
Scott Stankavage,/S/StanSc00.htm,QB,0,4,1987,False
Ricky Stanzi,/S/StanRi00.htm,QB,0,3,2014,False
Bart Starr,/S/StarBa00.htm,QB,1,16,1971,False
Roger Staubach,/S/StauRo00.htm,QB,1,11,1979,False
Steve Stenstrom,/S/StenSt00.htm,QB,0,4,1999,False
Harold Stephens,/S/StepHa00.htm,QB,0,1,1962,False
Nick Stephens,/S/StepNi00.htm,QB,0,1,2012,False
Kay Stephenson,/S/StepKa00.htm,QB,0,2,1968,False
Dutch Sternaman,/S/SterDu20.htm,HB-QB-FB,0,8,1927,False
Joey Sternaman,/S/SterJo21.htm,QB-BB,0,9,1930,False
Billy Stevens,/S/StevBi00.htm,QB,0,2,1969,False
Mark Stevens,/S/StevMa20.htm,QB,0,1,1987,False
Matt Stevens,/S/StevMa21.htm,QB,0,1,1987,False
Kordell Stewart,/S/StewKo00.htm,QB,0,11,2005,False
Clint Stoerner,/S/StoeCl00.htm,QB,0,2,2001,False
John Stofa,/S/StofJo00.htm,QB,0,5,1970,False
Ken Stofer,/S/StofKe20.htm,QB-DB,0,1,1946,False
Anton Stolfa,/S/StolAn20.htm,QB-DB,0,1,1939,False
Cliff Stoudt,/S/StouCl00.htm,QB,0,10,1989,False
Kelly Stouffer,/S/StouKe00.htm,QB,0,5,1992,False
Don Strock,/S/StroDo00.htm,QB,0,15,1988,False
Rick Strom,/S/StroRi00.htm,QB,0,3,1991,False
Pat Sullivan,/S/SullPa00.htm,QB,0,4,1975,False
Carl Summerell,/S/SummCa00.htm,QB,0,2,1975,False
Kevin Sweeney,/S/SweeKe00.htm,QB,0,2,1988,False
Karl Sweetan,/S/SweeKa00.htm,QB,0,5,1970,False
Jerry Tagge,/T/TaggJe00.htm,QB,0,3,1974,False
George Taliaferro,/T/TaliGe00.htm,HB-TB-QB-DB,0,7,1955,False
Mike Taliaferro,/T/TaliMi00.htm,QB,0,9,1972,False
Fran Tarkenton,/T/TarkFr00.htm,QB,1,18,1978,False
Jimmy Tarrant,/T/TarrJi21.htm,QB,0,1,1946,False
Jim Bob Taylor,/T/TaylJi20.htm,QB,0,1,1983,False
Troy Taylor,/T/TaylTr00.htm,QB,0,2,1991,False
Tim Tebow,/T/TeboTi00.htm,QB,0,3,2012,False
Steve Tensi,/T/TensSt00.htm,QB,0,6,1970,False
George Terlep,/T/TerlGe20.htm,QB-DB,0,3,1948,False
Vinny Testaverde,/T/TestVi00.htm,QB,0,21,2007,False
Joe Theismann,/T/TheiJo00.htm,QB,0,12,1985,False
Harry Theofiledes,/T/TheoHa00.htm,QB,0,1,1968,False
Tyler Thigpen,/T/ThigTy00.htm,QB,0,8,2014,False
Bobby Thomason,/T/ThomBo02.htm,QB,0,9,1957,False
Jack Thompson,/T/ThomJa00.htm,QB,0,6,1984,False
Kevin Thompson,/T/ThomKe00.htm,QB,0,1,2000,False
Tommy Thompson,/T/ThomTo21.htm,QB,0,11,1950,False
Bruce Threadgill,/T/ThreBr20.htm,DB-QB,0,1,1978,False
Willie Thrower,/T/ThroWi20.htm,QB,0,1,1953,False
Travis Tidwell,/T/TidwTr20.htm,QB,0,2,1951,False
Scott Tinsley,/T/TinsSc20.htm,QB,0,1,1987,False
Y.A. Tittle,/T/TittY.00.htm,QB,1,17,1964,False
Richard Todd,/T/ToddRi00.htm,QB,0,10,1985,False
Billy Joe Tolliver,/T/TollBi00.htm,QB,0,11,1999,False
Mike Tomczak,/T/TomcMi00.htm,QB,0,15,1999,False
Gino Torretta,/T/ToreGi00.htm,QB,0,4,1996,False
Willie Totten,/T/TottWi20.htm,QB,0,1,1987,False
Charley Trippi,/T/TripCh00.htm,HB-QB-DB,1,9,1955,False
Frank Tripucka,/T/TripFr00.htm,QB,0,15,1963,False
Bob Trocolor,/T/TrocBo20.htm,QB-HB,0,3,1944,False
Rick Trocano,/T/TrocRi20.htm,QB-DB,0,2,1982,False
Bill Troup,/T/TrouBi00.htm,QB,0,7,1980,False
Jack Trudeau,/T/TrudJa00.htm,QB,0,10,1995,False
Don Trull,/T/TrulDo00.htm,QB,0,6,1969,False
Jeff Tuel,/T/TuelJe00.htm,QB,0,2,2014,False
Marques Tuiasosopo,/T/TuiaMa00.htm,QB,0,8,2008,False
Tom Tupa,/T/TupaTo20.htm,QB-P,0,17,2004,False
Ricky Turner,/T/TurnRi21.htm,QB,0,1,1988,False
Johnny Unitas,/U/UnitJo00.htm,QB,1,18,1973,False
Sam Vacanti,/V/VacaSa20.htm,QB,0,3,1949,False
Norm Van Brocklin,/V/VanBNo00.htm,QB,1,12,1960,False
Tim Van Galder,/V/VanGTi00.htm,QB,0,1,1972,False
Bradlee Van Pelt,/V/VanPBr00.htm,QB,0,1,2005,False
Alex Van Pelt,/V/VanPAl00.htm,QB,0,9,2003,False
Jeff Van Raaphorst,/V/VanRJe20.htm,QB,0,1,1987,False
Ron Vander Kelen,/V/VandRo00.htm,QB,0,5,1967,False
Dustin Vaughan,/V/VaugDu00.htm,QB,0,1,2014,False
Marcus Vick,/V/VickMa20.htm,WR-QB,0,1,2006,False
Mark Vlasic,/V/VlasMa00.htm,QB,0,5,1991,False
Billy Volek,/V/VoleBi00.htm,QB,0,11,2011,False
Billy Wade,/W/WadeBi00.htm,QB,0,13,1966,False
Tommy Wade,/W/WadeTo00.htm,QB,0,2,1965,False
Jay Walker,/W/WalkJa22.htm,QB,0,2,1997,False
Bev Wallace,/W/WallBe20.htm,QB,0,5,1951,False
Seneca Wallace,/W/WallSe00.htm,QB,0,9,2013,False
Steve Walsh,/W/WalsSt00.htm,QB,0,11,1999,False
Andrew Walter,/W/WaltAn00.htm,QB,0,3,2008,False
Dave Walter,/W/WaltDa20.htm,QB,0,1,1987,False
John Walton,/W/WaltJo00.htm,QB,0,4,1979,False
Jim Ward,/W/WardJi00.htm,QB,0,5,1971,False
Andre Ware,/W/WareAn00.htm,QB,0,4,1993,False
Kurt Warner,/W/WarnKu00.htm,QB,1,12,2009,False
Dewey Warren,/W/WarrDe00.htm,QB,0,1,1968,False
Bob Waterfield,/W/WateBo01.htm,QB,1,8,1952,False
Bob Waters,/W/WateBo00.htm,QB,0,4,1963,False
Foster Watkins,/W/WatkFo20.htm,QB-HB,0,2,1941,False
Adam Weber,/W/WebeAd00.htm,QB,0,1,2012,False
Norris Weese,/W/WeesNo00.htm,QB-P,0,4,1979,False
Chris Weinke,/W/WeinCh00.htm,QB,0,7,2007,False
Larry Weldon,/W/WeldLa20.htm,QB,0,2,1945,False
Casey Weldon,/W/WeldCa00.htm,QB,0,7,1999,False
Mike Wells,/W/WellMi21.htm,QB,0,1,1977,False
Keith Wenning,/W/WennKe00.htm,QB,0,1,2014,False
Manch Wheeler,/W/WheeMa00.htm,QB,0,1,1962,False
Craig Whelihan,/W/WhelCr00.htm,QB,0,2,1998,False
Danny White,/W/WhitDa01.htm,QB-P,0,13,1988,False
Harvey White,/W/WhitHa00.htm,QB-E,0,1,1960,False
David Whitehurst,/W/WhitDa02.htm,QB,0,7,1983,False
Todd Whitten,/W/WhitTo20.htm,QB,0,1,1987,False
Erik Wilhelm,/W/WilhEr00.htm,QB,0,8,1996,False
Bob Williams,/W/WillBo20.htm,QB,0,5,1955,False
Doug Williams,/W/WillDo01.htm,QB,0,12,1989,False
Peter Tom Willis,/W/WillPe00.htm,QB,0,4,1993,False
Dave Wilson,/W/WilsDa00.htm,QB,0,8,1988,False
Eddie Wilson,/W/WilsEd00.htm,QB-P,0,4,1965,False
George Wilson,/W/WilsGe00.htm,QB,0,1,1966,False
John Parker Wilson,/W/WilsJo01.htm,QB,0,1,2012,False
Marc Wilson,/W/WilsMa00.htm,QB,0,11,1990,False
Wade Wilson,/W/WilsWa00.htm,QB,0,18,1998,False
Sonny Winters,/W/WintSo20.htm,BB-QB,0,2,1924,False
John Witkowski,/W/WitkJo00.htm,QB,0,5,1988,False
Dick Wood,/W/WoodDi00.htm,QB,0,5,1966,False
Gary Wood,/W/WoodGa00.htm,QB,0,6,1969,False
Al Woodall,/W/WoodAl00.htm,QB,0,6,1974,False
Tory Woodbury,/W/WoodTo02.htm,QB,0,2,2002,False
David Woodley,/W/WoodDa00.htm,QB,0,6,1985,False
Scott Woolf,/W/WoolSc20.htm,QB,0,1,1987,False
Anthony Wright,/W/WrigAn00.htm,QB,0,8,2007,False
Randy Wright,/W/WrigRa00.htm,QB,0,5,1988,False
Ted Wright,/W/WrigTe20.htm,HB-QB,0,2,1935,False
Danny Wuerffel,/W/WuerDa00.htm,QB,0,6,2002,False
Fred Wyant,/W/WyanFr20.htm,QB,0,1,1956,False
Sam Wyche,/W/WychSa00.htm,QB,0,9,1976,False
Spergon Wynn,/W/WynnSp00.htm,QB,0,2,2001,False
Tom Yewcic,/Y/YewcTo00.htm,QB-P-HB,0,6,1966,False
Jim Youel,/Y/YoueJi20.htm,QB-DB,0,3,1948,False
Steve Young,/Y/YounSt00.htm,QB,1,15,1999,False
Vince Young,/Y/YounVi00.htm,QB,0,6,2011,False
Eric Zeier,/Z/ZeieEr00.htm,QB,0,6,2000,False
Roy Zimmerman,/Z/ZimmRo20.htm,QB-WB-K,0,9,1948,False
Scott Zolak,/Z/ZolaSc00.htm,QB,0,8,1999,False
Jim Zorn,/Z/ZornJi00.htm,QB,0,12,1987,False
