Name,URL,Position,HallOfFame,TotalYears,LastYear,Active
Bob Adams,/A/AdamBo00.htm,TE-T,0,8,1976,False
Flozell Adams,/A/AdamFl00.htm,T-G-TE,0,13,2010,False
Kyle Adams,/A/AdamKy00.htm,TE,0,3,2013,False
Zac Alcorn,/A/AlcoZa20.htm,TE,0,1,2006,False
Stephen Alexander,/A/AlexSt00.htm,TE,0,9,2006,False
Duane Allen,/A/AlleDu00.htm,TE,0,7,1967,False
Rashaun Allen,/A/AlleRa00.htm,TE,0,1,2014,False
Tremayne Allen,/A/AlleTr00.htm,TE,0,1,1997,False
John Allred,/A/AllrJo00.htm,TE,0,6,2002,False
Mack Alston,/A/AlstMa00.htm,TE,0,11,1980,False
Steve Alvers,/A/AlveSt20.htm,TE-C,0,2,1982,False
Bill Anderson,/A/AndeBi00.htm,E-TE,0,9,1966,False
Chet Anderson,/A/AndeCh00.htm,TE,0,1,1967,False
Courtney Anderson,/A/AndeCo00.htm,TE,0,4,2007,False
Jesse Anderson,/A/AndeJe00.htm,TE,0,4,1993,False
Taz Anderson,/A/AndeTa00.htm,TE,0,7,1967,False
John Andrews,/A/AndrJo00.htm,TE-RB,0,3,1974,False
Mitch Andrews,/A/AndrMi20.htm,TE,0,1,1987,False
Mark Anelli,/A/AnelMa20.htm,TE,0,1,2002,False
Blake Annen,/A/AnneBl01.htm,TE,0,1,2014,False
Richard Angulo,/A/AnguRi00.htm,TE,0,6,2008,False
Charles Arbuckle,/A/ArbuCh00.htm,TE,0,4,1995,False
Fred Arbanas,/A/ArbaFr00.htm,TE,0,9,1970,False
Tyji Armstrong,/A/ArmsTy00.htm,TE,0,7,1998,False
Walt Arnold,/A/ArnoWa00.htm,TE,0,8,1987,False
Gary Arthur,/A/ArthGa00.htm,TE,0,2,1971,False
Doug Asad,/A/AsadDo00.htm,TE,0,2,1961,False
Richard Ashe,/A/AsheRi20.htm,TE,0,1,1990,False
Jamie Asher,/A/AsheJa00.htm,TE,0,4,1998,False
Bert Askson,/A/AsksBe20.htm,DE-TE,0,7,1977,False
Jim Avery,/A/AverJi20.htm,TE,0,1,1966,False
Robert Awalt,/A/AwalRo00.htm,TE,0,7,1993,False
Bill Baber,/B/BabeBi00.htm,TE,0,4,2004,False
Eric Bailey,/B/BailEr20.htm,TE,0,1,1987,False
Billy Bajema,/B/BajeBi00.htm,TE,0,9,2013,False
Chris Baker,/B/BakeCh00.htm,TE,0,9,2010,False
Josh Baker,/B/BakeJo01.htm,TE,0,1,2011,False
Jake Ballard,/B/BallJa21.htm,TE,0,4,2013,False
Gary Ballman,/B/BallGa00.htm,FL-TE-SE-WR,0,12,1973,False
Mike Banks,/B/BankMi20.htm,TE,0,2,2003,False
Warren Bankston,/B/BankWa00.htm,RB-TE,0,10,1978,False
Bradford Banta,/B/BantBr00.htm,TE-C,0,11,2004,False
Mike Barber,/B/BarbMi01.htm,TE,0,10,1985,False
Brandon Barden,/B/BardBr00.htm,TE,0,3,2014,False
Ken Barefoot,/B/BareKe20.htm,TE,0,1,1968,False
Jerome Barkum,/B/BarkJe00.htm,TE-WR,0,12,1983,False
Buster Barnett,/B/BarnBu00.htm,TE,0,4,1984,False
Dean Barnett,/B/BarnDe21.htm,TE,0,1,1983,False
Rich Bartlewski,/B/BartRi20.htm,TE,0,2,1991,False
Mike Bartrum,/B/BartMi00.htm,TE-C,0,14,2006,False
Don Bass,/B/BassDo00.htm,WR-TE,0,5,1982,False
Marco Battaglia,/B/BattMa00.htm,TE,0,8,2003,False
Ron Battle,/B/BattRo20.htm,TE,0,2,1982,False
Greg Baty,/B/BatyGr00.htm,TE,0,9,1994,False
Mark Bavaro,/B/BavaMa00.htm,TE,0,10,1994,False
Fred Baxter,/B/BaxtFr00.htm,TE,0,11,2003,False
Alex Bayer,/B/BayeAl00.htm,TE,0,1,2014,False
Pat Beach,/B/BeacPa00.htm,TE,0,12,1993,False
John Beasley,/B/BeasJo00.htm,TE,0,8,1974,False
Anthony Becht,/B/BechAn00.htm,TE,0,12,2011,False
Brad Beckman,/B/BeckBr00.htm,TE,0,2,1989,False
Ed Beckman,/B/BeckEd00.htm,TE,0,8,1984,False
Travis Beckum,/B/BeckTr00.htm,TE,0,4,2012,False
Hal Bedsole,/B/BedsHa00.htm,TE,0,3,1966,False
Tom Beer,/B/BeerTo00.htm,TE-G,0,6,1972,False
Jim Beirne,/B/BeirJi00.htm,WR-TE,0,9,1976,False
Veno Belk,/B/BelkVe20.htm,TE,0,1,1987,False
Carlos Bell,/B/BellCa20.htm,TE,0,1,1971,False
Coleman Bell,/B/BellCo20.htm,TE,0,1,1995,False
Jerry Bell,/B/BellJe00.htm,TE,0,5,1986,False
Shonn Bell,/B/BellSh20.htm,TE,0,1,1999,False
Cliff Benson,/B/BensCl00.htm,TE,0,5,1988,False
Adam Bergen,/B/BergAd00.htm,TE,0,2,2006,False
Rod Bernstine,/B/BernRo00.htm,RB-TE,0,9,1995,False
Sean Berton,/B/BertSe00.htm,TE,0,3,2005,False
Troy Bienemann,/B/BienTr00.htm,TE,0,1,2007,False
Harold Bishop,/B/BishHa00.htm,TE,0,5,1998,False
Charlie Bivins,/B/BiviCh00.htm,HB-TE,0,8,1967,False
Eric Bjornson,/B/BjorEr00.htm,TE,0,6,2000,False
Kelly Blackwell,/B/BlacKe21.htm,TE,0,2,1993,False
T.C. Blair,/B/BlaiT.20.htm,TE,0,1,1974,False
Dwayne Blakley,/B/BlakDw00.htm,TE,0,4,2007,False
Rob Blanchflower,/B/BlanRo01.htm,TE,0,1,2014,False
Rickey Bolden,/B/BoldRi20.htm,T-TE-G,0,6,1989,False
Ted Bolser,/B/BolsTe00.htm,TE,0,1,2014,False
Rich Borresen,/B/BorrRi20.htm,TE,0,1,1987,False
Cap Boso,/B/BosoCa00.htm,TE,0,6,1991,False
Kevin Boss,/B/BossKe00.htm,TE,0,6,2012,False
Kirk Botkin,/B/BotkKi20.htm,TE,0,4,1997,False
Sam Bowers,/B/BoweSa20.htm,TE,0,1,1987,False
Mark Boyer,/B/BoyeMa00.htm,TE-RB-WR,0,8,1992,False
Lon Boyett,/B/BoyeLo20.htm,TE,0,1,1978,False
Brett Brackett,/B/BracBr00.htm,TE,0,3,2014,False
Chuck Bradley,/B/BradCh00.htm,TE,0,3,1977,False
Kyle Brady,/B/BradKy00.htm,TE,0,13,2007,False
Rickey Brady,/B/BradRi20.htm,TE,0,1,1994,False
Mark Brammer,/B/BramMa00.htm,TE,0,5,1984,False
John Brandes,/B/BranJo20.htm,TE,0,7,1993,False
Hoby Brenner,/B/BrenHo00.htm,TE,0,13,1993,False
Johnny Brewer,/B/BrewJo00.htm,TE-LB-DE,0,10,1970,False
Sean Brewer,/B/BrewSe20.htm,TE,0,2,2003,False
Jeremy Brigham,/B/BrigJe00.htm,TE,0,5,2002,False
Willie Brister,/B/BrisWi00.htm,TE,0,2,1975,False
Ralph Britt,/B/BritRa20.htm,TE,0,1,1987,False
Jerry Broadnax,/B/BroaJe00.htm,TE,0,1,1974,False
Kevin Brock,/B/BrocKe00.htm,TE,0,4,2014,False
John Bronson,/B/BronJo00.htm,TE,0,2,2006,False
Steve Brooks,/B/BrooSt20.htm,TE,0,1,1996,False
Luther Broughton,/B/BrouLu00.htm,TE,0,4,2001,False
Allen Brown,/B/BrowAl00.htm,TE,0,2,1967,False
Barry Brown,/B/BrowBa00.htm,TE-LB,0,5,1970,False
Boyd Brown,/B/BrowBo01.htm,TE,0,4,1977,False
Clay Brown,/B/BrowCl20.htm,TE,0,2,1983,False
Derek Brown,/B/BrowDe00.htm,TE,0,8,1999,False
Fred Brown,/B/BrowFr21.htm,LB-TE,0,5,1969,False
LaMark Brown,/B/BrowLa02.htm,TE,0,1,2012,False
Larry Brown,/B/BrowLa00.htm,T-TE,0,14,1984,False
Larry Brown,/B/BrowLa25.htm,TE,0,1,1999,False
Norris Brown,/B/BrowNo20.htm,TE,0,1,1983,False
Robert Brown,/B/BrowBo02.htm,TE,0,5,1973,False
Aundray Bruce,/B/BrucAu20.htm,LB-TE-DE,0,11,1998,False
Mark Bruener,/B/BrueMa00.htm,TE,0,14,2008,False
Bob Bruer,/B/BrueBo00.htm,TE,0,5,1983,False
Tom Buckman,/B/BuckTo00.htm,TE,0,1,1969,False
Don Burchfield,/B/BurcDo00.htm,TE,0,1,1971,False
John Burke,/B/BurkJo00.htm,TE-WR,0,5,1998,False
Vern Burke,/B/BurkVe00.htm,SE-TE,0,3,1967,False
Steve Bush,/B/BushSt00.htm,TE,0,9,2005,False
Gary Butler,/B/ButlGa00.htm,TE,0,5,1977,False
Kelly Butler,/B/ButlKe21.htm,T-TE,0,2,2006,False
Keith Byars,/B/ByarKe00.htm,RB-TE,0,13,1998,False
Nate Byham,/B/ByhaNa00.htm,TE,0,4,2013,False
Dominique Byrd,/B/ByrdDo00.htm,TE,0,6,2011,False
Sylvester Byrd,/B/ByrdSy20.htm,TE,0,1,1987,False
Jake Byrne,/B/ByrnJa00.htm,TE,0,3,2014,False
J.V. Cain,/C/CainJ.00.htm,TE-WR,0,4,1977,False
Dennis Cambal,/C/CambDe20.htm,TE,0,1,1973,False
Dan Campbell,/C/CampDa00.htm,TE,0,10,2008,False
Mark Campbell,/C/CampMa00.htm,TE,0,10,2008,False
Matt Campbell,/C/CampMa21.htm,G-T-TE,0,7,2001,False
Russ Campbell,/C/CampRu20.htm,TE,0,1,1992,False
Billy Cannon,/C/CannBi00.htm,TE-HB-FB,0,11,1970,False
Dick Capp,/C/CappDi20.htm,TE-LB,0,2,1968,False
Joe Caravello,/C/CaraJo00.htm,TE,0,4,1990,False
John Carlson,/C/CarlJo00.htm,TE,0,7,2014,False
Harold Carmichael,/C/CarmHa00.htm,WR-TE,0,14,1984,False
Brett Carolan,/C/CaroBr00.htm,TE,0,3,1996,False
Reggie Carolan,/C/CaroRe00.htm,TE,0,7,1968,False
Ed Carrington,/C/CarrEd21.htm,TE,0,2,1969,False
Jay Carroll,/C/CarrJa20.htm,TE,0,2,1985,False
Dwayne Carswell,/C/CarsDw00.htm,TE,0,12,2005,False
Pat Carter,/C/CartPa00.htm,TE,0,10,1997,False
Bernie Casey,/C/CaseBe00.htm,HB-FL-TE-WR,0,8,1968,False
Keith Cash,/C/CashKe00.htm,TE,0,6,1996,False
Kerry Cash,/C/CashKe01.htm,TE,0,6,1996,False
Dave Casper,/C/CaspDa00.htm,TE,1,11,1984,False
Rich Caster,/C/CastRi00.htm,TE-WR,0,13,1982,False
Mike Caussin,/C/CausMi00.htm,TE,0,2,2012,False
Matt Cercone,/C/CercMa20.htm,TE,0,3,2002,False
Byron Chamberlain,/C/ChamBy00.htm,TE,0,9,2003,False
Al Chandler,/C/ChanAl00.htm,TE,0,7,1979,False
Thornton Chandler,/C/ChanTh00.htm,TE,0,4,1989,False
John Chesley,/C/ChesJo20.htm,TE,0,1,1984,False
Raymond Chester,/C/ChesRa00.htm,TE,0,12,1981,False
Jamie Childers,/C/ChilJa00.htm,TE,0,1,2014,False
Henry Childs,/C/ChilHe00.htm,TE,0,11,1984,False
Mark Chmura,/C/ChmuMa00.htm,TE,0,7,1999,False
Todd Christensen,/C/ChriTo00.htm,TE-FB,0,10,1988,False
Brad Christenson,/C/ChriBr20.htm,TE,0,1,2002,False
Pete Chryplewicz,/C/ChryPe00.htm,TE,0,3,1999,False
Brad Cieslak,/C/CiesBr00.htm,TE,0,4,2008,False
Dallas Clark,/C/ClarDa00.htm,TE,0,11,2013,False
Desmond Clark,/C/ClarDe00.htm,TE,0,12,2010,False
Greg Clark,/C/ClarGr00.htm,TE,0,4,2000,False
Howard Clark,/C/ClarHo00.htm,TE,0,2,1961,False
Ken Clark,/C/ClarKe00.htm,TE-RB,0,3,1992,False
Hayward Clay,/C/ClayHa00.htm,TE,0,3,1998,False
Cam Cleeland,/C/CleeCa00.htm,TE,0,8,2005,False
Henry Clement,/C/ClemHe00.htm,TE,0,1,1961,False
Tony Cline,/C/ClinTo00.htm,TE,0,5,1999,False
Colin Cloherty,/C/ClohCo00.htm,TE,0,4,2012,False
Rich Coady,/C/CoadRi20.htm,C-TE,0,5,1974,False
Ben Coates,/C/CoatBe00.htm,TE,0,10,2000,False
Daniel Coats,/C/CoatDa00.htm,TE,0,4,2010,False
Mike Cobb,/C/CobbMi00.htm,TE,0,5,1981,False
Colin Cochart,/C/CochCo00.htm,TE,0,1,2011,False
Paul Coffman,/C/CoffPa00.htm,TE,0,11,1988,False
Andre Coleman,/C/ColeAn21.htm,TE,0,1,2009,False
Charles Coleman,/C/ColeCh20.htm,TE,0,1,1987,False
Fred Coleman,/C/ColeFr21.htm,TE,0,1,1976,False
James Coley,/C/ColeJa20.htm,TE,0,2,1991,False
Jim Collier,/C/CollJi00.htm,TE,0,2,1963,False
Bobby Collins,/C/CollBo00.htm,TE,0,3,2001,False
Jerome Collins,/C/CollJe00.htm,TE,0,1,2005,False
Ryan Collins,/C/CollRy00.htm,TE,0,1,1999,False
Chris Combs,/C/CombCh20.htm,TE-T,0,2,1981,False
Ernie Conwell,/C/ConwEr00.htm,TE,0,11,2006,False
Marv Cook,/C/CookMa00.htm,TE,0,7,1995,False
Chris Cooley,/C/CoolCh00.htm,TE,0,9,2012,False
Tom Coombs,/C/CoomTo20.htm,TE,0,2,1983,False
Rob Coons,/C/CoonRo20.htm,TE,0,3,1997,False
Adrian Cooper,/C/CoopAd00.htm,TE,0,6,1996,False
Earl Cooper,/C/CoopEa00.htm,RB-TE,0,7,1986,False
Thurlow Cooper,/C/CoopTh00.htm,TE-DE,0,3,1962,False
Jim Corbett,/C/CorbJa00.htm,TE,0,4,1980,False
Chris Corley,/C/CorlCh20.htm,TE,0,1,1987,False
Fred Cornwell,/C/CornFr22.htm,TE,0,2,1985,False
Doug Cosbie,/C/CosbDo00.htm,TE,0,10,1988,False
DeMarco Cosby,/C/CosbDe00.htm,TE,0,1,2012,False
Bruce Coslet,/C/CoslBr00.htm,TE,0,8,1976,False
Paul Costa,/C/CostPa00.htm,TE-T,0,8,1972,False
Brad Cottam,/C/CottBr00.htm,TE,0,2,2009,False
Craig Cotton,/C/CottCr00.htm,TE,0,7,1975,False
Arthur Cox,/C/CoxxAr00.htm,TE,0,9,1991,False
Jim Cox,/C/CoxxJi00.htm,TE,0,1,1968,False
Tom Crabtree,/C/CrabTo00.htm,TE,0,5,2014,False
Steve Craig,/C/CraiSt00.htm,TE,0,5,1978,False
Casey Cramer,/C/CramCa00.htm,RB-TE,0,5,2008,False
Casey Crawford,/C/CrawCa00.htm,TE,0,3,2002,False
Gabe Crecion,/C/CrecGa20.htm,TE,0,1,2004,False
Bobby Crespino,/C/CresBo00.htm,SE-TE,0,8,1968,False
Monte Crockett,/C/CrocMo00.htm,HB-TE,0,3,1962,False
Bill Cronin,/C/CronBi00.htm,TE,0,2,1966,False
Howard Cross,/C/CrosHo00.htm,TE,0,13,2001,False
John David Crow,/C/CrowJo00.htm,HB-TE-FB,0,11,1968,False
Alge Crumpler,/C/CrumAl00.htm,TE,0,10,2010,False
Carlester Crumpler,/C/CrumCa00.htm,TE,0,6,1999,False
Bennie Cunningham,/C/CunnBe00.htm,TE,0,10,1985,False
Pat Curran,/C/CurrPa00.htm,TE-TB,0,10,1978,False
Tony Curtis,/C/CurtTo00.htm,TE,0,3,2008,False
Matt Cushing,/C/CushMa00.htm,TE,0,6,2004,False
Carroll Dale,/D/DaleCa00.htm,WR-TE-FL,0,14,1973,False
Al Darby,/D/DarbAl20.htm,TE,0,3,1978,False
Mitch Daum,/D/DaumMi20.htm,TE,0,1,1987,False
Joe Davenport,/D/DaveJo00.htm,TE,0,3,2003,False
Bryce Davis,/D/DaviBr01.htm,TE,0,1,2012,False
Donnie Davis,/D/DaviDo00.htm,WR-TE,0,9,1970,False
Fred Davis,/D/DaviFr01.htm,TE,0,6,2013,False
John Davis,/D/DaviJo00.htm,TE,0,6,2002,False
Reggie Davis,/D/DaviRe00.htm,TE,0,2,2000,False
Tyrone Davis,/D/DaviTy00.htm,TE-WR,0,8,2002,False
Wendell Davis,/D/DaviWe21.htm,TE,0,1,1998,False
Bill Dawson,/D/DawsBi20.htm,TE-DE,0,1,1965,False
Lin Dawson,/D/DawsLi00.htm,TE,0,10,1990,False
James Dearth,/D/DearJa00.htm,TE-C,0,11,2009,False
Donnie Dee,/D/DeexDo20.htm,TE,0,2,1989,False
John Dekker,/D/DekkJo00.htm,TE,0,1,2007,False
Greg DeLong,/D/DeLoGr00.htm,TE,0,6,2000,False
Austin Denney,/D/DennAu00.htm,TE,0,5,1971,False
Glenn Dennison,/D/DennGl00.htm,TE,0,4,1987,False
Al Denson,/D/DensAl00.htm,FL-TE-SE-WR,0,8,1971,False
Tyson DeVree,/D/DeVrTy20.htm,TE,0,1,2008,False
Lorenzo Diamond,/D/DiamLo00.htm,TE,0,2,2005,False
Dorin Dickerson,/D/DickDo00.htm,TE,0,4,2013,False
Kori Dickerson,/D/DickKo20.htm,TE,0,1,2003,False
Clint Didier,/D/DidiCl00.htm,TE,0,8,1989,False
Ken Dilger,/D/DilgKe00.htm,TE,0,10,2004,False
Darnell Dinkins,/D/DinkDa00.htm,TE,0,8,2009,False
Jerry Diorio,/D/DiorJe20.htm,TE,0,1,1987,False
Mike Ditka,/D/DitkMi00.htm,TE,1,12,1972,False
Al Dixon,/D/DixoAl00.htm,TE,0,8,1984,False
Chase Dixon,/D/DixoCh00.htm,TE,0,1,2014,False
Hewritt Dixon,/D/DixoHe00.htm,RB-TE,0,8,1970,False
Matt Dominguez,/D/DomiMa00.htm,TE,0,1,2001,False
Mike Donohoe,/D/DonoMi00.htm,TE,0,7,1974,False
Jim Dooley,/D/DoolJi00.htm,B-E-FL-TE,0,10,1961,False
Scott Dragos,/D/DragSc00.htm,FB-TE,0,2,2001,False
Troy Drayton,/D/DrayTr00.htm,TE,0,8,2000,False
Chris Dressel,/D/DresCh00.htm,TE,0,10,1992,False
Joel Dreessen,/D/DreeJo00.htm,TE,0,9,2013,False
Phil DuBois,/D/DuBoPh20.htm,TE,0,2,1980,False
Rickey Dudley,/D/DudlRi00.htm,TE,0,9,2004,False
John Duff,/D/DuffJo20.htm,TE,0,2,1994,False
Jeff Dugan,/D/DugaJe00.htm,TE,0,7,2010,False
Wesley Duke,/D/DukeWe00.htm,TE,0,1,2005,False
Craig Dunaway,/D/DunaCr20.htm,TE,0,1,1983,False
Ron Duncan,/D/DuncRo20.htm,TE,0,1,1967,False
Ken Dunek,/D/DuneKe20.htm,TE,0,1,1980,False
Jason Dunn,/D/DunnJa00.htm,TE,0,12,2007,False
K.D. Dunn,/D/DunnKD00.htm,TE,0,5,1989,False
Drake Dunsmore,/D/DunsDr00.htm,TE,0,1,2012,False
Pat Dunsmore,/D/DunsPa00.htm,TE,0,2,1984,False
Billy Joe DuPree,/D/DuprBi00.htm,TE,0,11,1983,False
Mike Dyal,/D/DyalMi00.htm,TE,0,5,1993,False
Robin Earl,/E/EarlRo00.htm,TE-RB,0,6,1982,False
Scott Eccles,/E/EcclSc20.htm,TE,0,1,1987,False
Donnie Echols,/E/EchoDo20.htm,TE,0,1,1987,False
Ferrell Edmunds,/E/EdmuFe00.htm,TE,0,7,1994,False
Eric Edwards,/E/EdwaEr00.htm,TE,0,2,2005,False
Lloyd Edwards,/E/EdwaLl20.htm,TE,0,1,1969,False
Ron Egloff,/E/EgloRo00.htm,TE,0,8,1984,False
Michael Egnew,/E/EgneMi00.htm,TE,0,2,2013,False
Chris Eitzmann,/E/EitzCh20.htm,TE,0,1,2000,False
Andy Ekern,/E/EkerAn20.htm,TE,0,1,1984,False
Clifton Eley,/E/EleyCl20.htm,TE,0,1,1987,False
Jon Embree,/E/EmbrJo21.htm,TE,0,2,1988,False
Pete Emelianchik,/E/EmelPe00.htm,TE,0,1,1967,False
Dedrick Epps,/E/EppsDe00.htm,TE,0,3,2012,False
Ron Essink,/E/EssiRo20.htm,T-TE,0,6,1985,False
Greg Estandia,/E/EstaGr01.htm,TE,0,3,2009,False
Patrick Estes,/E/EstePa00.htm,TE,0,3,2007,False
Carlos Etheredge,/E/EtheCa20.htm,TE,0,1,1994,False
Joe Ethridge,/E/EthrJo20.htm,TE,0,1,1949,False
Tim Euhus,/E/EuhuTi00.htm,TE,0,4,2007,False
John Evans,/E/EvanJo20.htm,TE,0,1,1987,False
Jerry Evans,/E/EvanJe00.htm,TE,0,3,1995,False
Kevin Everett,/E/EverKe00.htm,TE,0,2,2007,False
Chad Fann,/F/FannCh00.htm,TE,0,7,1999,False
John Farquhar,/F/FarqJo00.htm,TE,0,3,1998,False
Chris Faulkner,/F/FaulCh20.htm,TE,0,2,1985,False
Joseph Fauria,/F/FaurJo00.htm,TE,0,2,2014,False
Christian Fauria,/F/FaurCh00.htm,TE,0,13,2007,False
Ron Fazio,/F/FaziRo20.htm,TE,0,1,1987,False
Charley Ferguson,/F/FergCh00.htm,WR-TE,0,9,1969,False
Kevin Ferguson,/F/FergKe21.htm,TE,0,1,1987,False
Derek Fine,/F/FineDe00.htm,TE,0,2,2009,False
Jermichael Finley,/F/FinlJe00.htm,TE,0,6,2013,False
Bob Fisher,/F/FishBo00.htm,TE,0,2,1981,False
Kevin Fitzgerald,/F/FitzKe20.htm,TE,0,1,1987,False
Casey Fitzsimmons,/F/FitzCa00.htm,TE,0,7,2009,False
Marv Fleming,/F/FlemMa00.htm,TE-SE,0,12,1974,False
Zeron Flemister,/F/FlemZe00.htm,TE,0,6,2005,False
Bryan Fletcher,/F/FletBr00.htm,TE,0,3,2007,False
Lee Folkins,/F/FolkLe00.htm,TE-DE,0,5,1965,False
Steve Folsom,/F/FolsSt00.htm,TE,0,10,1990,False
Chris Fontenot,/F/FontCh00.htm,TE,0,1,1998,False
Chase Ford,/F/FordCh00.htm,TE,0,3,2014,False
J.P. Foschi,/F/FoscJo00.htm,FB-TE,0,6,2010,False
Todd Fowler,/F/FowlTo00.htm,TE,0,4,1988,False
Todd Frain,/F/FraiTo20.htm,TE,0,2,1987,False
Russ Francis,/F/FranRu00.htm,TE,0,14,1988,False
John Frank,/F/FranJo00.htm,TE,0,5,1988,False
Arnold Franklin,/F/FranAr20.htm,TE,0,1,1987,False
Collin Franklin,/F/FranCo00.htm,TE,0,1,2011,False
Bubba Franks,/F/FranBu00.htm,TE,0,9,2008,False
Willie Frazier,/F/FrazWi00.htm,TE,0,12,1975,False
David Frisch,/F/FrisDa00.htm,TE,0,5,1997,False
Jean Fugett,/F/FugeJe00.htm,TE,0,8,1979,False
Mondriel Fulcher,/F/FulcMo20.htm,TE,0,3,2002,False
Michael Gaines,/G/GainMi00.htm,TE,0,6,2009,False
Wendall Gaines,/G/GainWe20.htm,TE-DE,0,1,1995,False
Scott Galbraith,/G/GalbSc00.htm,TE,0,9,1998,False
Tommy Gallarda,/G/GallTo00.htm,TE,0,1,2012,False
Kendall Gammon,/G/GammKe00.htm,C-TE,0,15,2006,False
Chris Gannon,/G/GannCh20.htm,DE-TE,0,5,1993,False
Reuben Gant,/G/GantRe00.htm,TE-WR,0,7,1980,False
Len Garrett,/G/GarrLe20.htm,TE,0,5,1975,False
Tom Gatewood,/G/GateTo20.htm,TE-WR,0,2,1973,False
William Gay,/G/GayxWi20.htm,DE-DT-TE,0,11,1988,False
Cory Geason,/G/GeasCo00.htm,TE,0,3,2002,False
Chris Gedney,/G/GednCh00.htm,TE,0,8,2000,False
Mark Gehring,/G/GehrMa20.htm,TE,0,1,1987,False
Ronnie Ghent,/G/GhenRo00.htm,TE,0,1,2007,False
Jim Gibbons,/G/GibbJi00.htm,E-TE,0,11,1968,False
Andy Gibler,/G/GiblAn20.htm,TE,0,1,1983,False
Lewis Gilbert,/G/GilbLe20.htm,TE,0,4,1981,False
Jimmie Giles,/G/GileJi00.htm,TE,0,13,1989,False
John Gilmore,/G/GilmJo00.htm,TE,0,10,2011,False
Brian Glasgow,/G/GlasBr20.htm,TE,0,1,1987,False
Chip Glass,/G/GlasCh00.htm,TE,0,6,1974,False
Andrew Glover,/G/GlovAn00.htm,TE,0,10,2000,False
Tony Gonzalez,/G/GonzTo00.htm,TE,1,17,2013,False
John Goode,/G/GoodJo20.htm,TE,0,2,1985,False
Hunter Goodwin,/G/GoodHu00.htm,TE,0,8,2003,False
Preston Gothard,/G/GothPr00.htm,TE,0,4,1988,False
Darren Gottschalk,/G/GottDa20.htm,TE,0,1,1987,False
Cameron Graham,/G/GrahCa00.htm,TE,0,1,2012,False
Daniel Graham,/G/GrahDa00.htm,TE,0,11,2012,False
Dave Grannell,/G/GranDa00.htm,TE,0,1,1974,False
Willie Grate,/G/GratWi00.htm,TE,0,2,1970,False
Eric Green,/G/GreeEr00.htm,TE,0,10,1999,False
Paul Green,/G/GreePa00.htm,TE,0,8,1996,False
Kevin Greene,/G/GreeKe01.htm,TE,0,1,2014,False
Tracy Greene,/G/GreeTr01.htm,TE,0,2,1995,False
Rich Griffith,/G/GrifRi00.htm,TE,0,8,2000,False
Billy Griggs,/G/GrigBi00.htm,TE,0,5,1989,False
Dan Gronkowski,/G/GronDa00.htm,TE,0,3,2011,False
Randy Grossman,/G/GrosRa00.htm,TE,0,8,1981,False
Gregg Guenther,/G/GuenGr00.htm,TE,0,1,2005,False
Andy Haase,/H/HaasAn00.htm,TE,0,1,1998,False
Joey Hackett,/H/HackJo21.htm,TE,0,3,1988,False
Ronnie Haliburton,/H/HaliRo20.htm,TE,0,2,1991,False
Lamont Hall,/H/HallLa00.htm,TE,0,7,2005,False
Ron Hall,/H/HallRo00.htm,TE,0,9,1995,False
Ty Hallock,/H/HallTy00.htm,RB-TE-LB,0,8,2000,False
Aaron Halterman,/H/HaltAa00.htm,TE,0,1,2007,False
Mike Hancock,/H/HancMi00.htm,TE,0,2,1974,False
Ryan Hannam,/H/HannRy00.htm,TE,0,5,2006,False
Patrick Hape,/H/HapePa00.htm,TE-FB,0,8,2004,False
Andre Hardy,/H/HardAn01.htm,TE,0,1,2014,False
Bruce Hardy,/H/HardBr00.htm,TE-WR-QB,0,12,1989,False
Larry Hardy,/H/HardLa00.htm,TE,0,8,1985,False
Terry Hardy,/H/HardTe00.htm,TE,0,4,2001,False
Jackie Harris,/H/HarrJa00.htm,TE,0,12,2001,False
M.L. Harris,/H/HarrM.00.htm,TE,0,6,1985,False
William Harris,/H/HarrWi00.htm,TE,0,4,1990,False
Todd Harrison,/H/HarrTo21.htm,TE,0,1,1992,False
Lawrence Hart,/H/HartLa20.htm,TE,0,1,2001,False
Frank Hartley,/H/HartFr00.htm,TE,0,5,1998,False
Ben Hartsock,/H/HartBe00.htm,TE,0,10,2013,False
Marvin Harvey,/H/HarvMa20.htm,TE-WR,0,1,1981,False
Don Hasselbeck,/H/HassDo00.htm,TE,0,9,1985,False
Spencer Havner,/H/HavnSp00.htm,LB-TE,0,3,2010,False
Kurt Haws,/H/HawsKu20.htm,TE,0,1,1994,False
Greg Hawthorne,/H/HawtGr00.htm,RB-TE-WR,0,9,1987,False
Jarius Hayes,/H/HayeJa00.htm,TE,0,3,1998,False
Jonathan Hayes,/H/HayeJo00.htm,TE,0,12,1996,False
Reggie Haynes,/H/HaynRe00.htm,TE,0,1,1978,False
Joey Haynos,/H/HaynJo00.htm,TE,0,2,2009,False
Todd Heap,/H/HeapTo00.htm,TE,0,12,2012,False
Gene Heeter,/H/HeetGe00.htm,TE,0,3,1965,False
Steve Heiden,/H/HeidSt00.htm,TE,0,11,2009,False
Keith Heinrich,/H/HeinKe00.htm,TE,0,6,2007,False
Will Heller,/H/HellWi00.htm,TE,0,10,2012,False
Ron Heller,/H/HellRo00.htm,TE,0,6,1992,False
Steve Hendrickson,/H/HendSt00.htm,LB-RB-TE,0,7,1995,False
Tim Hendrix,/H/HendTi20.htm,TE,0,1,1987,False
Charles Henry,/H/HenrCh20.htm,TE,0,1,1991,False
Brad Herman,/H/HermBr00.htm,TE,0,1,2012,False
Aaron Hernandez,/H/HernAa00.htm,TE,0,3,2012,False
Ken Herock,/H/HeroKe00.htm,TE-LB,0,7,1969,False
Jimmy Hester,/H/HestJi00.htm,TE,0,4,1970,False
Kevin Hickman,/H/HickKe00.htm,TE,0,4,1998,False
Victor Hicks,/H/HickVi00.htm,TE,0,1,1980,False
Alex Higdon,/H/HigdAl20.htm,TE,0,1,1988,False
Michael Higgins,/H/HiggMi00.htm,TE,0,2,2012,False
Anthony Hill,/H/HillAn00.htm,TE,0,3,2011,False
David Hill,/H/HillDa01.htm,TE,0,12,1987,False
Darius Hill,/H/HillDa03.htm,TE,0,1,2009,False
Fred Hill,/H/HillFr00.htm,TE-SE-WR,0,7,1971,False
James Hill,/H/HillJa21.htm,TE,0,1,2000,False
John Hilton,/H/HiltJo00.htm,TE,0,9,1973,False
Carl Hilton,/H/HiltCa00.htm,TE,0,4,1989,False
Zachary Hilton,/H/HiltZa00.htm,TE,0,3,2005,False
Marcus Hinton,/H/HintMa00.htm,TE,0,1,1996,False
Mike Hinnant,/H/HinnMi20.htm,TE,0,5,1992,False
Nathan Hodel,/H/HodeNa20.htm,TE,0,8,2009,False
Jabari Holloway,/H/HollJa01.htm,TE,0,2,2003,False
Steve Holloway,/H/HollSt21.htm,TE,0,1,1987,False
Rodney Holman,/H/HolmRo00.htm,TE,0,14,1995,False
Alex Holmes,/H/HolmAl00.htm,TE,0,1,2005,False
Pete Holohan,/H/HoloPe00.htm,TE,0,12,1992,False
Harry Holt,/H/HoltHa00.htm,TE,0,5,1987,False
Ethan Horton,/H/HortEt00.htm,TE-RB,0,10,1994,False
Gator Hoskins,/H/HoskHa00.htm,TE,0,1,2014,False
Clark Hoss,/H/HossCl20.htm,TE,0,1,1972,False
Ron Howard,/H/HowaRo00.htm,TE,0,6,1979,False
Steve Howell,/H/HoweSt00.htm,FB-TE,0,3,1981,False
Gordon Hudson,/H/HudsGo00.htm,TE,0,1,1986,False
Johnny Huggins,/H/HuggJo00.htm,TE,0,1,2001,False
Dennis Hughes,/H/HughDe00.htm,TE,0,2,1971,False
Tory Humphrey,/H/HumpTo00.htm,TE,0,6,2010,False
Tony Hunter,/H/HuntTo00.htm,TE,0,4,1986,False
Tom Hutchinson,/H/HutcTo00.htm,TE-WR,0,4,1966,False
Darryl Ingram,/I/IngrDa00.htm,TE,0,5,1993,False
Paul Irons,/I/IronPa00.htm,TE,0,1,2005,False
Mark Iwanowski,/I/IwanMa20.htm,TE,0,1,1978,False
Cleveland Jackson,/J/JackCl20.htm,TE,0,1,1979,False
Keith Jackson,/J/JackKe00.htm,TE,0,9,1996,False
Sheldon Jackson,/J/JackSh00.htm,TE,0,3,2001,False
Mitch Jacoby,/J/JacoMi00.htm,TE,0,3,1999,False
Craig Jay,/J/JayxCr20.htm,TE,0,1,1987,False
D.C. Jefferson,/J/JeffD.00.htm,TE,0,1,2013,False
Curtis Jeffries,/J/JeffCu20.htm,TE,0,1,1987,False
Bob Jencks,/J/JencBo20.htm,TE-K,0,3,1965,False
James Jenkins,/J/JenkJa00.htm,TE,0,10,2000,False
Brian Jennings,/J/JennBr00.htm,TE-C,0,13,2012,False
Keith Jennings,/J/JennKe00.htm,TE,0,9,1997,False
Derrick Jensen,/J/JensDe00.htm,RB-TE,0,8,1986,False
Jim Jensen,/J/JensJi01.htm,RB-TE,0,7,1982,False
Tony Jeter,/J/JeteTo00.htm,TE,0,3,1968,False
Curley Johnson,/J/JohnCu20.htm,RB-P-TE,0,10,1969,False
Damone Johnson,/J/JohnDa01.htm,TE,0,7,1992,False
Dan Johnson,/J/JohnDa02.htm,TE,0,5,1987,False
Darcy Johnson,/J/JohnDa03.htm,TE,0,5,2010,False
Dennis Johnson,/J/JohnDe00.htm,RB-TE,0,3,1980,False
Eric Johnson,/J/JohnEr00.htm,TE,0,7,2007,False
Jimmie Johnson,/J/JohnJi00.htm,TE,0,10,1998,False
Lonnie Johnson,/J/JohnLo00.htm,TE,0,6,1999,False
Maurice Johnson,/J/JohnMa01.htm,TE,0,4,1994,False
Reggie Johnson,/J/JohnRe00.htm,TE,0,7,1997,False
Robert Johnson,/J/JohnRo04.htm,TE,0,3,2005,False
Steve Johnson,/J/JohnSt21.htm,TE,0,1,1988,False
Teyo Johnson,/J/JohnTe00.htm,TE,0,3,2005,False
Tony Johnson,/J/JohnTo00.htm,TE,0,3,1998,False
Doug Jolley,/J/JollDo00.htm,TE,0,5,2006,False
Anthony Jones,/J/JoneAn21.htm,TE,0,5,1988,False
Brent Jones,/J/JoneBr00.htm,TE,0,11,1997,False
Brian Jones,/J/JoneBr01.htm,TE,0,2,2005,False
Damon Jones,/J/JoneDa00.htm,TE,0,5,2001,False
David Jones,/J/JoneDa24.htm,TE,0,1,1992,False
Freddie Jones,/J/JoneFr00.htm,TE,0,8,2004,False
James Jones,/J/JoneJa00.htm,FB-RB-TB-TE,0,10,1992,False
Joe Jones,/J/JoneJo22.htm,TE,0,1,1987,False
John Jones,/J/JoneJo00.htm,TE,0,4,2003,False
Mike Jones,/J/JoneMi01.htm,TE,0,3,1992,False
Rod Jones,/J/JoneRo00.htm,TE,0,3,1989,False
Ron Jones,/J/JoneRo25.htm,TE,0,1,1969,False
Terry Jones,/J/JoneTe00.htm,TE,0,4,2005,False
Bennie Joppru,/J/JoppBe00.htm,TE,0,2,2007,False
Andrew Jordan,/J/JordAn00.htm,TE,0,8,2001,False
Steve Jordan,/J/JordSt00.htm,TE,0,13,1994,False
Tim Jorden,/J/JordTi00.htm,TE,0,4,1993,False
Terry Joyce,/J/JoycTe20.htm,P-TE,0,2,1977,False
Trey Junkin,/J/JunkTr20.htm,TE-LB,0,20,2002,False
Vyto Kab,/K/KabxVy00.htm,TE,0,6,1987,False
Nick Kasa,/K/KasaNi00.htm,TE,0,2,2014,False
Eric Kattus,/K/KattEr00.htm,TE,0,7,1992,False
Clarence Kay,/K/KayxCl00.htm,TE,0,9,1992,False
Mark Keel,/K/KeelMa20.htm,TE,0,1,1987,False
Craig Keith,/K/KeitCr20.htm,TE,0,3,1995,False
Dustin Keller,/K/KellDu00.htm,TE,0,5,2012,False
Chris Kelley,/K/KellCh20.htm,TE,0,1,1987,False
Jim Kelly,/K/KellJi02.htm,TE,0,4,1967,False
Jim Kelly,/K/KellJi01.htm,TE,0,1,1974,False
Mike Kelly,/K/KellMi00.htm,TE,0,4,1973,False
Pat Kelly,/K/KellPa21.htm,TE,0,4,1991,False
Reggie Kelly,/K/KellRe00.htm,TE,0,13,2011,False
Jimmie Kennedy,/K/KennJi00.htm,TE,0,3,1977,False
Rashod Kent,/K/KentRa20.htm,TE,0,1,2003,False
Don Kern,/K/KernDo20.htm,TE,0,3,1986,False
Bob Keseday,/K/KeseBo20.htm,TE,0,1,1987,False
Josh Keur,/K/KeurJo20.htm,TE,0,1,2000,False
Brian Kinchen,/K/KincBr00.htm,TE,0,16,2003,False
Don Kindt,/K/KindDo20.htm,TE,0,1,1987,False
Jeff King,/K/KingJe00.htm,TE,0,7,2012,False
Doug Kingsriter,/K/KingDo00.htm,TE,0,3,1975,False
Erron Kinney,/K/KinnEr00.htm,TE,0,6,2005,False
Bob Klein,/K/KleiBo00.htm,TE,0,11,1979,False
Jim Kleinsasser,/K/KleiJi00.htm,TE-FB,0,13,2011,False
Rocky Klever,/K/KlevRo00.htm,TE-RB,0,5,1987,False
Joe Klopfenstein,/K/KlopJo00.htm,TE,0,4,2009,False
Dave Kocourek,/K/KocoDa00.htm,TE-FL,0,9,1968,False
Chris Kolodziejski,/K/KoloCh20.htm,TE,0,1,1984,False
Jameson Konz,/K/KonzJa00.htm,TE,0,1,2011,False
Stein Koss,/K/KossSt20.htm,TE,0,1,1987,False
Rich Kotite,/K/KotiRi00.htm,TE,0,6,1972,False
Joe Kowalewski,/K/KowaJo00.htm,TE,0,1,2007,False
Ted Koy,/K/KoyxTe00.htm,TE-RB-LB,0,5,1974,False
Brian Kozlowski,/K/KozlBr00.htm,TE,0,14,2007,False
Kent Kramer,/K/KramKe00.htm,TE,0,9,1974,False
Ron Kramer,/K/KramRo00.htm,E-TE,0,11,1967,False
Matt Kranchick,/K/KranMa00.htm,TE,0,2,2005,False
Ryan Krause,/K/KrauRy00.htm,TE,0,4,2007,False
Mitch Krenk,/K/KrenMi20.htm,TE,0,1,1984,False
Keith Krepfle,/K/KrepKe00.htm,TE,0,8,1982,False
Jake Kupp,/K/KuppJa00.htm,G-TE,0,12,1975,False
Jamie Kurisko,/K/KuriJa20.htm,TE,0,1,1987,False
Ted Kwalick,/K/KwalTe00.htm,TE,0,9,1977,False
David LaFleur,/L/LaFlDa00.htm,TE,0,4,2000,False
Greg LaFleur,/L/LaFlGr00.htm,TE,0,6,1986,False
Aaron Laing,/L/LainAa00.htm,TE,0,4,1997,False
Pete Lammons,/L/LammPe00.htm,TE,0,7,1972,False
Mike Landrum,/L/LandMi20.htm,TE,0,1,1984,False
Ron LaPointe,/L/LaPoRo20.htm,TE,0,1,1980,False
Gordon Laro,/L/LaroGo20.htm,TE,0,1,1995,False
Bill Larson,/L/LarsBi21.htm,TE,0,6,1980,False
Greg Latta,/L/LattGr00.htm,TE,0,5,1979,False
Jim Laughton,/L/LaugJi21.htm,TE,0,1,1986,False
Nate Lawrie,/L/LawrNa00.htm,TE,0,5,2008,False
Harper LeBel,/L/LexBHa00.htm,TE,0,10,1998,False
Danzell Lee,/L/LeexDa20.htm,TE,0,2,1988,False
Donald Lee,/L/LeexDo00.htm,TE,0,9,2011,False
Ronnie Lee,/L/LeexRo20.htm,T-TE-G,0,14,1992,False
Jim LeMoine,/L/LeMoJi20.htm,TE-G,0,3,1969,False
Ron Leshinski,/L/LeshRo20.htm,TE,0,1,1999,False
Keith Lester,/L/LestKe20.htm,TE,0,1,1987,False
Chad Lewis,/L/LewiCh00.htm,TE,0,9,2005,False
Darryl Lewis,/L/LewiDa21.htm,TE,0,1,1984,False
David Lewis,/L/LewiDa01.htm,TE,0,4,1987,False
Gary Lewis,/L/LewiGa00.htm,TE-WR,0,4,1984,False
Mark Lewis,/L/LewiMa21.htm,TE,0,4,1988,False
Roderick Lewis,/L/LewiRo00.htm,TE,0,4,1997,False
Brody Liddiard,/L/LiddBr20.htm,TE,0,4,2003,False
Dave Lince,/L/LincDa20.htm,TE,0,2,1967,False
Aubrey Linne,/L/LinnAu20.htm,TE,0,1,1961,False
Dave Little,/L/LittDa20.htm,TE,0,8,1991,False
Kerry Locklin,/L/LockKe20.htm,TE,0,6,1987,False
Chuck Logan,/L/LogaCh00.htm,TE,0,5,1968,False
Darren Long,/L/LongDa20.htm,TE,0,1,1986,False
Mike Lucky,/L/LuckMi00.htm,TE,0,4,2002,False
Henry Lusk,/L/LuskHe00.htm,TE,0,3,1998,False
Chris Luzar,/L/LuzaCh00.htm,TE,0,2,2003,False
Dustin Lyman,/L/LymaDu00.htm,TE,0,5,2004,False
Arthur Lynch,/L/LyncAr00.htm,TE,0,1,2014,False
Mitch Lyons,/L/LyonMi00.htm,TE,0,7,1999,False
Ken MacAfee,/M/MacAKe20.htm,E-TE,0,6,1959,False
Ken MacAfee,/M/MacAKe21.htm,TE,0,2,1979,False
Red Mack,/M/MackRe00.htm,TE-WR-HB,0,6,1966,False
Dee Mackey,/M/MackDe00.htm,E-TE,0,6,1965,False
John Mackey,/M/MackJo00.htm,TE,1,10,1972,False
Jacque MacKinnon,/M/MacKJa00.htm,TE-FB,0,10,1970,False
Calvin Magee,/M/MageCa00.htm,TE,0,4,1988,False
Jim Mandich,/M/MandJi00.htm,TE,0,9,1978,False
Kris Mangum,/M/MangKr00.htm,TE,0,10,2006,False
Brandon Manumaleuna,/M/ManuBr00.htm,TE,0,10,2010,False
Sean Manuel,/M/ManuSe20.htm,TE,0,1,1996,False
Jeff Markland,/M/MarkJe20.htm,TE,0,1,1988,False
Vince Marrow,/M/MarrVi20.htm,TE,0,1,1994,False
Doug Marsh,/M/MarsDo00.htm,TE,0,7,1986,False
Bill Martin,/M/MartBi00.htm,TE,0,5,1968,False
David Martin,/M/MartDa00.htm,TE,0,11,2011,False
Tim Massaquoi,/M/MassTi20.htm,TE,0,2,2007,False
Billy Masters,/M/MastBi00.htm,TE-SE,0,10,1976,False
Jeron Mastrud,/M/MastJe20.htm,TE,0,4,2013,False
Allama Matthews,/M/MattAl00.htm,TE-RB,0,3,1985,False
Michael Matthews,/M/MattMi00.htm,TE,0,3,2009,False
Jacob Maxwell,/M/MaxwJa00.htm,TE,0,1,2014,False
Deems May,/M/MayxDe00.htm,TE,0,8,1999,False
Marc May,/M/MayxMa20.htm,TE,0,1,1987,False
Alonzo Mayes,/M/MayeAl00.htm,TE,0,3,2000,False
Ron Mayo,/M/MayoRo20.htm,TE,0,2,1974,False
Oscar McBride,/M/McBrOs00.htm,TE,0,2,1996,False
Reese McCall,/M/McCaRe00.htm,TE,0,8,1985,False
Mickey McCarty,/M/McCaMi21.htm,TE,0,1,1969,False
Curtis McClinton,/M/McClCu00.htm,FB-TE,0,8,1969,False
Mike McCloskey,/M/McClMi00.htm,TE,0,5,1987,False
Jamie McCoy,/M/McCoJa00.htm,TE,0,1,2012,False
Greg McCrary,/M/McCrGr00.htm,TE,0,7,1981,False
Loaird McCreary,/M/McCrLo00.htm,TE-WR,0,4,1979,False
Sean McDermott,/M/McDeSe20.htm,TE,0,3,2003,False
James McDonald,/M/McDoJa00.htm,TE,0,5,1987,False
Brady McDonnell,/M/McDoBr20.htm,TE,0,1,2002,False
Craig McEwen,/M/McEwCr00.htm,TE-RB,0,5,1991,False
Jim McFarland,/M/McFaJi00.htm,TE,0,6,1975,False
Tony McGee,/M/McGeTo00.htm,TE,0,11,2003,False
Rich McGeorge,/M/McGeRi00.htm,TE,0,9,1978,False
Eddie McGill,/M/McGiEd20.htm,TE,0,2,1983,False
Bruce McGonnigal,/M/McGoBr20.htm,TE,0,1,1991,False
Keli McGregor,/M/McGrKe20.htm,TE,0,1,1985,False
Hugh McInnis,/M/McInHu00.htm,TE,0,5,1964,False
James McKeehan,/M/McKeJa20.htm,TE,0,2,1997,False
Marlin McKeever,/M/McKeMa00.htm,LB-TE,0,13,1973,False
Keith McKeller,/M/McKeKe01.htm,TE-WR,0,7,1993,False
Phil McKinnely,/M/McKiPh20.htm,T-G-TE,0,7,1982,False
Thomas McLemore,/M/McLeTh20.htm,TE,0,4,1995,False
Bob McLeod,/M/McLeBo00.htm,TE,0,6,1966,False
John McMakin,/M/McMaJo00.htm,TE,0,5,1976,False
Randy McMichael,/M/McMiRa01.htm,TE,0,11,2012,False
Kirk McMullen,/M/McMuKi00.htm,TE,0,1,2001,False
Travis McNeal,/M/McNeTr00.htm,TE,0,5,1993,False
Mike McNeill,/M/McNeMi00.htm,TE,0,3,2013,False
Johnny McWilliams,/M/McWiJo00.htm,TE,0,5,2000,False
Shad Meier,/M/MeieSh00.htm,TE,0,5,2005,False
Jim Mertens,/M/MertJi00.htm,TE,0,1,1969,False
Pete Metzelaars,/M/MetzPe00.htm,TE,0,16,1997,False
Larry Mialik,/M/MialLa00.htm,TE,0,5,1976,False
Bobby Micho,/M/MichBo00.htm,TE-FB,0,4,1987,False
Joey Mickey,/M/MickJo20.htm,TE,0,1,1993,False
Ron Middleton,/M/MiddRo00.htm,TE,0,10,1995,False
Russ Mikeska,/M/MikeRu20.htm,TE,0,4,1982,False
Itula Mili,/M/MiliIt00.htm,TE,0,9,2006,False
Billy Miller,/M/MillBi00.htm,TE,0,10,2008,False
Junior Miller,/M/MillJu00.htm,TE,0,5,1984,False
Zach Miller,/M/MillZa01.htm,TE,0,8,2014,False
Martrez Milner,/M/MilnMa00.htm,TE,0,1,2007,False
Keavon Milton,/M/MiltKe00.htm,TE,0,2,2014,False
Bob Mischak,/M/MiscBo00.htm,G-TE,0,8,1965,False
Jim Mitchell,/M/MitcJi00.htm,TE,0,11,1979,False
Johnny Mitchell,/M/MitcJo00.htm,TE,0,5,1996,False
Shannon Mitchell,/M/MitcSh00.htm,TE,0,4,1997,False
Pete Mitchell,/M/MitcPe00.htm,TE,0,8,2002,False
Tom Mitchell,/M/MitcTo00.htm,TE-WR,0,12,1977,False
Orson Mobley,/M/MoblOr00.htm,TE,0,5,1990,False
Jeff Modesitt,/M/ModeJe20.htm,TE,0,1,1987,False
Mike Moffitt,/M/MoffMi20.htm,TE,0,1,1986,False
Rodrick Monroe,/M/MonrRo00.htm,TE,0,3,2001,False
Bob Moore,/M/MoorBo01.htm,TE,0,8,1978,False
Dave Moore,/M/MoorDa00.htm,TE,0,15,2006,False
Ken Moore,/M/MoorKe22.htm,TE,0,1,1978,False
Emery Moorehead,/M/MoorEm00.htm,TE-WR,0,12,1988,False
Doug Moreau,/M/MoreDo00.htm,TE-K,0,4,1969,False
Jake Moreland,/M/MoreJa00.htm,FB-TE,0,2,2001,False
Milt Morin,/M/MoriMi00.htm,TE,0,10,1975,False
Cameron Morrah,/M/MorrCa00.htm,TE,0,4,2012,False
John Mosier,/M/MosiJo00.htm,TE,0,2,1972,False
Roland Moss,/M/MossRo00.htm,TE,0,3,1971,False
Zeke Mowatt,/M/MowaZe00.htm,TE,0,9,1991,False
Bob Mrosko,/M/MrosBo00.htm,TE,0,3,1991,False
Mike Mularkey,/M/MulaMi00.htm,TE,0,9,1991,False
Tom Mullady,/M/MullTo00.htm,TE-WR,0,6,1984,False
Jake Murphy,/M/MurpJa01.htm,TE,0,1,2014,False
Matt Murphy,/M/MurpMa00.htm,TE,0,6,2007,False
Bill Murrell,/M/MurrBi21.htm,TE,0,1,1979,False
Chad Mustard,/M/MustCh00.htm,TE,0,6,2008,False
Rob Myers,/M/MyerRo00.htm,TE,0,1,2011,False
Dana Nafziger,/N/NafzDa20.htm,TE-LB,0,6,1982,False
Jordan Najvar,/N/NajvJo01.htm,TE,0,1,2014,False
John Nalbone,/N/NalbJo00.htm,TE,0,1,2010,False
Brian Natkin,/N/NatkBr00.htm,TE,0,1,2001,False
Dallas Neil,/N/NeilDa20.htm,TE,0,1,2000,False
Bobby Neely,/N/NeelBo20.htm,TE,0,1,1996,False
Darrell Nelson,/N/NelsDa20.htm,TE,0,2,1985,False
Shawn Nelson,/N/NelsSh00.htm,TE,0,2,2010,False
Terry Nelson,/N/NelsTe00.htm,TE,0,8,1980,False
Keith Neubert,/N/NeubKe00.htm,TE,0,2,1989,False
Ryan Neufeld,/N/NeufRy00.htm,TE,0,9,2007,False
Ozzie Newsome,/N/NewsOz00.htm,TE,1,13,1990,False
Bobby Nichols,/N/NichBo00.htm,TE,0,2,1968,False
Adam Nissley,/N/NissAd00.htm,TE,0,1,2012,False
Bob Niziolek,/N/NiziBo20.htm,TE,0,1,1981,False
Danny Noble,/N/NoblDa00.htm,TE,0,2,2013,False
Don Noble,/N/NoblDo20.htm,TE,0,1,1987,False
Jake Nordin,/N/NordJa00.htm,TE,0,3,2009,False
Josh Norman,/N/NormJo00.htm,TE,0,2,2003,False
Pettis Norman,/N/NormPe00.htm,TE-SE,0,12,1973,False
Ulysses Norris,/N/NorrUl00.htm,TE,0,7,1985,False
Jack Novak,/N/NovaJa01.htm,TE,0,3,1977,False
Jay Novacek,/N/NovaJa00.htm,TE,0,11,1995,False
Brent Novoselsky,/N/NovoBr00.htm,TE,0,7,1994,False
John O'Callaghan,/O/OCalJo20.htm,TE,0,1,1987,False
Jake O'Connell,/O/OConJa00.htm,TE,0,4,2012,False
Dan O'Leary,/O/OLeaDa20.htm,TE,0,2,2002,False
Ken O'Neal,/O/ONeaKe20.htm,TE,0,1,1987,False
Terry O'Shea,/O/OSheTe20.htm,TE,0,2,1990,False
Jim Obradovich,/O/ObraJi00.htm,TE,0,9,1983,False
McDonald Oden,/O/OdenMc20.htm,TE,0,3,1982,False
Riley Odoms,/O/OdomRi00.htm,TE,0,12,1983,False
A.J. Ofodile,/O/OfodA.00.htm,TE,0,3,1999,False
Emmanuel Ogbuehi,/O/OgbuEm00.htm,TE,0,1,2014,False
Ray Ogden,/O/OgdeRa00.htm,TE,0,7,1971,False
Dave Olerich,/O/OlerDa20.htm,LB-TE,0,7,1973,False
Fendi Onobun,/O/OnobFe00.htm,TE,0,5,2014,False
Buck Ortega,/O/OrteBu00.htm,TE,0,2,2009,False
Terry Orr,/O/OrrxTe00.htm,TE,0,8,1993,False
Richard Osborne,/O/OsboRi00.htm,TE,0,4,1979,False
Ryan Otten,/O/OtteRy01.htm,TE,0,1,2014,False
Nathan Overbay,/O/OverNa00.htm,TE,0,1,2012,False
John Owens,/O/OwenJo00.htm,TE,0,8,2009,False
Richard Owens,/O/OwenRi00.htm,TE,0,4,2007,False
Fred Pagac,/P/PagaFr00.htm,TE,0,3,1976,False
Michael Palmer,/P/PalmMi00.htm,TE,0,5,2014,False
Randy Palmer,/P/PalmRa20.htm,TE,0,1,1999,False
Chris Pantale,/P/PantCh00.htm,TE,0,1,2014,False
Andy Parker,/P/ParkAn00.htm,TE,0,7,1990,False
Jeff Parks,/P/ParkJe23.htm,TE,0,3,1988,False
Dave Parks,/P/ParkDa00.htm,SE-TE-WR,0,10,1973,False
Gary Parris,/P/ParrGa00.htm,TE,0,8,1980,False
Bob Parsons,/P/ParsBo00.htm,TE-P,0,12,1983,False
Ben Patrick,/P/PatrBe00.htm,TE,0,4,2010,False
David Paulson,/P/PaulDa01.htm,TE,0,3,2014,False
Russell Payne,/P/PaynRu20.htm,TE,0,1,1987,False
Justin Peelle,/P/PeelJu00.htm,TE,0,10,2011,False
Brian Peets,/P/PeetBr00.htm,TE,0,4,1981,False
Ed Perry,/P/PerrEd00.htm,TE,0,9,2005,False
Mario Perry,/P/PerrMa20.htm,TE,0,1,1987,False
Ara Person,/P/PersAr20.htm,TE,0,1,1972,False
Deangelo Peterson,/P/PeteDe00.htm,TE,0,1,2012,False
Bill Peterson,/P/PeteBi20.htm,LB-TE,0,8,1975,False
Zack Pianalto,/P/PianZa00.htm,TE,0,1,2011,False
Aaron Pierce,/P/PierAa00.htm,TE,0,8,1999,False
Brett Pierce,/P/PierBr00.htm,TE,0,2,2005,False
Lovell Pinkney,/P/PinkLo20.htm,TE,0,1,1995,False
Dave Pivec,/P/PiveDa00.htm,TE,0,4,1969,False
Joe Planansky,/P/PlanJo20.htm,TE,0,1,1995,False
Jason Pociask,/P/PociJa00.htm,TE,0,1,2007,False
Ray Poage,/P/PoagRa00.htm,TE-SE-FL-WR,0,9,1971,False
Marcus Pollard,/P/PollMa00.htm,TE,0,14,2008,False
Bob Poole,/P/PoolBo00.htm,TE,0,4,1967,False
Leonard Pope,/P/PopeLe00.htm,TE,0,7,2012,False
Ted Popson,/P/PopsTe00.htm,TE,0,5,1998,False
Zach Potter,/P/PottZa99.htm,TE,0,4,2012,False
John Powers,/P/PoweJo00.htm,TE,0,5,1966,False
Gene Prebola,/P/PrebGe00.htm,TE,0,4,1963,False
Andre President,/P/PresAn20.htm,TE,0,1,1995,False
Derek Price,/P/PricDe21.htm,TE,0,1,1996,False
Jim Price,/P/PricJi00.htm,TE,0,5,1995,False
Ryan Prince,/P/PrinRy20.htm,TE,0,1,2001,False
Alfred Pupunu,/P/PupuAl00.htm,TE,0,9,2000,False
Lovett Purnell,/P/PurnLo00.htm,TE,0,4,1999,False
Ryan Purvis,/P/PurvRy00.htm,TE,0,1,2010,False
Jeb Putzier,/P/PutzJe00.htm,TE,0,7,2008,False
Jeff Queen,/Q/QueeJe00.htm,RB-TE,0,6,1974,False
Richard Quinn,/Q/QuinRi00.htm,TE,0,4,2012,False
Bob Raba,/R/RabaBo20.htm,TE,0,5,1981,False
Derek Rackley,/R/RackDe00.htm,TE,0,8,2007,False
Jason Rader,/R/RadeJa00.htm,TE,0,3,2008,False
Derrick Ramsey,/R/RamsDe00.htm,TE,0,10,1987,False
Eason Ramson,/R/RamsEa00.htm,TE,0,8,1985,False
Walter Rasby,/R/RasbWa00.htm,TE,0,11,2004,False
Eddie Ray,/R/RayxEd00.htm,RB-TE,0,7,1976,False
Fred Rayhle,/R/RayhFr20.htm,TE,0,1,1977,False
Alvin Reed,/R/ReedAl00.htm,TE,0,9,1975,False
Walter Reeves,/R/ReevWa00.htm,TE,0,8,1996,False
Gabe Reid,/R/ReidGa00.htm,TE,0,4,2006,False
Allen Reisner,/R/ReisAl00.htm,TE,0,4,2014,False
Jay Repko,/R/RepkJa20.htm,TE,0,1,1987,False
Pete Retzlaff,/R/RetzPe00.htm,E-HB-TE,0,11,1966,False
Floyd Rice,/R/RiceFl20.htm,LB-TE,0,8,1978,False
Ernie Richardson,/R/RichEr20.htm,TE,0,1,1974,False
Grady Richardson,/R/RichGr20.htm,TE,0,2,1980,False
Pat Richter,/R/RichPa00.htm,TE-SE-P,0,8,1970,False
Mikhael Ricks,/R/RickMi00.htm,TE-WR,0,6,2003,False
Jay Riemersma,/R/RiemJa00.htm,TE,0,8,2004,False
Jim Riggs,/R/RiggJi20.htm,TE,0,7,1993,False
Eric Riley,/R/RileEr20.htm,TE,0,1,1987,False
Eugene Riley,/R/RileEu20.htm,TE,0,2,1991,False
Marcellus Rivers,/R/RiveMa00.htm,TE,0,7,2007,False
Michael Roan,/R/RoanMi00.htm,TE,0,6,2000,False
Oscar Roan,/R/RoanOs00.htm,TE,0,4,1978,False
Mike Roberg,/R/RobeMi00.htm,TE,0,2,2002,False
Alfredo Roberts,/R/RobeAl00.htm,TE-WR,0,5,1992,False
Adrien Robinson,/R/RobiAd00.htm,TE,0,3,2014,False
Bo Robinson,/R/RobiBo00.htm,RB-TE,0,6,1984,False
Gijon Robinson,/R/RobiGi21.htm,TE,0,3,2010,False
Jeff Robinson,/R/RobiJe00.htm,TE,0,17,2009,False
Brian Roche,/R/RochBr00.htm,TE,0,3,1998,False
John Rodgers,/R/RodgJo20.htm,TE,0,3,1984,False
Evan Rodriguez,/R/RodrEv00.htm,TE,0,3,2014,False
Butch Rolle,/R/RollBu00.htm,TE,0,8,1993,False
Tony Romeo,/R/RomeTo00.htm,TE,0,7,1967,False
Dante Rosario,/R/RosaDa00.htm,TE,0,8,2014,False
Nelson Rosario,/R/RosaNe00.htm,TE,0,1,2012,False
Joe Rose,/R/RoseJo00.htm,TE,0,8,1987,False
Bob Rosenstiel,/R/RoseBo20.htm,TE,0,1,1997,False
Dan Ross,/R/RossDa00.htm,TE,0,8,1986,False
Ray Rowe,/R/RoweRa20.htm,TE,0,2,1993,False
Robert Royal,/R/RoyaRo00.htm,TE,0,8,2010,False
Rob Rubick,/R/RubiRo00.htm,TE,0,7,1988,False
Conrad Rucker,/R/RuckCo20.htm,TE,0,3,1980,False
Martin Rucker,/R/RuckMa00.htm,TE,0,5,2012,False
Wade Russell,/R/RussWa20.htm,TE,0,1,1987,False
Rod Rutledge,/R/RutlRo00.htm,TE,0,5,2002,False
Sean Ryan,/R/RyanSe00.htm,TE,0,6,2009,False
Troy Sadowski,/S/SadoTr00.htm,TE,0,9,1998,False
Ken Sager,/S/SageKe20.htm,TE,0,1,1987,False
Jay Saldi,/S/SaldJa00.htm,TE-WR,0,9,1984,False
Brian Salonen,/S/SaloBr20.htm,LB-TE,0,2,1985,False
Lawrence Sampleton,/S/SampLa20.htm,TE,0,6,1987,False
Terry Samuels,/S/SamuTe20.htm,TE,0,2,1995,False
Tony Samuels,/S/SamuTo00.htm,TE,0,4,1980,False
Charlie Sanders,/S/SandCh01.htm,TE,1,10,1977,False
Darnell Sanders,/S/SandDa00.htm,TE,0,3,2004,False
O.J. Santiago,/S/SantO.00.htm,TE,0,7,2003,False
Tom Santi,/S/SantTo00.htm,TE,0,2,2009,False
Cedric Saunders,/S/SaunCe20.htm,TE,0,1,1995,False
Weslye Saunders,/S/SaunWe00.htm,TE,0,4,2014,False
Nick Savoie,/S/SavoNi20.htm,TE,0,1,1997,False
John Sawyer,/S/SawyJo00.htm,TE,0,10,1984,False
Brian Saxton,/S/SaxtBr00.htm,TE,0,2,1997,False
Bo Scaife,/S/ScaiBo00.htm,TE,0,6,2010,False
Greg Scales,/S/ScalGr00.htm,TE,0,4,1991,False
Tony Scheffler,/S/ScheTo00.htm,TE,0,8,2013,False
Ed Schenk,/S/ScheEd20.htm,TE,0,1,1987,False
Adam Schiltz,/S/SchiAd00.htm,TE,0,1,2014,False
Matt Schobel,/S/SchoMa00.htm,TE,0,7,2008,False
Derek Schouman,/S/SchoDe00.htm,TE-FB,0,4,2010,False
Malcolm Scott,/S/ScotMa00.htm,TE,0,5,1987,False
Willie Scott,/S/ScotWi00.htm,TE,0,8,1988,False
Paul Seal,/S/SealPa00.htm,TE,0,6,1979,False
Mike Seidman,/S/SeidMi00.htm,TE,0,4,2006,False
Larry Seiple,/S/SeipLa20.htm,TE-HB-P,0,11,1977,False
Warren Seitz,/S/SeitWa20.htm,TE-WR,0,2,1987,False
Mike Sellers,/S/SellMi00.htm,TE-WR,0,14,2011,False
Joe Senser,/S/SensJo00.htm,TE,0,5,1984,False
Paul Seymour,/S/SeymPa00.htm,TE,0,5,1977,False
Dan Sharp,/S/SharDa20.htm,TE,0,1,1987,False
Shannon Sharpe,/S/SharSh00.htm,TE,1,14,2003,False
Aaron Shea,/S/SheaAa00.htm,TE,0,6,2005,False
Tim Sherwin,/S/SherTi00.htm,TE,0,8,1988,False
Visanthe Shiancoe,/S/ShiaVi00.htm,TE,0,11,2013,False
Joe Shipp,/S/ShipJo20.htm,TE,0,1,1979,False
Gary Shirk,/S/ShirGa00.htm,TE,0,7,1982,False
Jeremy Shockey,/S/ShocJe00.htm,TE,0,10,2011,False
Mickey Shuler,/S/ShulMi00.htm,TE,0,14,1991,False
Eric Sievers,/S/SievEr00.htm,TE,0,10,1990,False
Rich Siler,/S/SileRi20.htm,TE,0,1,1987,False
Joe Silipo,/S/SiliJo20.htm,TE,0,1,1987,False
Cleo Simmons,/S/SimmCl20.htm,TE,0,1,1983,False
Reggie Sims,/S/SimsRe20.htm,TE,0,1,1987,False
Kaseem Sinceno,/S/SincKa00.htm,TE,0,3,2000,False
Stephen Skelton,/S/SkelSt00.htm,TE,0,1,2012,False
David Sloan,/S/SloaDa00.htm,TE,0,9,2003,False
Taylor Sloat,/S/SloaTa00.htm,TE,0,1,2014,False
Scott Slutzker,/S/SlutSc00.htm,TE,0,4,1999,False
Brad Smelley,/S/SmelBr00.htm,TE,0,3,2014,False
Andre Smith,/S/SmitAn02.htm,TE,0,2,2013,False
Ed Smith,/S/SmitEd00.htm,TE,0,3,1999,False
Gordie Smith,/S/SmitGo00.htm,TE,0,5,1965,False
Hayden Smith,/S/SmitHa01.htm,TE,0,1,2012,False
Irv Smith,/S/SmitIr00.htm,TE,0,7,1999,False
Jackie Smith,/S/SmitJa00.htm,TE,1,16,1978,False
Jeff Smith,/S/SmitJe22.htm,TE,0,1,1987,False
Jerry Smith,/S/SmitJe01.htm,TE-SE-FL,0,13,1977,False
Ken Smith,/S/SmitKe21.htm,TE,0,1,1973,False
Kevin Smith,/S/SmitKe24.htm,TE,0,5,1996,False
L.J. Smith,/S/SmitL.00.htm,TE,0,7,2009,False
Ralph Smith,/S/SmitRa00.htm,TE,0,8,1969,False
Trent Smith,/S/SmitTr01.htm,TE,0,1,2005,False
Willie Smith,/S/SmitWi22.htm,TE,0,1,1987,False
Mark Smolinski,/S/SmolMa00.htm,FB-TE,0,8,1968,False
Isaac Smolko,/S/SmolIs00.htm,TE,0,1,2007,False
Matt Snorton,/S/SnorMa20.htm,TE,0,1,1964,False
Justin Snow,/S/SnowJu00.htm,TE,0,13,2012,False
Stephen Spach,/S/SpacSt00.htm,TE,0,8,2012,False
John Spagnola,/S/SpagJo00.htm,TE,0,11,1989,False
Jeff Spek,/S/SpekJe20.htm,TE,0,1,1986,False
Blake Spence,/S/SpenBl00.htm,TE,0,3,2000,False
Kory Sperry,/S/SperKo00.htm,TE,0,5,2013,False
Brad St. Louis,/S/StLoBr00.htm,TE,0,10,2009,False
Dave Stachelski,/S/StacDa00.htm,TE,0,2,2001,False
Robert Stallings,/S/StalRo20.htm,TE,0,1,1986,False
Ben Steele,/S/SteeBe00.htm,TE,0,2,2005,False
Leonard Stephens,/S/StepLe00.htm,TE,0,1,2002,False
Thomas Stephens,/S/StepTo00.htm,TE-DB,0,5,1964,False
Steve Stephens,/S/StepSt20.htm,TE,0,1,1981,False
Jerramy Stevens,/S/StevJe00.htm,TE,0,9,2010,False
Tony Stewart,/S/StewTo00.htm,TE,0,9,2009,False
Wayne Stewart,/S/StewWa00.htm,TE,0,6,1974,False
Monty Stickles,/S/SticMo00.htm,TE-SE,0,9,1968,False
Eric Stocz,/S/StocEr00.htm,TE,0,2,1997,False
Terry Stoepel,/S/StoeTe20.htm,TE,0,4,1970,False
Steve Stonebreaker,/S/StonSt20.htm,LB-TE,0,7,1968,False
Tommie Stowers,/S/StowTo20.htm,TE,0,3,1994,False
Tim Stracka,/S/StraTi20.htm,TE,0,2,1984,False
John Strada,/S/StraJo00.htm,TE,0,1,1974,False
Darrell Strong,/S/StroDa20.htm,TE,0,1,2008,False
Vince Stroth,/S/StroVi20.htm,T-G-TE,0,4,1988,False
Morris Stroud,/S/StroMo00.htm,TE,0,6,1974,False
Art Strozier,/S/StroAr00.htm,TE,0,2,1971,False
Wilbur Strozier,/S/StroWi21.htm,TE,0,2,1988,False
Dave Studdard,/S/StudDa20.htm,T-G-TE,0,10,1988,False
Jonathan Stupar,/S/StupJo00.htm,TE,0,2,2010,False
Boone Stutz,/S/StutBo00.htm,TE,0,2,2007,False
Zach Sudfeld,/S/SudfZa00.htm,TE,0,2,2014,False
Don Summers,/S/SummDo20.htm,TE,0,4,1987,False
Tony Sweet,/S/SweeTo20.htm,TE,0,1,1987,False
Justin Swift,/S/SwifJu00.htm,TE,0,4,2002,False
Rudy Sylvan,/S/SylvRu00.htm,TE,0,1,2007,False
Quinn Sypniewski,/S/SypnQu00.htm,TE,0,2,2007,False
Andrew Szczerba,/S/SzczAn00.htm,TE,0,1,2012,False
Jay Tant,/T/TantJa00.htm,TE,0,1,2000,False
Willy Tate,/T/TateWi00.htm,TE,0,3,1998,False
Ryan Taylor,/T/TaylRy00.htm,TE,0,4,2014,False
Derek Tennell,/T/TennDe00.htm,TE,0,7,1993,False
Jim Thaxton,/T/ThaxJi00.htm,TE-WR,0,6,1978,False
Aaron Thomas,/T/ThomAa00.htm,TE-SE,0,10,1970,False
David Thomas,/T/ThomDa02.htm,TE,0,7,2012,False
Earl Thomas,/T/ThomEa00.htm,WR-TE,0,6,1976,False
Ed Thomas,/T/ThomEd20.htm,TE,0,2,1991,False
Mark Thomas,/T/ThomMa21.htm,TE,0,1,1999,False
Jeff Thomason,/T/ThomJe00.htm,TE,0,13,2004,False
Craig Thompson,/T/ThomCr00.htm,TE,0,2,1993,False
John Thompson,/T/ThomJo26.htm,TE,0,4,1982,False
Jordan Thompson,/T/ThomJo03.htm,TE,0,1,2014,False
Marty Thompson,/T/ThomMa23.htm,TE,0,1,1993,False
Taylor Thompson,/T/ThomTa00.htm,TE,0,3,2014,False
Andy Thorn,/T/ThorAn00.htm,TE,0,1,2006,False
James Thornton,/T/ThorJa00.htm,TE,0,8,1995,False
Mike Tice,/T/TiceMi00.htm,TE,0,15,1995,False
John Tice,/T/TiceJo00.htm,TE,0,10,1992,False
Andre Tillman,/T/TillAn00.htm,TE,0,4,1978,False
Lawyer Tillman,/T/TillLa00.htm,WR-TE,0,7,1995,False
Rod Trafford,/T/TrafRo00.htm,TE,0,1,2004,False
Ben Troupe,/T/TrouBe00.htm,TE,0,5,2008,False
Billy Truax,/T/TruaBi00.htm,TE,0,10,1973,False
Dave Truitt,/T/TruiDa20.htm,TE,0,1,1987,False
Bob Trumpy,/T/TrumBo00.htm,TE-WR,0,10,1977,False
Bob Tucker,/T/TuckBo00.htm,TE,0,11,1980,False
Travis Tucker,/T/TuckTr20.htm,TE,0,3,1987,False
Jerame Tuman,/T/TumaJe00.htm,TE,0,10,2008,False
Nate Turner,/T/TurnNa00.htm,TE,0,3,1995,False
Robert Tyler,/T/TyleRo00.htm,TE,0,1,1989,False
Ben Utecht,/U/UtecBe00.htm,TE,0,4,2008,False
Emilio Vallez,/V/VallEm20.htm,TE,0,2,1969,False
Matt Veldman,/V/VeldMa00.htm,TE,0,2,2013,False
Chris Verhulst,/V/VerhCh20.htm,TE,0,3,1990,False
Lee Vickers,/V/VickLe00.htm,TE,0,1,2007,False
Stu Voigt,/V/VoigSt00.htm,TE,0,11,1980,False
John Waerig,/W/WaerJo00.htm,TE,0,1,2001,False
Frank Wainright,/W/WainFr00.htm,TE,0,10,2000,False
Mark Walczak,/W/WalcMa20.htm,TE,0,5,1991,False
Aaron Walker,/W/WalkAa00.htm,TE,0,5,2007,False
Derrick Walker,/W/WalkDe00.htm,TE,0,10,1999,False
Jackie Walker,/W/WalkJa20.htm,LB-TE,0,4,1989,False
Rick Walker,/W/WalkRi00.htm,TE,0,9,1985,False
Bob Wallace,/W/WallBo00.htm,WR-TE,0,5,1972,False
Cooper Wallace,/W/WallCo00.htm,TE,0,1,2006,False
Wesley Walls,/W/WallWe00.htm,TE,0,15,2003,False
Riley Walton,/W/WaltRi20.htm,TE,0,1,1987,False
Kevin Ware,/W/WareKe00.htm,TE,0,2,2004,False
Derek Ware,/W/WareDe00.htm,TE,0,5,1996,False
Ernie Warlick,/W/WarlEr00.htm,TE,0,4,1965,False
Don Warren,/W/WarrDo00.htm,TE,0,14,1992,False
Dave Washington,/W/WashDa02.htm,LB-TE,0,11,1980,False
Dave Washington,/W/WashDa01.htm,TE,0,1,1968,False
Mike Waters,/W/WateMi20.htm,TE-RB,0,2,1987,False
Kendell Watkins,/W/WatkKe20.htm,TE,0,1,1995,False
Pete Watson,/W/WatsPe20.htm,TE,0,1,1972,False
Curtis Weathers,/W/WeatCu20.htm,LB-TE,0,7,1985,False
Jed Weaver,/W/WeavJe00.htm,TE,0,6,2004,False
Martell Webb,/W/WebbMa00.htm,TE,0,1,2012,False
Arthur Wells,/W/WellAr20.htm,TE,0,1,1987,False
Mike Wells,/W/WellMi22.htm,TE,0,1,1987,False
Doug Wellsandt,/W/WellDo21.htm,TE,0,1,1990,False
Greg Werner,/W/WernGr00.htm,TE,0,1,1989,False
Ed West,/W/WestEd00.htm,TE,0,14,1997,False
Jeff West,/W/WestJe20.htm,P-TE,0,11,1985,False
Ryan Wetnight,/W/WetnRy00.htm,TE,0,8,2000,False
Max Wettstein,/W/WettMa20.htm,TE,0,1,1966,False
Ron Wetzel,/W/WetzRo20.htm,TE,0,1,1983,False
James Whalen,/W/WhalJa00.htm,TE,0,4,2003,False
Jim Whalen,/W/WhalJi00.htm,TE,0,7,1971,False
Austin Wheatley,/W/WheaAu20.htm,TE,0,1,2000,False
Mark Wheeler,/W/WheeMa21.htm,TE,0,1,1987,False
Ron Wheeler,/W/WheeRo20.htm,TE,0,1,1987,False
Ted Wheeler,/W/WheeTe20.htm,G-TE,0,4,1970,False
Ken Whisenhunt,/W/WhisKe00.htm,TE,0,8,1992,False
Danta Whitaker,/W/WhitDa00.htm,TE,0,4,1993,False
Andre White,/W/WhitAn00.htm,TE,0,2,1968,False
Freeman White,/W/WhitFr00.htm,TE,0,4,1969,False
Jan White,/W/WhitJa01.htm,TE,0,2,1972,False
John White,/W/WhitJo00.htm,TE,0,3,1962,False
Walter White,/W/WhitWa00.htm,TE,0,5,1979,False
Josh Whitman,/W/WhitJo21.htm,TE,0,1,2001,False
Jermaine Wiggins,/W/WiggJe00.htm,TE,0,7,2006,False
Daniel Wilcox,/W/WilcDa01.htm,TE,0,8,2008,False
Josh Wilcox,/W/WilcJo00.htm,TE,0,2,1999,False
Gary Wilkins,/W/WilkGa00.htm,TE-RB,0,6,1991,False
Boo Williams,/W/WillBo00.htm,TE,0,4,2004,False
Brian Williams,/W/WillBr23.htm,TE,0,1,1982,False
Brooks Williams,/W/WillBr00.htm,TE,0,6,1983,False
Clarence Williams,/W/WillCl21.htm,TE-RB,0,1,1993,False
D.J. Williams,/W/WillD.00.htm,TE,0,4,2014,False
Jamie Williams,/W/WillJa00.htm,TE,0,12,1994,False
Joel Williams,/W/WillJo25.htm,TE,0,1,1987,False
Marcus Williams,/W/WillMa21.htm,TE-WR,0,1,2002,False
Marv Williams,/W/WillMa24.htm,TE,0,1,1987,False
Mike Williams,/W/WillMi02.htm,TE-FB,0,3,1981,False
Mike Williams,/W/WillMi21.htm,TE,0,3,1984,False
Roland Williams,/W/WillRo01.htm,TE,0,8,2005,False
Ronnie Williams,/W/WillRo02.htm,TE,0,4,1996,False
Jeff Wilner,/W/WilnJe20.htm,TE,0,2,1995,False
Butch Wilson,/W/WilsBu00.htm,TE,0,7,1969,False
Frank Wilson,/W/WilsFr21.htm,TE-FB,0,1,1982,False
Kris Wilson,/W/WilsKr00.htm,TE,0,8,2011,False
Mark Wilson,/W/WilsMa21.htm,TE,0,1,2004,False
Walter Wilson,/W/WilsWa01.htm,TE-WR,0,1,1990,False
Bob Windsor,/W/WindBo00.htm,TE,0,9,1975,False
Kellen Winslow,/W/WinsKe00.htm,TE,1,9,1987,False
Kellen Winslow,/W/WinsKe01.htm,TE,0,10,2013,False
Dick Witcher,/W/WitcDi00.htm,WR-FL-SE-TE,0,8,1973,False
Mark Witte,/W/WittMa20.htm,TE,0,5,1987,False
George Wrighster,/W/WrigGe00.htm,TE,0,6,2008,False
James Wright,/W/WrigJa00.htm,TE,0,8,1985,False
Rayfield Wright,/W/WrigRa01.htm,T-TE,1,13,1979,False
Steve Wright,/W/WrigSt21.htm,T-G-TE,0,12,1992,False
Tim Wrightman,/W/WrigTi00.htm,TE,0,2,1986,False
Willie Wright,/W/WrigWi20.htm,TE,0,1,1992,False
Frank Wycheck,/W/WychFr00.htm,TE,0,11,2003,False
Will Yeatman,/Y/YeatWi00.htm,TE,0,4,2014,False
James Yeats,/Y/YeatJa20.htm,TE,0,1,1960,False
Todd Yoder,/Y/YodeTo00.htm,TE,0,10,2009,False
Ben Young,/Y/YounBe20.htm,TE,0,1,1983,False
Charle Young,/Y/YounCh00.htm,TE,0,13,1985,False
Dave Young,/Y/YounDa00.htm,TE,0,4,1984,False
Duane Young,/Y/YounDu00.htm,TE,0,8,1998,False
Theo Young,/Y/YounTh20.htm,TE,0,1,1987,False
Steve Zabel,/Z/ZabeSt20.htm,LB-TE,0,10,1979,False
Jerry Zawadzkas,/Z/ZawaJe20.htm,TE,0,1,1967,False
Joe Zelenka,/Z/ZeleJo00.htm,TE-C,0,13,2011,False
Geno Zimmerlink,/Z/ZimmGe20.htm,TE,0,1,1987,False
Keith Zinger,/Z/ZingKe20.htm,TE,0,1,2009,False
