Name,URL,Position,HallOfFame,TotalYears,LastYear,Active,MVP,Pro Bowl,All-Pro,SB Champ,AP PoY
Duke Abbruzzi,/A/AbbrDu20.htm,HB-DB,0,1,1946,False,0,0,0,0,0
Bob Agler,/A/AgleBo20.htm,HB-DB-FB-LB,0,2,1949,False,0,0,0,0,0
Al Akins,/A/AkinAl20.htm,HB-DB,0,3,1948,False,0,0,0,0,0
Bennie Aldridge,/A/AldrBe00.htm,DB-HB,0,4,1953,False,0,0,0,0,0
Buddy Allen,/A/AlleBu00.htm,HB,0,1,1961,False,0,0,0,0,0
John Amberg,/A/AmbeJo00.htm,DB-HB,0,2,1952,False,0,0,0,0,0
Dave Ames,/A/AmesDa00.htm,HB-DB,0,1,1961,False,0,0,0,0,0
Vito Ananis,/A/AnanVi20.htm,HB-DB,0,1,1945,False,0,0,0,0,0
Billy Anderson,/A/AndeBi01.htm,DB-HB,0,2,1954,False,0,0,0,0,0
Bob Anderson,/A/AndeBo01.htm,HB,0,1,1963,False,0,0,0,0,0
Elmer Angsman,/A/AngsEl00.htm,HB,0,7,1952,False,0,1,0,0,0
Jim Apple,/A/ApplJi00.htm,HB,0,1,1961,False,0,0,0,0,0
Joe Arenas,/A/ArenJo00.htm,HB-DB,0,7,1957,False,0,0,0,0,0
Jay Arnold,/A/ArnoJa20.htm,HB-WB-DB-BB,0,5,1941,False,0,0,0,0,0
Jon Arnett,/A/ArneJo00.htm,HB-E,0,10,1966,False,0,5,1,0,0
Billy Atkins,/A/AtkiBi00.htm,DB-HB,0,7,1964,False,0,1,0,0,0
Pervis Atkins,/A/AtkiPe00.htm,FL-HB-WR,0,6,1966,False,0,0,0,0,0
John Atwood,/A/AtwoJo20.htm,HB-WB-DB,0,1,1948,False,0,0,0,0,0
Steve Bagarus,/B/BagaSt20.htm,HB-DB,0,4,1948,False,0,0,1,0,0
Billy Baggett,/B/BaggBi00.htm,HB-DB,0,1,1952,False,0,0,0,0,0
Byron Bailey,/B/BailBy00.htm,HB,0,2,1953,False,0,0,0,0,0
Bill Baird,/B/BairBi20.htm,DB-HB,0,7,1969,False,0,0,0,1,0
Bullet Baker,/B/BakeBu20.htm,BB-WB-TB-HB,0,5,1931,False,0,0,0,0,0
Lou Baldacci,/B/BaldLo00.htm,HB,0,1,1956,False,0,0,0,0,0
Herb Banet,/B/BaneHe20.htm,TB-HB-DB,0,1,1937,False,0,0,0,0,0
Jack Banta,/B/BantJa20.htm,HB,0,8,1948,False,0,0,0,0,0
Lou Barle,/B/BarlLo20.htm,HB-QB,0,2,1939,False,0,0,0,0,0
Billy Ray Barnes,/B/BarnBi00.htm,HB,0,10,1966,False,0,3,0,0,0
Tom Barnett,/B/BarnTo00.htm,HB-DB,0,2,1960,False,0,0,0,0,0
Terry Barr,/B/BarrTe00.htm,HB-DB-FL,0,9,1965,False,0,2,0,0,0
Johnny Barrett,/B/BarrJo21.htm,E-HB,0,1,1920,False,0,0,0,0,0
Norm Barry,/B/BarrNo20.htm,BB-HB,0,2,1922,False,0,0,0,0,0
Paul Barry,/B/BarrPa00.htm,FB-HB,0,5,1954,False,0,0,0,0,0
Earl Bartlett,/B/BartEa20.htm,HB,0,1,1939,False,0,0,0,0,0
Don Barton,/B/BartDo00.htm,HB,0,1,1953,False,0,0,0,0,0
Joe Bartos,/B/BartJo00.htm,DB-HB,0,1,1950,False,0,0,0,0,0
Nick Basca,/B/BascNi20.htm,HB,0,1,1941,False,0,0,0,0,0
Dick Bass,/B/BassDi00.htm,FB-HB,0,10,1969,False,0,3,0,0,0
Reds Bassman,/B/BassRe20.htm,HB,0,1,1936,False,0,0,0,0,0
Joe Billy Baumgardner,/B/BaumJo20.htm,HB,0,1,1948,False,0,0,0,0,0
Jim Bausch,/B/BausJi20.htm,HB,0,1,1933,False,0,0,0,0,0
Craig Baynham,/B/BaynCr00.htm,HB,0,6,1972,False,0,0,0,0,0
John Beckwith,/B/BeckJo22.htm,HB,0,1,1920,False,0,0,0,0,0
Henry Bell,/B/BellHe00.htm,HB,0,1,1960,False,0,0,0,0,0
Joe Bellino,/B/BellJo00.htm,HB,0,3,1967,False,0,0,0,0,0
Frank Bernardi,/B/BernFr20.htm,DB-HB,0,6,1960,False,0,0,0,0,0
Rex Berry,/B/BerrRe21.htm,DB-HB,0,6,1956,False,0,0,0,0,0
Wayne Berry,/B/BerrWa00.htm,HB-DB,0,1,1954,False,0,0,0,0,0
Will Berzinski,/B/BerzWi00.htm,HB,0,1,1956,False,0,0,0,0,0
Don Bingham,/B/BingDo00.htm,HB,0,1,1956,False,0,0,0,0,0
John Binotto,/B/BinoJo20.htm,HB,0,1,1942,False,0,0,0,0,0
Charlie Bivins,/B/BiviCh00.htm,HB-TE,0,8,1967,False,0,0,0,0,0
Hal Blackwell,/B/BlacHa21.htm,HB-DB,0,1,1945,False,0,0,0,0,0
Mel Bleeker,/B/BleeMe20.htm,HB,0,4,1947,False,0,0,0,0,0
Johnny Blood,/B/BlooJo20.htm,TB-HB-WB-BB-DB,1,14,1938,False,0,0,0,0,0
Bill Boedeker,/B/BoedBi20.htm,HB,0,5,1950,False,0,0,0,0,0
Dewey Bohling,/B/BohlDe00.htm,HB,0,2,1961,False,0,0,0,0,0
Leroy Bolden,/B/BoldLe20.htm,HB,0,2,1959,False,0,0,0,0,0
J.R. Boone,/B/BoonJ.20.htm,E-HB,0,6,1953,False,0,0,0,0,0
Steve Bowman,/B/BowmSt20.htm,HB,0,1,1966,False,0,0,0,0,0
Cloyce Box,/B/BoxxCl00.htm,E-HB,0,6,1954,False,0,2,1,0,0
George Brancato,/B/BranGe20.htm,HB-DB,0,1,1954,False,0,0,0,0,0
Jim Brandt,/B/BranJi20.htm,DB-HB,0,3,1954,False,0,0,0,0,0
Solomon Brannan,/B/BranSo20.htm,DB-HB,0,3,1967,False,0,0,0,0,0
Bill Bredde,/B/BredBi20.htm,DB-HB,0,1,1954,False,0,0,0,0,0
Untz Brewer,/B/BrewUn20.htm,HB,0,1,1922,False,0,0,0,0,0
Bobby Brezina,/B/BrezBo20.htm,HB,0,1,1963,False,0,0,0,0,0
Charley Brock,/B/BrocCh20.htm,C-HB-FB,0,9,1947,False,0,3,1,0,0
Charlie Brown,/B/BrowCh22.htm,DB-HB,0,3,1968,False,0,0,0,0,0
Dave Brown,/B/BrowDa21.htm,WB-FB-HB,0,5,1947,False,0,0,0,0,0
Don Brown,/B/BrowDo20.htm,HB,0,1,1960,False,0,0,0,0,0
Fred Brown,/B/BrowFr00.htm,HB,0,3,1963,False,0,0,0,0,0
Marv Brown,/B/BrowMa23.htm,HB,0,1,1957,False,0,0,0,0,0
Matt Brown,/B/BrowMa24.htm,HB,0,1,1920,False,0,0,0,0,0
Willie Brown,/B/BrowWi00.htm,WR-HB,0,3,1966,False,0,0,0,0,0
Charlie Browning,/B/BrowCh27.htm,HB,0,1,1965,False,0,0,0,0,0
Walter Bryan,/B/BryaWa20.htm,DB-HB,0,1,1955,False,0,0,0,0,0
Ralph Buckley,/B/BuckRa20.htm,BB-HB,0,1,1930,False,0,0,0,0,0
Amos Bullocks,/B/BullAm00.htm,HB,0,5,1966,False,0,0,0,0,0
Rex Bumgardner,/B/BumgRe20.htm,HB-DB,0,5,1952,False,0,0,0,0,0
Alex Burl,/B/BurlAl20.htm,HB,0,1,1956,False,0,0,0,0,0
Ray Burnett,/B/BurnRa20.htm,HB,0,1,1938,False,0,0,0,0,0
Leon Burton,/B/BurtLe00.htm,HB,0,1,1960,False,0,0,0,0,0
Ron Burton,/B/BurtRo00.htm,HB,0,6,1965,False,0,0,0,0,0
Bill Butler,/B/ButlBi20.htm,DB-HB,0,6,1964,False,0,0,0,0,0
Johnny Butler,/B/ButlJo21.htm,HB-TB,0,3,1945,False,0,0,0,0,0
Sol Butler,/B/ButlSo20.htm,WB-BB-HB,0,4,1926,False,0,0,0,0,0
George Cafego,/C/CafeGe20.htm,FB-QB-HB,0,6,1945,False,0,0,0,0,0
Jamie Caleb,/C/CaleJa00.htm,HB-FB,0,6,1965,False,0,0,0,0,0
Jack Call,/C/CallJa20.htm,HB,0,3,1959,False,0,0,0,0,0
Tom Calvin,/C/CalvTo21.htm,HB,0,4,1955,False,0,0,0,0,0
Al Campana,/C/CampAl20.htm,DB-HB,0,4,1953,False,0,0,0,0,0
Milt Campbell,/C/CampMi20.htm,HB,0,1,1957,False,0,0,0,0,0
Tony Canadeo,/C/CanaTo00.htm,HB-TB-FB-DB,1,12,1952,False,0,0,1,0,0
Al Cannava,/C/CannAl20.htm,HB-DB,0,1,1950,False,0,0,0,0,0
Billy Cannon,/C/CannBi00.htm,TE-HB-FB,0,11,1970,False,0,2,2,0,0
John Cardwell,/C/CardJo21.htm,HB,0,1,1923,False,0,0,0,0,0
Harland Carl,/C/CarlHa20.htm,HB,0,1,1956,False,0,0,0,0,0
Wray Carlton,/C/CarlWr00.htm,HB-FB,0,8,1967,False,0,2,0,0,0
Al Carmichael,/C/CarmAl00.htm,HB,0,9,1961,False,0,0,0,0,0
Ray Carnelly,/C/CarnRa20.htm,HB,0,1,1939,False,0,0,0,0,0
Paul Carmichael,/C/CarmPa20.htm,HB,0,1,1965,False,0,0,0,0,0
J.C. Caroline,/C/CaroJ.00.htm,DB-HB,0,10,1965,False,0,1,0,0,0
Ken Carpenter,/C/CarpKe00.htm,HB-FL,0,11,1960,False,0,1,0,0,0
Lew Carpenter,/C/CarpLe00.htm,HB-FB,0,11,1963,False,0,0,0,0,0
Preston Carpenter,/C/CarpPr00.htm,E-HB,0,12,1967,False,0,1,0,0,0
Eddie Carr,/C/CarrEd20.htm,DB-HB,0,3,1949,False,0,0,0,0,0
Jimmy Carr,/C/CarrJi20.htm,DB-LB-HB,0,11,1965,False,0,0,0,0,0
Kern Carson,/C/CarsKe00.htm,HB,0,1,1965,False,0,0,0,0,0
Willie Carter,/C/CartWi20.htm,HB-DB,0,1,1953,False,0,0,0,0,0
Ken Casanega,/C/CasaKe20.htm,QB-DB-HB,0,3,1948,False,0,0,0,0,0
Bernie Casey,/C/CaseBe00.htm,HB-FL-TE-WR,0,8,1968,False,0,1,0,0,0
Pete Casey,/C/CasePe21.htm,WB-HB,0,1,1923,False,0,0,0,0,0
Jim Cason,/C/CasoJi00.htm,DB-HB,0,9,1956,False,0,2,0,0,0
Howard Cassady,/C/CassHo00.htm,HB-SE-FL,0,8,1963,False,0,0,0,0,0
Tom Cassese,/C/CassTo20.htm,DB-HB,0,1,1967,False,0,0,0,0,0
Royal Cathcart,/C/CathRo20.htm,HB,0,1,1950,False,0,0,0,0,0
Sam Cathcart,/C/CathSa20.htm,DB-HB,0,4,1952,False,0,0,0,0,0
Dan Chamberlain,/C/ChamDa00.htm,E-HB,0,2,1961,False,0,0,0,0,0
Lynn Chandnois,/C/ChanLy00.htm,HB-WB-TB,0,7,1956,False,0,2,0,0,0
B.W. Cheeks,/C/CheeB.20.htm,HB,0,1,1965,False,0,0,0,0,0
Joe Childress,/C/ChilJo00.htm,HB-FB-FL,0,10,1965,False,0,0,0,0,0
Clarence Childs,/C/ChilCl20.htm,DB-HB,0,5,1968,False,0,0,0,0,0
Dick Christy,/C/ChriDi00.htm,HB,0,6,1963,False,0,1,0,0,0
Earl Christy,/C/ChriEa20.htm,HB-DB,0,3,1968,False,0,0,0,1,0
Bob Cifers,/C/CifeBo20.htm,HB,0,4,1949,False,0,0,0,0,0
Pots Clark,/C/ClarPo20.htm,HB,0,1,1927,False,0,0,0,0,0
Harry Clarke,/C/ClarHa21.htm,HB-DB,0,9,1948,False,0,2,1,0,0
Randy Clay,/C/ClayRa20.htm,HB-DB,0,4,1953,False,0,0,0,0,0
Bert Coan,/C/CoanBe00.htm,HB,0,7,1968,False,0,0,0,0,0
Ray Coates,/C/CoatRa20.htm,HB-DB,0,2,1949,False,0,0,0,0,0
Red Cochran,/C/CochRe20.htm,CB-FB-HB,0,3,1949,False,0,0,0,0,0
Tom Colella,/C/ColeTo20.htm,HB-TB,0,8,1949,False,0,0,0,0,0
Rip Collins,/C/CollRi21.htm,HB-FB,0,3,1951,False,0,0,0,0,0
Merl Condit,/C/CondMe20.htm,HB,0,7,1946,False,0,2,0,0,0
Bobby Joe Conrad,/C/ConrBo00.htm,FL-DB-HB-WR-K,0,12,1969,False,0,1,1,0,0
Irv Constantine,/C/ConsIr20.htm,HB,0,1,1931,False,0,0,0,0,0
Jimmy Conzelman,/C/ConzJi20.htm,BB-TB-HB-E,1,10,1929,False,0,0,0,0,0
Clair Cook,/C/CookCl20.htm,WB-HB,0,1,1928,False,0,0,0,0,0
Olie Cordill,/C/CordOl20.htm,WB-HB-P,0,1,1940,False,0,1,0,0,0
Joe Corn,/C/CornJo20.htm,HB,0,1,1948,False,0,0,0,0,0
Thomas Cosgrove,/C/CosgTh20.htm,HB,0,1,1935,False,0,0,0,0,0
Johnny Counts,/C/CounJo00.htm,HB,0,2,1963,False,0,0,0,0,0
Larry Coutre,/C/CoutLa20.htm,HB,0,4,1953,False,0,0,0,0,0
Billy Cox,/C/CoxxBi20.htm,DE-DB-HB-E,0,5,1955,False,0,0,0,0,0
Russ Craft,/C/CrafRu00.htm,DB-HB,0,9,1954,False,0,2,0,0,0
Dobie Craig,/C/CraiDo00.htm,FL-WR-HB,0,3,1964,False,0,0,0,0,0
Jim Crawford,/C/CrawJi00.htm,HB-FB,0,5,1964,False,0,0,0,0,0
Bernie Crimmins,/C/CrimBe20.htm,G-HB-FB,0,1,1945,False,0,0,0,0,0
Monte Crockett,/C/CrocMo00.htm,HB-TE,0,3,1962,False,0,0,0,0,0
Tommy Cronin,/C/CronTo20.htm,HB,0,1,1922,False,0,0,0,0,0
Billy Cross,/C/CrosBi20.htm,HB,0,3,1953,False,0,0,0,0,0
Jake Crouthamel,/C/CrouJa00.htm,HB,0,1,1960,False,0,0,0,0,0
John David Crow,/C/CrowJo00.htm,HB-TE-FB,0,11,1968,False,0,4,0,0,0
Wayne Crow,/C/CrowWa00.htm,HB-DB,0,4,1963,False,0,0,0,0,0
Jim Crowley,/C/CrowJi20.htm,TB-HB,0,1,1925,False,0,0,0,0,0
Ward Cuff,/C/CuffWa20.htm,WB-QB-HB,0,11,1947,False,0,3,0,0,0
Tony Curcillo,/C/CurcTo20.htm,DB-HB,0,1,1953,False,0,0,0,0,0
Harry Curran,/C/CurrHa20.htm,HB-WB,0,2,1921,False,0,0,0,0,0
Clem Daniels,/D/DaniCl00.htm,HB-DB,0,9,1968,False,0,4,2,0,0
Bob Daugherty,/D/DaugBo20.htm,HB,0,1,1966,False,0,0,0,0,0
Wayne Davenport,/D/DaveWa20.htm,HB,0,1,1931,False,0,0,0,0,0
Art Davis,/D/DaviAr20.htm,DB-HB,0,1,1956,False,0,0,0,0,0
Bob Davis,/D/DaviBo21.htm,HB-FB-QB-P,0,9,1946,False,0,0,0,0,0
Glenn Davis,/D/DaviGl01.htm,HB,0,2,1951,False,0,1,0,0,0
Jerry Davis,/D/DaviJe24.htm,DB-HB,0,5,1952,False,0,0,0,0,0
Gib Dawson,/D/DawsGi20.htm,HB,0,1,1953,False,0,0,0,0,0
Ted Dean,/D/DeanTe00.htm,FB-HB,0,5,1964,False,0,1,0,0,0
Bob DeFruiter,/D/DeFrBo20.htm,HB,0,4,1948,False,0,0,0,0,0
Dan DeSantis,/D/DeSaDa20.htm,HB,0,1,1941,False,0,0,0,0,0
Herb DeWitz,/D/DeWiHe20.htm,HB,0,1,1927,False,0,0,0,0,0
Babe Dimancheff,/D/DimaBa20.htm,HB,0,8,1952,False,0,0,0,0,0
Don Dimmick,/D/DimmDo20.htm,HB,0,1,1926,False,0,0,0,0,0
Al Donelli,/D/DoneAl20.htm,HB,0,2,1942,False,0,0,0,0,0
John Doolan,/D/DoolJo20.htm,HB-E,0,4,1948,False,0,0,0,0,0
Noble Doss,/D/DossNo20.htm,HB,0,3,1949,False,0,0,0,0,0
Ben Douglas,/D/DougBe20.htm,HB,0,1,1933,False,0,0,0,0,0
Merrill Douglas,/D/DougMe00.htm,FB-HB,0,5,1962,False,0,0,0,0,0
Harry Dowda,/D/DowdHa20.htm,DB-HB,0,7,1955,False,0,0,0,0,0
Wally Dreyer,/D/DreyWa20.htm,DB-HB,0,2,1950,False,0,0,0,0,0
Paddy Driscoll,/D/DrisPa20.htm,HB-QB-TB-BB,1,10,1929,False,0,0,6,0,0
Ron Drzewiecki,/D/DrzeRo20.htm,HB-DB,0,3,1957,False,0,0,0,0,0
Elbert Dubenion,/D/DubeEl00.htm,FL-WR-HB,0,9,1968,False,0,1,0,0,0
Paul Dudley,/D/DudlPa00.htm,HB,0,2,1963,False,0,0,0,0,0
Andy Dudish,/D/DudiAn20.htm,HB,0,3,1948,False,0,0,0,0,0
Bill Dudley,/D/DudlBi00.htm,HB-TB-QB,1,12,1953,False,0,0,0,0,0
L.G. Dupre,/D/DuprL.00.htm,HB,0,7,1961,False,0,0,0,0,0
Don Durdan,/D/DurdDo20.htm,HB-DB,0,2,1947,False,0,0,0,0,0
Bill Dutton,/D/DuttBi20.htm,HB,0,1,1946,False,0,0,0,0,0
Kay Eakin,/E/EakiKa20.htm,HB,0,7,1946,False,0,0,0,0,0
Ralph Earhart,/E/EarhRa20.htm,HB,0,2,1949,False,0,0,0,0,0
Alfred Eissler,/E/EissAl20.htm,HB,0,1,1920,False,0,0,0,0,0
Swede Ellstrom,/E/EllsSw20.htm,WB-HB,0,3,1936,False,0,0,0,0,0
Shorty Elness,/E/ElneSh20.htm,HB-QB,0,1,1929,False,0,0,0,0,0
Earl Elsey,/E/ElseEa21.htm,HB,0,1,1946,False,0,0,0,0,0
Leo Elter,/E/ElteLe00.htm,FB-HB,0,7,1959,False,0,1,0,0,0
Harry Englund,/E/EnglHa20.htm,E-HB,0,2,1922,False,0,0,0,0,0
Dick Erdlitz,/E/ErdlDi20.htm,HB,0,5,1946,False,0,0,0,0,0
Len Eshmont,/E/EshmLe20.htm,HB-FB,0,9,1949,False,0,0,0,0,0
Dale Evans,/E/EvanDa20.htm,HB,0,1,1961,False,0,0,0,0,0
Fred Evans,/E/EvanFr20.htm,HB,0,3,1948,False,0,0,0,0,0
Ray Evans,/E/EvanRa20.htm,TB-HB,0,1,1948,False,0,0,0,0,0
Gary Famiglietti,/F/FamiGa20.htm,FB-HB,0,9,1946,False,0,3,0,0,0
Andy Farkas,/F/FarkAn20.htm,FB-HB-WB,0,8,1945,False,0,2,2,0,0
Tom Farmer,/F/FarmTo20.htm,HB,0,3,1948,False,0,0,0,0,0
Beattie Feathers,/F/FeatBe00.htm,HB-WB,0,7,1940,False,0,0,1,0,0
John Fekete,/F/FekeJo20.htm,HB-DB,0,1,1946,False,0,0,0,0,0
Bobby Felts,/F/FeltBo00.htm,HB,0,3,1967,False,0,0,0,0,0
Bob Fenimore,/F/FeniBo20.htm,HB,0,1,1947,False,0,0,0,0,0
Chuck Fenenbock,/F/FeneCh20.htm,HB-TB,0,6,1948,False,0,0,0,0,0
Howie Ferguson,/F/FergHo00.htm,FB-HB,0,8,1960,False,0,1,0,0,0
Larry Ferguson,/F/FergLa00.htm,HB,0,1,1963,False,0,0,0,0,0
Neil Ferris,/F/FerrNe20.htm,DB-HB,0,3,1953,False,0,0,0,0,0
Gus Fetz,/F/FetzGu20.htm,HB,0,1,1923,False,0,0,0,0,0
Frank Filchock,/F/FilcFr20.htm,TB-QB-HB,0,13,1950,False,0,2,0,0,0
Gene Filipski,/F/FiliGe20.htm,HB,0,2,1957,False,0,0,0,0,0
Clarke Fischer,/F/FiscCl20.htm,HB,0,1,1926,False,0,0,0,0,0
Clete Fischer,/F/FiscCl21.htm,HB,0,1,1949,False,0,0,0,0,0
France Fitzgerald,/F/FitzFr20.htm,BB-HB,0,1,1923,False,0,0,0,0,0
Jim Flaherty,/F/FlahJi20.htm,E-HB,0,1,1923,False,0,0,0,0,0
George Fleming,/F/FlemGe20.htm,HB-K,0,1,1961,False,0,0,0,0,0
Wilmer Fleming,/F/FlemWi20.htm,HB,0,1,1925,False,0,0,0,0,0
Beryl Follet,/F/FollBe20.htm,TB-HB,0,2,1931,False,0,0,0,0,0
Fred Ford,/F/FordFr00.htm,HB,0,1,1960,False,0,0,0,0,0
Henry Ford,/F/FordHe20.htm,HB-DB,0,2,1956,False,0,0,0,0,0
Bob Forte,/F/FortBo20.htm,HB-LB-DB,0,8,1953,False,0,0,0,0,0
Aubrey Fowler,/F/FowlAu20.htm,HB,0,1,1948,False,0,0,0,0,0
Willmer Fowler,/F/FowlWi00.htm,HB,0,2,1961,False,0,0,0,0,0
Pete Franceschi,/F/FranPe20.htm,HB-DB,0,1,1946,False,0,0,0,0,0
Joe Francis,/F/FranJo20.htm,QB-HB,0,2,1959,False,0,0,0,0,0
Sam Francis,/F/FranSa20.htm,FB-HB,0,4,1940,False,0,0,0,0,0
George Franck,/F/FranGe21.htm,HB,0,7,1947,False,0,0,0,0,0
Red Franklin,/F/FranRe20.htm,TB-HB,0,3,1937,False,0,0,0,0,0
Al Frazier,/F/FrazAl00.htm,FL-HB,0,3,1963,False,0,0,0,0,0
Charley Fuller,/F/FullCh00.htm,HB,0,2,1962,False,0,0,0,0,0
Jim Gaffney,/G/GaffJi20.htm,QB-HB,0,2,1946,False,0,0,0,0,0
Bob Gaiters,/G/GaitBo00.htm,HB,0,3,1963,False,0,0,0,0,0
Willie Galimore,/G/GaliWi00.htm,HB,0,7,1963,False,0,1,0,0,0
Hugh Gallarneau,/G/GallHu20.htm,HB,0,7,1947,False,0,1,0,0,0
Don Garlin,/G/GarlDo20.htm,HB-DB,0,2,1950,False,0,0,0,0,0
J.D. Garrett,/G/GarrJ.00.htm,HB,0,4,1967,False,0,0,0,0,0
Larry Garron,/G/GarrLa00.htm,HB-FB,0,9,1968,False,0,4,0,0,0
Billy Gault,/G/GaulBi20.htm,HB,0,1,1961,False,0,0,0,0,0
Prentice Gautt,/G/GautPr00.htm,HB-FB,0,8,1967,False,0,0,0,0,0
Gene Gedman,/G/GedmGe20.htm,HB,0,6,1958,False,0,0,0,0,0
Fred Gehrke,/G/GehrFr20.htm,HB,0,11,1950,False,0,0,0,0,0
Lee Gentry,/G/GentLe20.htm,HB,0,1,1941,False,0,0,0,0,0
Sid Gepford,/G/GepfSi20.htm,HB,0,1,1920,False,0,0,0,0,0
Joe Geri,/G/GeriJo00.htm,TB-HB,0,4,1952,False,0,2,1,0,0
Bill Geyer,/G/GeyeBi20.htm,HB,0,5,1946,False,0,0,0,0,0
Lou Ghecas,/G/GhecLo20.htm,HB,0,1,1941,False,0,0,0,0,0
Hal Giancanelli,/G/GianHa20.htm,HB,0,4,1956,False,0,0,0,0,0
Frank Gifford,/G/GiffFr00.htm,HB-FL-DB-WR,1,13,1964,False,0,8,4,0,0
Roger Gill,/G/GillRo00.htm,WR-HB,0,2,1965,False,0,0,0,0,0
Jim Gillette,/G/GillJi20.htm,HB,0,9,1948,False,0,0,0,0,0
Harry Gilmer,/G/GilmHa00.htm,QB-HB,0,9,1956,False,0,2,0,0,0
Jug Girard,/G/GiraJu20.htm,E-HB-QB-DB,0,10,1957,False,0,0,0,0,0
Joe Glamp,/G/GlamJo20.htm,HB,0,3,1949,False,0,0,0,0,0
Bill Glassgow,/G/GlasBi20.htm,WB-HB,0,2,1931,False,0,0,0,0,0
Gary Glick,/G/GlicGa20.htm,DB-HB,0,8,1963,False,0,0,0,0,0
Fred Gloden,/G/GlodFr20.htm,HB,0,6,1946,False,0,0,0,0,0
Les Goble,/G/GoblLe20.htm,HB-DB,0,2,1955,False,0,0,0,0,0
Joe Golding,/G/GoldJo20.htm,HB-DB,0,5,1951,False,0,0,0,0,0
Ralph Goldston,/G/GoldRa20.htm,HB-DB,0,4,1955,False,0,0,0,0,0
Bill Gompers,/G/GompBi20.htm,HB,0,1,1948,False,0,0,0,0,0
George Gonda,/G/GondGe20.htm,HB,0,1,1942,False,0,0,0,0,0
Royce Goodbread,/G/GoodRo20.htm,WB-HB,0,2,1931,False,0,0,0,0,0
Owen Goodnight,/G/GoodOw20.htm,HB,0,1,1941,False,0,0,0,0,0
Gordon Gore,/G/GoreGo20.htm,HB,0,1,1939,False,0,0,0,0,0
Pete Gorgone,/G/GorgPe20.htm,HB,0,1,1946,False,0,0,0,0,0
Sonny Grandelius,/G/GranSo20.htm,HB,0,1,1953,False,0,0,0,0,0
Gardie Grange,/G/GranGa20.htm,HB-E,0,3,1931,False,0,0,0,0,0
Red Grange,/G/GranRe20.htm,HB-BB-DB-TB,1,10,1934,False,0,0,2,0,0
Ernie Green,/G/GreeEr01.htm,HB-FB,0,7,1968,False,0,2,0,0,0
Al Greene,/G/GreeAl22.htm,HB,0,1,1922,False,0,0,0,0,0
Don Griffin,/G/GrifDo20.htm,HB-DB,0,1,1946,False,0,0,0,0,0
Forrest Griffith,/G/GrifFo20.htm,HB,0,2,1951,False,0,0,0,0,0
John Grigas,/G/GrigJo20.htm,FB-HB,0,5,1947,False,0,0,0,0,0
Hal Griggs,/G/GrigHa20.htm,WB-HB,0,1,1926,False,0,0,0,0,0
Billy Grimes,/G/GrimBi00.htm,HB,0,4,1952,False,0,2,0,0,0
Mel Groomes,/G/GrooMe20.htm,HB,0,2,1949,False,0,0,0,0,0
George Grosvenor,/G/GrosGe21.htm,TB-HB,0,3,1937,False,0,0,0,0,0
Roger Grove,/G/GrovRo20.htm,BB-HB-QB,0,5,1935,False,0,0,0,0,0
Al Grygo,/G/GrygAl20.htm,HB,0,2,1945,False,0,0,0,0,0
George Gulyanics,/G/GulyGe20.htm,HB,0,6,1952,False,0,0,0,0,0
By Haines,/H/HainBy20.htm,HB,0,1,1937,False,0,0,0,0,0
Art Haley,/H/HaleAr20.htm,HB,0,4,1923,False,0,0,0,0,0
Dick Haley,/H/HaleDi20.htm,DB-HB-E,0,6,1964,False,0,0,0,0,0
Johnny Hall,/H/HallJo21.htm,WB-HB,0,4,1943,False,0,0,0,0,0
Ken Hall,/H/HallKe00.htm,HB-P,0,3,1961,False,0,0,0,0,0
Parker Hall,/H/HallPa20.htm,TB-HB,0,8,1946,False,0,0,0,0,0
Buck Halperin,/H/HalpBu20.htm,HB,0,1,1932,False,0,0,0,0,0
Stone Hallquist,/H/HallSt21.htm,BB-HB-TB,0,1,1926,False,0,0,0,0,0
Bernie Halstrom,/H/HalsBe20.htm,HB,0,2,1921,False,0,0,0,0,0
Bob Hanlon,/H/HanlBo21.htm,HB-DB,0,2,1949,False,0,0,0,0,0
Cliff Hansen,/H/HansCl20.htm,HB,0,1,1933,False,0,0,0,0,0
Chet Hanulak,/H/HanuCh20.htm,HB,0,4,1957,False,0,0,0,0,0
Carroll Hardy,/H/HardCa20.htm,HB,0,1,1955,False,0,0,0,0,0
Chic Harley,/H/HarlCh20.htm,WB-HB,0,1,1921,False,0,0,0,0,0
Tom Harmon,/H/HarmTo20.htm,HB,0,2,1947,False,0,0,0,0,0
Darrell Harper,/H/HarpDa00.htm,HB-K,0,1,1960,False,0,0,0,0,0
Elmore Harris,/H/HarrEl20.htm,HB,0,1,1947,False,0,0,0,0,0
Jack Harris,/H/HarrJa21.htm,FB-E-HB,0,2,1926,False,0,0,0,0,0
John Harris,/H/HarrJo22.htm,HB,0,1,1926,False,0,0,0,0,0
John Harris,/H/HarrJo23.htm,DB-HB,0,2,1961,False,0,0,0,0,0
Clint Haslerig,/H/HaslCl20.htm,WR-HB,0,3,1976,False,0,0,0,0,0
Alex Hawkins,/H/HawkAl00.htm,HB-FL-WR,0,10,1968,False,0,0,0,0,0
Abner Haynes,/H/HaynAb00.htm,HB,0,8,1967,False,0,3,2,0,0
Robert Hazelhurst,/H/HazeRo20.htm,HB,0,1,1948,False,0,0,0,0,0
Joe Heap,/H/HeapJo20.htm,HB,0,1,1955,False,0,0,0,0,0
Les Hearden,/H/HearLe20.htm,HB,0,1,1924,False,0,0,0,0,0
Tom Hearden,/H/HearTo20.htm,HB,0,3,1929,False,0,0,0,0,0
Leon Heath,/H/HeatLe20.htm,FB-HB,0,3,1953,False,0,0,0,0,0
Warren Heller,/H/HellWa20.htm,HB-TB,0,3,1936,False,0,0,0,0,0
Herb Henderson,/H/HendHe20.htm,WB-HB,0,1,1921,False,0,0,0,0,0
Johnny Hendren,/H/HendJo20.htm,HB,0,2,1921,False,0,0,0,0,0
Carey Henley,/H/HenlCa00.htm,HB,0,1,1962,False,0,0,0,0,0
Ralph Henricus,/H/HenrRa20.htm,HB,0,1,1922,False,0,0,0,0,0
Arnie Herber,/H/HerbAr20.htm,TB-HB-DB-QB-BB,1,16,1945,False,0,1,1,0,0
Don Herndon,/H/HernDo20.htm,HB,0,1,1960,False,0,0,0,0,0
Don Hill,/H/HillDo20.htm,TB-WB-HB-C,0,1,1929,False,0,0,0,0,0
Mack Lee Hill,/H/HillMa00.htm,FB-HB,0,2,1965,False,0,1,0,0,0
Billy Hillenbrand,/H/HillBi21.htm,HB-BB,0,3,1948,False,0,0,0,0,0
Andy Hillhouse,/H/HillAn20.htm,HB,0,1,1921,False,0,0,0,0,0
Clarke Hinkle,/H/HinkCl20.htm,FB-LB-HB-DB,1,10,1941,False,0,3,4,0,0
Elroy Hirsch,/H/HirsEl00.htm,E-HB-DE,1,12,1957,False,0,3,2,0,0
Joe Hoague,/H/HoagJo20.htm,FB-HB,0,6,1946,False,0,0,0,0,0
John Hoffman,/H/HoffJo00.htm,HB-FB-E-LB,0,8,1956,False,0,2,0,0,0
Frank Hood,/H/HoodFr20.htm,HB,0,1,1933,False,0,0,0,0,0
Sam Horner,/H/HornSa00.htm,HB-DB-P,0,3,1962,False,0,0,0,0,0
Paul Hornung,/H/HornPa00.htm,HB-FB-QB,1,10,1966,False,1,2,2,1,0
Roy Horstmann,/H/HorsRo20.htm,FB-HB,0,2,1934,False,0,0,0,0,0
Les Horvath,/H/HorvLe20.htm,HB,0,3,1949,False,0,0,0,0,0
Junie Hovious,/H/HoviJu20.htm,HB,0,1,1945,False,0,0,0,0,0
Sherman Howard,/H/HowaSh20.htm,HB-DB,0,5,1953,False,0,0,0,0,0
Tubby Howard,/H/HowaTu20.htm,E-HB,0,2,1922,False,0,0,0,0,0
Dixie Howell,/H/HoweDi20.htm,HB,0,1,1937,False,0,0,0,0,0
Earl Howell,/H/HoweEa20.htm,HB,0,1,1949,False,0,0,0,0,0
John Howell,/H/HoweJo20.htm,HB,0,1,1938,False,0,0,0,0,0
Johnnie Hudson,/H/HudsJo21.htm,HB-FB,0,1,1921,False,0,0,0,0,0
Vern Huffman,/H/HuffVe20.htm,BB-TB-HB-QB,0,2,1938,False,0,0,0,0,0
Harry Hugasian,/H/HugaHa20.htm,HB-DB,0,1,1955,False,0,0,0,0,0
Dick Hughes,/H/HughDi20.htm,HB,0,1,1957,False,0,0,0,0,0
Swede Hummel,/H/HummSw20.htm,FB-HB,0,2,1927,False,0,0,0,0,0
Chuck Hunsinger,/H/HunsCh00.htm,HB,0,3,1952,False,0,0,0,0,0
John Hurlburt,/H/HurlJo20.htm,HB,0,2,1925,False,0,0,0,0,0
Elvin Hutchison,/H/HutcEl20.htm,HB,0,1,1939,False,0,0,0,0,0
Jack Hutton,/H/HuttJa20.htm,E-HB,0,1,1930,False,0,0,0,0,0
Cosmo Iacavazzi,/I/IacaCo20.htm,HB,0,1,1965,False,0,0,0,0,0
Floyd Iglehart,/I/IgleFl20.htm,HB,0,1,1958,False,0,0,0,0,0
Don Irwin,/I/IrwiDo20.htm,FB-HB,0,4,1939,False,0,0,0,0,0
Dutch Irwin,/I/IrwiDu20.htm,HB,0,1,1920,False,0,0,0,0,0
Wilmer Isabel,/I/IsabWi20.htm,TB-HB,0,2,1924,False,0,0,0,0,0
Cecil Isbell,/I/IsbeCe20.htm,TB-HB,0,5,1942,False,0,4,1,0,0
Frank Jackson,/J/JackFr00.htm,FL-FB-SE-WR-HB,0,7,1967,False,0,1,0,0,0
Jim Jackson,/J/JackJi20.htm,DB-HB,0,2,1967,False,0,0,0,0,0
Leroy Jackson,/J/JackLe01.htm,HB,0,2,1963,False,0,0,0,0,0
Allen Jacobs,/J/JacoAl00.htm,FB-HB,0,3,1967,False,0,0,0,0,0
Jack Jacobs,/J/JacoJa20.htm,QB-TB-HB,0,8,1949,False,0,0,0,0,0
Claudis James,/J/JameCl00.htm,WR-HB,0,2,1968,False,0,0,0,1,0
Dick James,/J/JameDi00.htm,HB-DB,0,10,1965,False,0,1,0,0,0
Tommy James,/J/JameTo00.htm,DB-HB,0,10,1956,False,0,1,0,0,0
Vic Janowicz,/J/JanoVi20.htm,HB,0,2,1955,False,0,0,0,0,0
Toimi Jarvi,/J/JarvTo20.htm,HB,0,2,1945,False,0,0,0,0,0
Billy Jefferson,/J/JeffBi20.htm,HB,0,2,1942,False,0,0,0,0,0
Leo Jensvold,/J/JensLe20.htm,HB,0,1,1931,False,0,0,0,0,0
Perry Jeter,/J/JetePe20.htm,HB,0,2,1957,False,0,0,0,0,0
Cliff Jetmore,/J/JetmCl20.htm,HB,0,1,1923,False,0,0,0,0,0
Bert Johnson,/J/JohnBe21.htm,FB-BB-HB,0,6,1942,False,0,0,0,0,0
Cecil Johnson,/J/JohnCe20.htm,TB-DB-HB,0,2,1944,False,0,0,0,0,0
Don Johnson,/J/JohnDo21.htm,HB,0,3,1955,False,0,0,0,0,0
Ellis Johnson,/J/JohnEl00.htm,HB-WR,0,2,1966,False,0,0,0,0,0
Herb Johnson,/J/JohnHe21.htm,HB,0,1,1954,False,0,0,0,0,0
Jimmy Johnson,/J/JohnJi01.htm,DB-HB,1,16,1976,False,0,5,4,0,0
Joe Johnson,/J/JohnJo03.htm,HB-E,0,8,1961,False,0,0,0,0,0
John Henry Johnson,/J/JohnJo02.htm,FB-HB,1,13,1966,False,0,4,0,0,0
Marvin Johnson,/J/JohnMa24.htm,DB-HB,0,3,1953,False,0,0,0,0,0
Rudy Johnson,/J/JohnRu01.htm,HB,0,3,1966,False,0,0,0,0,0
Pres Johnston,/J/JohnPr20.htm,HB-FB-LB,0,1,1946,False,0,0,0,0,0
Rex Johnston,/J/JohnRe01.htm,HB,0,1,1960,False,0,0,0,0,0
Don Jonas,/J/JonaDo20.htm,HB,0,1,1962,False,0,0,0,0,0
Art Jones,/J/JoneAr21.htm,WB-DB-HB-TB,0,5,1945,False,0,1,0,0,0
Dub Jones,/J/JoneDu00.htm,HB-DB-WB-TB,0,10,1955,False,0,2,1,0,0
Edgar Jones,/J/JoneEd21.htm,HB-DB,0,5,1949,False,0,0,0,0,0
Harvey Jones,/J/JoneHa21.htm,FB-DB-HB,0,4,1947,False,0,0,0,0,0
L.C. Joyner,/J/JoynL.20.htm,HB,0,1,1960,False,0,0,0,0,0
Charlie Justice,/J/JustCh00.htm,HB,0,5,1954,False,0,0,0,0,0
Ed Justice,/J/JustEd20.htm,WB-HB,0,7,1942,False,0,1,0,0,0
Steve Juzwik,/J/JuzwSt20.htm,HB-FB,0,7,1948,False,0,0,0,0,0
Mike Kabealo,/K/KabeMi20.htm,HB,0,1,1944,False,0,0,0,0,0
Mort Kaer,/K/KaerMo20.htm,TB-QB-HB,0,1,1931,False,0,0,0,0,0
Bob Kahler,/K/KahlBo20.htm,DB-HB,0,3,1944,False,0,0,0,0,0
Tommy Kalmanir,/K/KalmTo20.htm,HB,0,5,1953,False,0,0,0,0,0
Joe Kantor,/K/KantJo00.htm,HB,0,1,1966,False,0,0,0,0,0
Ave Kaplan,/K/KaplAv20.htm,BB-HB-QB,0,1,1923,False,0,0,0,0,0
Bull Karcis,/K/KarcBu20.htm,FB-BB-HB,0,12,1943,False,0,1,0,0,0
Carl Karilivacz,/K/KariCa20.htm,DB-HB,0,8,1960,False,0,0,0,0,0
Abe Karnofsky,/K/KarnAb20.htm,QB-HB-DB,0,2,1946,False,0,0,0,0,0
Johnny Karras,/K/KarrJo20.htm,HB,0,1,1952,False,0,0,0,0,0
Cy Kasper,/K/KaspCy20.htm,HB,0,1,1923,False,0,0,0,0,0
Tony Kaska,/K/KaskTo20.htm,BB-HB,0,4,1938,False,0,0,0,0,0
Eddie Kaw,/K/KawxEd20.htm,TB-HB,0,1,1924,False,0,0,0,0,0
George Kavel,/K/KaveGe20.htm,HB,0,1,1934,False,0,0,0,0,0
Joe Keeble,/K/KeebJo20.htm,HB-FB,0,1,1937,False,0,0,0,0,0
Jack Keefer,/K/KeefJa20.htm,TB-HB-FB,0,3,1928,False,0,0,0,0,0
Ken Keller,/K/KellKe20.htm,HB,0,2,1957,False,0,0,0,0,0
Doc Kelley,/K/KellDo21.htm,TB-HB,0,3,1926,False,0,0,0,0,0
Frank Kelley,/K/KellFr20.htm,HB,0,1,1927,False,0,0,0,0,0
 Kellogg,/K/Kellxx20.htm,HB,0,1,1921,False,0,0,0,0,0
Bill Kellogg,/K/KellBi23.htm,HB,0,2,1925,False,0,0,0,0,0
Bob Kelly,/K/KellBo22.htm,HB-DB,0,3,1949,False,0,0,0,0,0
Jimmy Kelly,/K/KellJi20.htm,TB-HB,0,1,1920,False,0,0,0,0,0
Mose Kelsch,/K/KelsMo20.htm,FB-HB,0,2,1934,False,0,0,0,0,0
Bob Kennedy,/K/KennBo21.htm,DB-HB,0,1,1949,False,0,0,0,0,0
Dick Kercher,/K/KercDi20.htm,HB-DB,0,1,1954,False,0,0,0,0,0
Graham Kernwein,/K/KernGr20.htm,TB-HB,0,1,1926,False,0,0,0,0,0
Bob Keyes,/K/KeyeBo00.htm,HB,0,1,1960,False,0,0,0,0,0
Brady Keys,/K/KeysBr00.htm,DB-HB,0,8,1968,False,0,1,0,0,0
Max Kielbasa,/K/KielMa20.htm,HB,0,1,1946,False,0,0,0,0,0
Charlie Killett,/K/KillCh00.htm,HB,0,1,1963,False,0,0,0,0,0
Billy Kilmer,/K/KilmBi00.htm,QB-HB,0,18,1978,False,0,1,0,0,0
Billy Kinard,/K/KinaBi20.htm,DB-HB,0,5,1960,False,0,0,0,0,0
Don Kindt,/K/KindDo00.htm,DB-FB-HB,0,9,1955,False,0,1,0,0,0
Claude King,/K/KingCl00.htm,HB,0,2,1962,False,0,0,0,0,0
Dick King,/K/KingDi20.htm,FB-WB-TB-HB,0,3,1923,False,0,0,0,0,0
Emmett King,/K/KingEm21.htm,FB-HB,0,1,1954,False,0,0,0,0,0
Fred King,/K/KingFr20.htm,HB,0,1,1937,False,0,0,0,0,0
Gus King,/K/KingGu20.htm,E-HB,0,1,1922,False,0,0,0,0,0
Phil King,/K/KingPh00.htm,HB-FB,0,9,1966,False,0,0,0,0,0
Wayne Kingery,/K/KingWa20.htm,HB-DB,0,1,1949,False,0,0,0,0,0
Jack Kirby,/K/KirbJa20.htm,HB-DB,0,1,1949,False,0,0,0,0,0
Heinie Kirkgard,/K/KirkHe20.htm,HB,0,1,1923,False,0,0,0,0,0
Adolph Kissell,/K/KissAd20.htm,HB,0,1,1942,False,0,0,0,0,0
Pete Kmetovic,/K/KmetPe20.htm,HB,0,2,1947,False,0,0,0,0,0
Johnny Knolla,/K/KnolJo20.htm,HB,0,4,1945,False,0,0,0,0,0
George Koch,/K/KochGe20.htm,HB,0,3,1947,False,0,0,0,0,0
Roger Kochman,/K/KochRo00.htm,HB,0,1,1963,False,0,0,0,0,0
Mike Koken,/K/KokeMi20.htm,QB-HB,0,1,1933,False,0,0,0,0,0
Elmer Kolberg,/K/KolbEl20.htm,HB-E,0,3,1941,False,0,0,0,0,0
Walt Koppisch,/K/KoppWa20.htm,TB-WB-HB,0,2,1926,False,0,0,0,0,0
Stan Kosel,/K/KoseSt20.htm,FB-HB,0,2,1939,False,0,0,0,0,0
Ed Kovac,/K/KovaEd00.htm,HB,0,3,1962,False,0,0,0,0,0
Gerry Krall,/K/KralGe20.htm,DB-HB,0,1,1950,False,0,0,0,0,0
Earl Krieger,/K/KrieEa20.htm,FB-HB,0,2,1922,False,0,0,0,0,0
Howie Kriss,/K/KrisHo20.htm,HB,0,1,1931,False,0,0,0,0,0
Joe Krol,/K/KrolJo20.htm,HB,0,1,1945,False,0,0,0,0,0
Al Krueger,/K/KrueAl21.htm,HB-E,0,6,1946,False,0,1,0,0,0
Joe Kulbacki,/K/KulbJo00.htm,HB,0,1,1960,False,0,0,0,0,0
Steve Lach,/L/LachSt20.htm,WB-FB-HB,0,6,1947,False,0,0,0,0,0
Rick Lackman,/L/LackRi20.htm,HB,0,3,1935,False,0,0,0,0,0
Wally Ladrow,/L/LadrWa20.htm,HB,0,1,1921,False,0,0,0,0,0
Joe LaFleur,/L/LaFlJo20.htm,G-FB-C-HB,0,3,1924,False,0,0,0,0,0
Lowell Lander,/L/LandLo20.htm,HB,0,1,1958,False,0,0,0,0,0
Tom Landry,/L/LandTo00.htm,DB-HB-QB,1,7,1955,False,0,1,1,0,0
Mort Landsberg,/L/LandMo20.htm,HB,0,7,1947,False,0,0,0,0,0
Grenny Lansdell,/L/LansGr20.htm,HB,0,1,1940,False,0,0,0,0,0
Jack Larscheid,/L/LarsJa00.htm,HB,0,2,1961,False,0,0,0,0,0
Swede Larson,/L/LarsSw20.htm,HB,0,4,1923,False,0,0,0,0,0
Johnny Lattner,/L/LattJo00.htm,HB,0,1,1954,False,0,1,0,0,0
Hank Lauricella,/L/LaurHa20.htm,HB,0,1,1952,False,0,0,0,0,0
Ted Laux,/L/LauxTe20.htm,HB-DB,0,2,1944,False,0,0,0,0,0
Al Lawler,/L/LawlAl20.htm,HB-DB,0,1,1948,False,0,0,0,0,0
Jimmy Lawrence,/L/LawrJi20.htm,WB-HB,0,4,1939,False,0,1,0,0,0
Joe Laws,/L/LawsJo20.htm,HB,0,12,1945,False,0,1,0,0,0
Bernie Leahy,/L/LeahBe20.htm,HB,0,1,1932,False,0,0,0,0,0
Fungy Lebengood,/L/LebeFu20.htm,HB,0,1,1925,False,0,0,0,0,0
Doc Ledbetter,/L/LedbDo20.htm,FB-HB,0,2,1933,False,0,0,0,0,0
Toy Ledbetter,/L/LedbTo20.htm,HB,0,6,1955,False,0,0,0,0,0
Chris Lehrer,/L/LehrCh20.htm,HB-FB,0,1,1922,False,0,0,0,0,0
Jake Leicht,/L/LeicJa20.htm,HB-DB,0,2,1949,False,0,0,0,0,0
Dutch Leighty,/L/LeigDu20.htm,HB,0,1,1921,False,0,0,0,0,0
Jimmy Lesane,/L/LesaJi20.htm,DB-HB,0,3,1954,False,0,0,0,0,0
Dan Lewis,/L/LewiDa02.htm,HB-FB,0,9,1966,False,0,0,0,0,0
Hal Lewis,/L/LewiHa20.htm,FB-HB-DB,0,4,1962,False,0,0,0,0,0
Verl Lillywhite,/L/LillVe20.htm,HB-LB,0,4,1951,False,0,0,0,0,0
Joe Lillard,/L/LillJo20.htm,TB-HB,0,2,1933,False,0,0,0,0,0
Keith Lincoln,/L/LincKe00.htm,FB-HB,0,8,1968,False,0,5,2,0,0
Joe Lintzenich,/L/LintJo20.htm,HB,0,2,1931,False,0,0,0,0,0
Don Lisbon,/L/LisbDo00.htm,HB,0,2,1964,False,0,0,0,0,0
Chim Lingrel,/L/LingCh20.htm,WB-HB-FB,0,1,1923,False,0,0,0,0,0
Howie Livingston,/L/LiviHo20.htm,FB-WB-HB,0,10,1953,False,0,0,0,0,0
Bob Livingstone,/L/LiviBo20.htm,HB-DB,0,3,1950,False,0,0,0,0,0
Walt Livingston,/L/LiviWa00.htm,HB,0,1,1960,False,0,0,0,0,0
Bob Long,/L/LongBo20.htm,HB,0,1,1947,False,0,0,0,0,0
Johnny Long,/L/LongJo20.htm,QB-HB,0,2,1945,False,0,0,0,0,0
Buford Long,/L/LongBu20.htm,DB-HB-E,0,3,1955,False,0,0,0,0,0
Ace Loomis,/L/LoomAc20.htm,DB-HB,0,3,1953,False,0,0,0,0,0
Joe Don Looney,/L/LoonJo00.htm,HB-FB,0,6,1969,False,0,0,0,0,0
Jack Losch,/L/LoscJa20.htm,HB,0,1,1956,False,0,0,0,0,0
Gary Lowe,/L/LoweGa20.htm,DB-HB,0,9,1964,False,0,0,0,0,0
Lloyd Lowe,/L/LoweLl20.htm,DB-HB,0,2,1954,False,0,0,0,0,0
Paul Lowe,/L/LowePa00.htm,HB,0,10,1969,False,0,2,2,1,0
Richie Lucas,/L/LucaRi00.htm,QB-DB-HB,0,2,1961,False,0,0,0,0,0
Lew Luce,/L/LuceLe00.htm,HB,0,1,1961,False,0,0,0,0,0
Sid Luckman,/L/LuckSi00.htm,QB-HB-DB,1,12,1950,False,0,0,0,0,0
Bill Lund,/L/LundBi20.htm,HB,0,2,1947,False,0,0,0,0,0
LaDue Lurth,/L/LurtLa20.htm,HB,0,1,1929,False,0,0,0,0,0
Lenny Lyles,/L/LyleLe00.htm,DB-HB,0,12,1969,False,0,1,0,0,0
Allen MacDonald,/M/MacDAl20.htm,HB,0,1,1924,False,0,0,0,0,0
Red Mack,/M/MackRe00.htm,TE-WR-HB,0,6,1966,False,0,0,0,1,0
Bob MacLeod,/M/MacLBo20.htm,HB,0,1,1939,False,0,0,0,0,0
Waddy MacPhee,/M/MacPWa20.htm,HB-FB,0,1,1926,False,0,0,0,0,0
Eddie Macon,/M/MacoEd20.htm,DB-HB,0,9,1960,False,0,0,0,0,0
Elmer Madarik,/M/MadaEl21.htm,HB-WB,0,4,1948,False,0,0,0,0,0
Chet Maeda,/M/MaedCh20.htm,HB-DB,0,1,1945,False,0,0,0,0,0
Chick Maggioli,/M/MaggCh20.htm,DB-HB,0,3,1950,False,0,0,0,0,0
Dave Maginnes,/M/MagiDa20.htm,WB-HB,0,1,1921,False,0,0,0,0,0
Dante Magnani,/M/MagnDa20.htm,HB-WB,0,11,1950,False,0,1,0,0,0
George Magulick,/M/MaguGe20.htm,HB,0,1,1944,False,0,0,0,0,0
Armin Mahrt,/M/MahrAr20.htm,TB-BB-HB,0,3,1926,False,0,0,0,0,0
Howard Maley,/M/MaleHo20.htm,HB,0,2,1947,False,0,0,0,0,0
Grover Malone,/M/MaloGr20.htm,HB-WB,0,4,1923,False,0,0,0,0,0
Jack Manders,/M/MandJa20.htm,HB-FB,0,8,1940,False,0,0,2,0,0
Pug Manders,/M/MandPu20.htm,FB-HB,0,9,1947,False,0,3,1,0,0
Tony Manfreda,/M/ManfTo20.htm,HB,0,1,1930,False,0,0,0,0,0
Dave Mann,/M/MannDa20.htm,HB-E,0,3,1957,False,0,0,0,0,0
Jim Manning,/M/MannJi20.htm,TB-HB,0,1,1926,False,0,0,0,0,0
Jerry Mansfield,/M/MansJe20.htm,FB-E-HB,0,2,1921,False,0,0,0,0,0
Andy Marefos,/M/MareAn20.htm,FB-HB,0,6,1946,False,0,0,0,0,0
Bob Margarita,/M/MargBo20.htm,HB,0,3,1946,False,0,0,0,0,0
Joe Margucci,/M/MargJo20.htm,HB-QB,0,2,1948,False,0,0,0,0,0
Steve Marko,/M/MarkSt20.htm,HB,0,1,1944,False,0,0,0,0,0
Amos Marsh,/M/MarsAm00.htm,HB-FB,0,7,1967,False,0,0,0,0,0
Paul Martha,/M/MartPa20.htm,DB-SE-WR-HB,0,7,1970,False,0,0,0,0,0
Billy Martin,/M/MartBi01.htm,HB,0,3,1964,False,0,0,0,0,0
Frank Martin,/M/MartFr20.htm,HB,0,3,1945,False,0,0,0,0,0
Ike Martin,/M/MartIk20.htm,TB-HB,0,1,1920,False,0,0,0,0,0
Johnny Martin,/M/MartJo21.htm,WB-HB,0,5,1945,False,0,0,0,0,0
Joe Martin,/M/MartJo20.htm,HB,0,1,1921,False,0,0,0,0,0
Bob Masters,/M/MastBo20.htm,HB,0,8,1944,False,0,0,0,0,0
Ed Matesic,/M/MateEd20.htm,TB-HB,0,3,1936,False,0,0,0,0,0
Ned Mathews,/M/MathNe20.htm,WB-HB,0,7,1947,False,0,0,0,0,0
Ray Mathews,/M/MathRa00.htm,HB-E,0,10,1960,False,0,2,0,0,0
Bill Mathis,/M/MathBi00.htm,FB-HB,0,10,1969,False,0,2,1,1,0
Harry Mattos,/M/MattHa20.htm,HB,0,2,1937,False,0,0,0,0,0
Carl Mayes,/M/MayeCa20.htm,HB,0,1,1952,False,0,0,0,0,0
Don Maynard,/M/MaynDo00.htm,E-FL-HB,1,16,1973,False,0,4,1,1,0
Lew Mayne,/M/MaynLe21.htm,HB,0,3,1948,False,0,0,0,0,0
Frank Maznicki,/M/MaznFr20.htm,HB,0,6,1947,False,0,1,0,0,0
Geno Mazzanti,/M/MazzGe20.htm,HB,0,1,1950,False,0,0,0,0,0
George McAfee,/M/McAfGe20.htm,HB-DB,1,11,1950,False,0,1,1,0,0
Wes McAfee,/M/McAfWe20.htm,HB,0,1,1941,False,0,0,0,0,0
Dean McAdams,/M/McAdDe20.htm,TB-HB,0,3,1943,False,0,0,0,0,0
Jack McAuliffe,/M/McAuJa20.htm,HB,0,1,1926,False,0,0,0,0,0
Jack McBride,/M/McBrJa20.htm,FB-TB-HB,0,10,1934,False,0,0,1,0,0
Clint McClain,/M/McClCl20.htm,HB,0,1,1941,False,0,0,0,0,0
Felix McCormick,/M/McCoFe20.htm,FB-G-HB,0,2,1930,False,0,0,0,0,0
Tom McCormick,/M/McCoTo21.htm,HB,0,4,1956,False,0,0,0,0,0
Hugh McCullough,/M/McCuHu20.htm,TB-HB,0,7,1945,False,0,0,0,0,0
Jim McDonald,/M/McDoJi20.htm,HB,0,1,1936,False,0,0,0,0,0
Tommy McDonald,/M/McDoTo00.htm,FL-HB-SE-WR,1,12,1968,False,0,6,0,0,0
Hugh McElhenny,/M/McElHu00.htm,HB,1,13,1964,False,0,6,2,0,0
Bucky McElroy,/M/McElBu20.htm,HB,0,1,1954,False,0,0,0,0,0
Banks McFadden,/M/McFaBa20.htm,HB,0,1,1940,False,0,0,0,0,0
Doug McEnulty,/M/McEnDo20.htm,FB-HB,0,2,1944,False,0,0,0,0,0
Nyle McFarlane,/M/McFaNy00.htm,HB,0,1,1960,False,0,0,0,0,0
Pat McHugh,/M/McHuPa20.htm,DB-HB,0,5,1951,False,0,0,0,0,0
Don McIlhenny,/M/McIlDo00.htm,HB,0,6,1961,False,0,0,0,0,0
Roy McKay,/M/McKaRo20.htm,TB-HB-FB,0,4,1947,False,0,0,0,0,0
Chief McLain,/M/McLaCh20.htm,FB-HB,0,2,1931,False,0,0,0,0,0
Ray McLean,/M/McLeRa20.htm,FB-HB,0,1,1921,False,0,0,0,0,0
Ray McLean,/M/McLeRa21.htm,HB,0,8,1947,False,0,2,0,0,0
Bruce McLenna,/M/McLeBr00.htm,HB,0,1,1966,False,0,0,0,0,0
Tommy McMahon,/M/McMaTo20.htm,HB,0,1,1921,False,0,0,0,0,0
Bob McNamara,/M/McNaBo20.htm,DB-FL-HB,0,2,1961,False,0,0,0,0,0
Jack McQuary,/M/McQuJa20.htm,HB-DB,0,1,1946,False,0,0,0,0,0
Bob McRoberts,/M/McRoBo20.htm,HB,0,1,1944,False,0,0,0,0,0
Shorty McWilliams,/M/McWiSh20.htm,DB-HB,0,2,1950,False,0,0,0,0,0
Jim Meade,/M/MeadJi20.htm,HB,0,2,1940,False,0,0,0,0,0
Mario Mendez,/M/MendMa21.htm,HB,0,1,1964,False,0,0,0,0,0
Dale Messer,/M/MessDa00.htm,HB-WR-DB,0,5,1965,False,0,0,0,0,0
Bob Meyers,/M/MeyeBo20.htm,HB,0,1,1952,False,0,0,0,0,0
Tom Michel,/M/MichTo00.htm,HB,0,1,1964,False,0,0,0,0,0
Mike Micka,/M/MickMi20.htm,FB-HB-QB,0,5,1948,False,0,0,0,0,0
Dave Middleton,/M/MiddDa00.htm,E-HB-FL,0,7,1961,False,0,0,0,0,0
Al Miller,/M/MillAl20.htm,WB-HB-FB-BB,0,1,1929,False,0,0,0,0,0
Don Miller,/M/MillDo20.htm,HB,0,1,1925,False,0,0,0,0,0
Don Miller,/M/MillDo21.htm,HB,0,1,1954,False,0,0,0,0,0
Jim Miller,/M/MillJi20.htm,HB,0,1,1930,False,0,0,0,0,0
Paul Miller,/M/MillPa21.htm,HB,0,3,1938,False,0,0,0,0,0
Verne Miller,/M/MillVe20.htm,HB,0,1,1930,False,0,0,0,0,0
Bob Millman,/M/MillBo21.htm,HB,0,3,1927,False,0,0,0,0,0
Stan Mills,/M/MillSt20.htm,FB-HB-E,0,3,1924,False,0,0,0,0,0
Gene Mingo,/M/MingGe20.htm,HB-K,0,11,1970,False,0,1,0,0,0
Frank Minini,/M/MiniFr20.htm,HB-BB,0,3,1949,False,0,0,0,0,0
Skippy Minisi,/M/MiniSk20.htm,HB,0,1,1948,False,0,0,0,0,0
Bob Mitchell,/M/MitcBo20.htm,HB-QB-DB,0,3,1948,False,0,0,0,0,0
Bobby Mitchell,/M/MitcBo00.htm,FL-HB-WR,1,11,1968,False,0,4,1,0,0
Charley Mitchell,/M/MitcCh00.htm,HB-DB,0,6,1968,False,0,0,0,0,0
Charlie Mitchell,/M/MitcCh20.htm,HB-G,0,2,1946,False,0,0,0,0,0
Fondren Mitchell,/M/MitcFo20.htm,HB,0,1,1946,False,0,0,0,0,0
Billy Mixon,/M/MixoBi20.htm,HB-DB,0,2,1954,False,0,0,0,0,0
Rudy Mobley,/M/MoblRu20.htm,HB-DB,0,1,1947,False,0,0,0,0,0
Dicky Moegle,/M/MoegDi00.htm,DB-HB-FB,0,7,1961,False,0,1,0,0,0
Bo Molenda,/M/MoleBo20.htm,FB-BB-HB,0,9,1935,False,0,0,0,0,0
Keith Molesworth,/M/MoleKe20.htm,HB-QB,0,7,1937,False,0,0,0,0,0
Jim Monachino,/M/MonaJi20.htm,HB-FB-DB,0,5,1955,False,0,0,0,0,0
Bob Monnett,/M/MonnBo20.htm,TB-HB-QB,0,6,1938,False,0,0,0,0,0
Tommy Mont,/M/MontTo20.htm,QB-HB,0,3,1949,False,0,0,0,0,0
Bill Montgomery,/M/MontBi21.htm,HB,0,1,1946,False,0,0,0,0,0
Al Moore,/M/MoorAl20.htm,HB,0,1,1932,False,0,0,0,0,0
Bucky Moore,/M/MoorBu21.htm,DB-HB-WB,0,2,1933,False,0,0,0,0,0
Henry Moore,/M/MoorHe20.htm,DB-HB,0,2,1957,False,0,0,0,0,0
Lenny Moore,/M/MoorLe00.htm,HB-FL,1,12,1967,False,0,7,5,0,0
Tom Moore,/M/MoorTo00.htm,HB-FB,0,8,1967,False,0,1,0,0,0
Wilbur Moore,/M/MoorWi20.htm,WB-HB-DB-FB,0,8,1946,False,0,1,0,0,0
Gonzalo Morales,/M/MoraGo20.htm,HB,0,2,1948,False,0,0,0,0,0
George Morris,/M/MorrGe20.htm,HB,0,2,1942,False,0,0,0,0,0
Bob Morris,/M/MorrBo21.htm,HB,0,1,1947,False,0,0,0,0,0
Johnny Morris,/M/MorrJo02.htm,FL-HB,0,10,1967,False,0,1,1,0,0
Larry Morris,/M/MorrLa20.htm,LB-FB-HB,0,12,1966,False,0,0,0,0,0
Fred Morrison,/M/MorrFr00.htm,FB-HB,0,7,1956,False,0,1,0,0,0
Joe Morrison,/M/MorrJo01.htm,HB-FL-FB,0,14,1972,False,0,0,0,0,0
Dom Moselle,/M/MoseDo20.htm,DB-HB,0,5,1954,False,0,0,0,0,0
Russ Mosley,/M/MoslRu20.htm,HB,0,2,1946,False,0,0,0,0,0
Henry Mosley,/M/MoslHe20.htm,HB,0,1,1955,False,0,0,0,0,0
Vern Mullen,/M/MullVe20.htm,E-HB,0,5,1927,False,0,0,0,0,0
Noah Mullins,/M/MullNo20.htm,HB,0,4,1949,False,0,0,0,0,0
Jesse Murdock,/M/MurdJe20.htm,HB,0,1,1963,False,0,0,0,0,0
Tom Murphy,/M/MurpTo20.htm,TB-HB,0,1,1926,False,0,0,0,0,0
Tommy Murphy,/M/MurpTo22.htm,BB-HB,0,1,1926,False,0,0,0,0,0
Chet Mutryn,/M/MutrCh20.htm,HB-DB,0,5,1950,False,0,0,1,0,0
John Naioti,/N/NaioJo20.htm,HB,0,4,1945,False,0,0,0,0,0
Andy Natowich,/N/NatoAn20.htm,HB,0,1,1944,False,0,0,0,0,0
Johnny Naumu,/N/NaumJo20.htm,HB,0,1,1948,False,0,0,0,0,0
Steve Nemeth,/N/NemeSt20.htm,QB-HB,0,3,1947,False,0,0,0,0,0
Dick Nesbitt,/N/NesbDi20.htm,HB-FB,0,5,1934,False,0,0,0,0,0
Tom Neumann,/N/NeumTo00.htm,HB,0,1,1963,False,0,0,0,0,0
Chuck Newton,/N/NewtCh20.htm,FB-HB,0,2,1940,False,0,0,0,0,0
Al Nichelini,/N/NichAl20.htm,WB-HB,0,2,1936,False,0,0,0,0,0
Mike Nixon,/N/NixoMi20.htm,HB,0,8,1942,False,0,0,0,0,0
Ray Nolting,/N/NoltRa20.htm,HB,0,8,1943,False,0,2,0,0,0
John Norby,/N/NorbJo21.htm,HB,0,2,1935,False,0,0,0,0,0
Jerry Norton,/N/NortJe00.htm,DB-HB,0,11,1964,False,0,5,1,0,0
Ray Norton,/N/NortRa00.htm,HB,0,2,1961,False,0,0,0,0,0
Bob Nussbaumer,/N/NussBo20.htm,HB,0,6,1951,False,0,0,0,0,0
Jerry Nuzum,/N/NuzuJe20.htm,HB-FB,0,4,1951,False,0,0,0,0,0
Dick Nyers,/N/NyerDi20.htm,DB-HB,0,2,1957,False,0,0,0,0,0
Bernie Nygren,/N/NygrBe20.htm,HB-DB,0,2,1947,False,0,0,0,0,0
Bill O'Brien,/O/OBriBi20.htm,HB,0,1,1947,False,0,0,0,0,0
Jack O'Brien,/O/OBriJa20.htm,HB,0,1,1929,False,0,0,0,0,0
Mel Odelli,/O/ODelMe20.htm,HB,0,1,1945,False,0,0,0,0,0
John Oelerich,/O/OeleJo20.htm,HB,0,1,1938,False,0,0,0,0,0
Johnny Olszewski,/O/OlszJo00.htm,FB-HB,0,10,1962,False,0,2,0,0,0
Elliott Ormsbee,/O/OrmsEl20.htm,HB,0,1,1946,False,0,0,0,0,0
Ossie Orwoll,/O/OrwoOs20.htm,HB,0,1,1926,False,0,0,0,0,0
Jim Ostendarp,/O/OsteJi20.htm,HB,0,2,1951,False,0,0,0,0,0
Al Owen,/O/OwenAl20.htm,HB,0,4,1942,False,0,0,0,0,0
R.C. Owens,/O/OwenR.00.htm,HB-E,0,8,1964,False,0,0,0,0,0
James Pace,/P/PaceJa20.htm,HB,0,1,1958,False,0,0,0,0,0
Vince Pacewic,/P/PaceVi20.htm,HB,0,1,1947,False,0,0,0,0,0
Paul Page,/P/PagePa20.htm,HB-DB,0,1,1949,False,0,0,0,0,0
Les Palmer,/P/PalmLe20.htm,HB,0,1,1948,False,0,0,0,0,0
Johnny Papit,/P/PapiJo20.htm,HB,0,3,1953,False,0,0,0,0,0
Bob Paremore,/P/PareBo00.htm,HB,0,2,1964,False,0,0,0,0,0
Doc Parkinson,/P/ParkDo21.htm,FB-HB,0,1,1931,False,0,0,0,0,0
Jim Parmer,/P/ParmJi20.htm,FB-HB,0,9,1956,False,0,0,0,0,0
Ara Parseghian,/P/ParsAr20.htm,HB,0,2,1949,False,0,0,0,0,0
Earle Parsons,/P/ParsEa20.htm,HB,0,2,1947,False,0,0,0,0,0
Lou Partlow,/P/PartLo20.htm,FB-TB-WB-HB,0,10,1929,False,0,0,0,0,0
Bill Paschal,/P/PascBi20.htm,FB-HB,0,6,1948,False,0,0,1,0,0
Don Paul,/P/PaulDo01.htm,DB-HB,0,9,1958,False,0,4,0,0,0
Larry Peace,/P/PeacLa20.htm,HB,0,1,1941,False,0,0,0,0,0
Lindy Pearson,/P/PearLi20.htm,HB,0,3,1952,False,0,0,0,0,0
Ray Pelfrey,/P/PelfRa20.htm,E-HB,0,3,1953,False,0,0,0,0,0
Bob Perina,/P/PeriBo20.htm,DB-TB-HB,0,5,1950,False,0,0,0,0,0
Bill Perkins,/P/PerkBi00.htm,HB,0,1,1963,False,0,0,0,0,0
Don Perkins,/P/PerkDo00.htm,FB-HB,0,8,1968,False,0,6,1,0,0
Johnny Petitbon,/P/PetiJo20.htm,DB-HB,0,6,1957,False,0,0,0,0,0
Leo Petree,/P/PetrLe20.htm,HB,0,3,1922,False,0,0,0,0,0
Pepper Petrella,/P/PetrPe20.htm,HB,0,1,1945,False,0,0,0,0,0
Bill Petrilas,/P/PetrBi20.htm,HB-E,0,2,1945,False,0,0,0,0,0
Don Phelps,/P/PhelDo20.htm,HB-DB,0,3,1952,False,0,0,0,0,0
Carl Pignatelli,/P/PignCa20.htm,HB-BB,0,1,1931,False,0,0,0,0,0
Johnny Pingel,/P/PingJo20.htm,TB-QB-HB,0,1,1939,False,0,0,0,0,0
Alabama Pitts,/P/PittAl20.htm,HB,0,1,1935,False,0,0,0,0,0
Elijah Pitts,/P/PittEl00.htm,HB,0,11,1971,False,0,0,0,2,0
Jerry Planutis,/P/PlanJe20.htm,HB,0,1,1956,False,0,0,0,0,0
Jim Podoley,/P/PodoJi00.htm,HB-E,0,4,1960,False,0,1,0,0,0
Al Pollard,/P/PollAl20.htm,HB-FB,0,3,1953,False,0,0,0,0,0
Red Pollock,/P/PollRe20.htm,HB-E,0,2,1936,False,0,0,0,0,0
John Popovich,/P/PopoJo20.htm,HB,0,2,1945,False,0,0,0,0,0
John Poto,/P/PotoJo20.htm,HB,0,2,1948,False,0,0,0,0,0
Bill Potts,/P/PottBi20.htm,HB,0,1,1934,False,0,0,0,0,0
Bosh Pritchard,/P/PritBo20.htm,HB,0,10,1951,False,0,1,0,0,0
Joe Prokop,/P/ProkJo20.htm,HB,0,1,1948,False,0,0,0,0,0
Fred Provo,/P/ProvFr20.htm,HB,0,1,1948,False,0,0,0,0,0
Skeets Quinlan,/Q/QuinSk00.htm,HB,0,5,1956,False,0,1,0,0,0
Paddy Quinn,/Q/QuinPa20.htm,HB,0,2,1921,False,0,0,0,0,0
Alex Rado,/R/RadoAl20.htm,HB-DB,0,1,1934,False,0,0,0,0,0
Harry Randolph,/R/RandHa20.htm,HB,0,1,1923,False,0,0,0,0,0
Bob Rapp,/R/RappBo20.htm,WB-BB-HB-QB,0,8,1929,False,0,0,0,0,0
Ray Ratkowski,/R/RatkRa20.htm,HB,0,1,1961,False,0,0,0,0,0
Fred Ratterman,/R/RattFr20.htm,HB,0,1,1934,False,0,0,0,0,0
Bert Rechichar,/R/RechBe00.htm,DB-LB-HB-E,0,10,1961,False,0,3,0,0,0
Ray Reckmack,/R/ReckRa20.htm,E-HB,0,1,1937,False,0,0,0,0,0
Bobby Reed,/R/ReedBo00.htm,HB,0,2,1963,False,0,0,0,0,0
Rock Reed,/R/ReedRo21.htm,HB,0,3,1939,False,0,0,0,0,0
Smith Reed,/R/ReedSm00.htm,HB,0,2,1966,False,0,0,0,0,0
Ken Reese,/R/ReesKe20.htm,HB-QB,0,1,1947,False,0,0,0,0,0
Pete Regnier,/R/RegnPe20.htm,WB-HB,0,2,1922,False,0,0,0,0,0
Breezy Reid,/R/ReidBr20.htm,HB,0,7,1956,False,0,0,0,0,0
Albie Reisz,/R/ReisAl20.htm,TB-HB-QB,0,4,1947,False,0,0,0,0,0
Dean Renfro,/R/RenfDe20.htm,HB,0,1,1955,False,0,0,0,0,0
Ray Renfro,/R/RenfRa00.htm,HB-FL,0,12,1963,False,0,3,0,0,0
Bob Renn,/R/RennBo00.htm,HB,0,1,1961,False,0,0,0,0,0
Pete Retzlaff,/R/RetzPe00.htm,E-HB-TE,0,11,1966,False,0,5,1,0,0
Bill Reynolds,/R/ReynBi20.htm,HB,0,2,1945,False,0,0,0,0,0
Billy Reynolds,/R/ReynBi00.htm,HB,0,8,1960,False,0,0,0,0,0
Jerry Richardson,/R/RichJe00.htm,FL-HB,0,2,1960,False,0,0,0,0,0
Bo Roberson,/R/RobeBo00.htm,FL-HB-WR,0,6,1966,False,0,1,0,0,0
Bill Roberts,/R/RobeBi20.htm,HB,0,1,1956,False,0,0,0,0,0
Gene Roberts,/R/RobeEu00.htm,HB-FB,0,4,1950,False,0,1,0,0,0
Bobby Robertson,/R/RobeBo21.htm,C-HB-DB,0,1,1942,False,0,0,0,0,0
Bill Robinson,/R/RobiBi00.htm,HB,0,9,1960,False,0,0,0,0,0
Johnny Robinson,/R/RobiJo00.htm,DB-FL-HB,1,12,1971,False,0,7,6,1,0
Cullen Rogers,/R/RogeCu20.htm,HB,0,1,1946,False,0,0,0,0,0
Herm Rohrig,/R/RohrHe20.htm,WB-HB,0,7,1947,False,0,0,0,0,0
Al Romine,/R/RomiAl20.htm,DB-HB,0,7,1961,False,0,0,0,0,0
Tam Rose,/R/RoseTa20.htm,TB-HB,0,1,1921,False,0,0,0,0,0
Kyle Rote,/R/RoteKy00.htm,E-HB,0,11,1961,False,0,4,0,0,0
Bob Rowe,/R/RoweBo20.htm,HB,0,2,1935,False,0,0,0,0,0
Harmon Rowe,/R/RoweHa20.htm,DB-HB,0,6,1952,False,0,0,0,0,0
Brad Rowland,/R/RowlBr20.htm,HB,0,1,1951,False,0,0,0,0,0
Tommy Runnels,/R/RunnTo20.htm,HB,0,2,1957,False,0,0,0,0,0
Ed Rutkowski,/R/RutkEd00.htm,QB-HB-SE-WR,0,6,1968,False,0,1,0,0,0
Dave Ryan,/R/RyanDa20.htm,TB-HB,0,4,1948,False,0,0,0,0,0
Kent Ryan,/R/RyanKe20.htm,HB,0,3,1940,False,0,0,0,0,0
Julie Rykovich,/R/RykoJu20.htm,HB-DB,0,7,1953,False,0,0,0,0,0
Eddie Saenz,/S/SaenEd20.htm,HB-DB,0,6,1951,False,0,0,0,0,0
Jack Salscheider,/S/SalsJa20.htm,HB,0,1,1949,False,0,0,0,0,0
Seneca Samson,/S/SamsSe20.htm,HB,0,1,1926,False,0,0,0,0,0
Don Samuel,/S/SamuDo20.htm,DB-HB,0,2,1950,False,0,0,0,0,0
Paul Sanders,/S/SandPa20.htm,HB,0,1,1944,False,0,0,0,0,0
Spec Sanders,/S/SandSp00.htm,TB-DB-HB,0,5,1950,False,0,1,2,0,0
Dan Sandifer,/S/SandDa21.htm,DB-HB,0,6,1953,False,0,0,0,0,0
Curt Sandig,/S/SandCu20.htm,HB,0,5,1946,False,0,0,0,0,0
Rick Sapienza,/S/SapiRi20.htm,DB-HB,0,1,1960,False,0,0,0,0,0
Theron Sapp,/S/SappTh00.htm,FB-HB,0,7,1965,False,0,0,0,0,0
Paul Sarringhaus,/S/SarrPa20.htm,HB,0,3,1948,False,0,0,0,0,0
George Sauer,/S/SaueGe20.htm,TB-HB,0,3,1937,False,0,0,0,0,0
Jimmy Saxton,/S/SaxtJi00.htm,HB,0,1,1962,False,0,0,0,0,0
Charlie Scales,/S/ScalCh00.htm,HB-FB,0,7,1966,False,0,0,0,0,0
Ted Scalissi,/S/ScalTe20.htm,HB,0,1,1947,False,0,0,0,0,0
Pete Schabarum,/S/SchaPe20.htm,HB,0,4,1954,False,0,0,0,0,0
Kermit Schmidt,/S/SchmKe20.htm,E-HB,0,2,1933,False,0,0,0,0,0
Don Schneider,/S/SchnDo20.htm,HB,0,1,1948,False,0,0,0,0,0
Bill Schroeder,/S/SchrBi20.htm,HB,0,2,1947,False,0,0,0,0,0
Jim Schuber,/S/SchuJi20.htm,HB,0,1,1930,False,0,0,0,0,0
Jake Schuehle,/S/SchuJa20.htm,HB,0,1,1939,False,0,0,0,0,0
Vic Schwall,/S/SchwVi20.htm,HB,0,4,1950,False,0,0,0,0,0
Gerhard Schwedes,/S/SchwGe00.htm,HB,0,2,1961,False,0,0,0,0,0
Dick Schweidler,/S/SchwDi20.htm,HB,0,9,1946,False,0,0,0,0,0
Bud Schwenk,/S/SchwBu20.htm,QB-TB-HB,0,7,1948,False,0,0,0,0,0
Clyde Scott,/S/ScotCl21.htm,HB-DB,0,4,1952,False,0,0,0,0,0
George Scott,/S/ScotGe20.htm,HB,0,1,1959,False,0,0,0,0,0
Joe Scott,/S/ScotJo20.htm,HB-DB-E,0,6,1953,False,0,0,0,0,0
Joe Scudero,/S/ScudJo00.htm,DB-HB,0,7,1960,False,0,1,0,0,0
Jimmy Sears,/S/SearJi20.htm,DB-HB,0,8,1961,False,0,0,0,0,0
Mike Sebastian,/S/SebaMi20.htm,HB-WB,0,3,1937,False,0,0,0,0,0
Larry Seiple,/S/SeipLa20.htm,TE-HB-P,0,11,1977,False,0,0,0,2,0
Clarence Self,/S/SelfCl20.htm,DB-HB,0,7,1955,False,0,0,0,0,0
Bernie Semes,/S/SemeBe20.htm,HB,0,1,1944,False,0,0,0,0,0
Frank Seno,/S/SenoFr20.htm,HB,0,7,1949,False,0,0,0,0,0
Dean Sensanbaugher,/S/SensDe20.htm,HB-DB,0,2,1949,False,0,0,0,0,0
Lin Sexton,/S/SextLi20.htm,HB-DB,0,1,1948,False,0,0,0,0,0
Bob Seymour,/S/SeymBo20.htm,HB-FB,0,7,1946,False,0,1,0,0,0
Henry Shank,/S/ShanHe20.htm,HB,0,1,1920,False,0,0,0,0,0
Jim Shanley,/S/ShanJi20.htm,HB,0,1,1958,False,0,0,0,0,0
Carver Shannon,/S/ShanCa20.htm,DB-HB,0,3,1964,False,0,0,0,0,0
Charlie Shepard,/S/ShepCh20.htm,HB-DB,0,1,1956,False,0,0,0,0,0
Burrell Shields,/S/ShieBu20.htm,HB,0,2,1955,False,0,0,0,0,0
Bill Shockley,/S/ShocBi00.htm,HB-K,0,9,1968,False,0,0,0,0,0
Paul Shoults,/S/ShouPa20.htm,HB,0,1,1949,False,0,0,0,0,0
Wally Sieb,/S/SiebWa20.htm,HB,0,1,1922,False,0,0,0,0,0
Orville Siegfried,/S/SiegOr20.htm,TB-HB,0,1,1923,False,0,0,0,0,0
Ken Simendinger,/S/SimeKe20.htm,HB,0,1,1926,False,0,0,0,0,0
Johnny Sisk,/S/SiskJo21.htm,HB,0,5,1936,False,0,0,0,0,0
Emil Sitko,/S/SitkEm20.htm,HB,0,3,1952,False,0,0,0,0,0
Stan Skoczen,/S/SkocSt20.htm,HB,0,1,1944,False,0,0,0,0,0
Branko Smilanich,/S/SmilBr20.htm,HB,0,1,1939,False,0,0,0,0,0
Allen Smith,/S/SmitAl21.htm,HB,0,1,1966,False,0,0,0,0,0
Bob Smith,/S/SmitBo02.htm,DB-HB-WB,0,7,1954,False,0,1,0,0,0
Bob Smith,/S/SmitBo21.htm,HB,0,2,1956,False,0,0,0,0,0
Bobby Smith,/S/SmitBo00.htm,HB,0,3,1966,False,0,1,0,0,0
Bruce Smith,/S/SmitBr24.htm,HB-DB-TB,0,4,1948,False,0,0,0,0,0
Charles Smith,/S/SmitCh20.htm,HB-DB,0,1,1947,False,0,0,0,0,0
Dick Smith,/S/SmitDi21.htm,DB-HB,0,2,1968,False,0,0,0,0,0
Ed Smith,/S/SmitEd21.htm,HB-DB,0,2,1949,False,0,0,0,0,0
Ernie Smith,/S/SmitEr24.htm,DB-HB,0,2,1956,False,0,0,0,0,0
J.D. Smith,/S/SmitJ.00.htm,FB-HB-DB,0,11,1966,False,0,2,0,0,0
J.D. Smith,/S/SmitJ.01.htm,FB-HB,0,2,1961,False,0,0,0,0,0
Ray Gene Smith,/S/SmitRa22.htm,DB-HB,0,4,1957,False,0,0,0,0,0
Vitamin Smith,/S/SmitVi21.htm,HB,0,5,1953,False,0,0,0,0,0
Bob Sneddon,/S/SnedBo20.htm,DB-HB-WB,0,3,1946,False,0,0,0,0,0
Mike Sommer,/S/SommMi00.htm,HB-DB,0,6,1963,False,0,0,0,0,0
Frank Spaniel,/S/SpanFr20.htm,HB,0,1,1950,False,0,0,0,0,0
Jack Spikes,/S/SpikJa00.htm,FB-HB-K,0,8,1967,False,0,0,0,0,0
Seaman Squyres,/S/SquySe20.htm,HB,0,1,1933,False,0,0,0,0,0
Harry Stafford,/S/StafHa20.htm,HB,0,1,1934,False,0,0,0,0,0
Jack Stanton,/S/StanJa20.htm,HB,0,1,1961,False,0,0,0,0,0
Stan Stasica,/S/StasSt20.htm,HB-DB,0,1,1946,False,0,0,0,0,0
Ernie Steele,/S/SteeEr20.htm,HB-DB,0,7,1948,False,0,0,0,0,0
Pete Steger,/S/StegPe20.htm,HB-WB-BB,0,1,1921,False,0,0,0,0,0
Gil Steinke,/S/SteiGi20.htm,HB,0,4,1948,False,0,0,0,0,0
Dutch Sternaman,/S/SterDu20.htm,HB-QB-FB,0,8,1927,False,0,0,0,0,0
Bob Steuber,/S/SteuBo20.htm,HB,0,6,1948,False,0,0,0,0,0
Don Stevens,/S/StevDo20.htm,HB,0,3,1954,False,0,0,0,0,0
Dean Steward,/S/StewDe20.htm,HB,0,1,1943,False,0,0,0,0,0
Jim Stiger,/S/StigJi00.htm,HB,0,5,1967,False,0,0,0,0,0
Bill Stits,/S/StitBi00.htm,DB-HB,0,8,1961,False,0,1,0,0,0
Herb Stock,/S/StocHe20.htm,TB-HB,0,1,1924,False,0,0,0,0,0
Hust Stockton,/S/StocHu20.htm,FB-TB-HB,0,5,1929,False,0,0,0,0,0
Avatus Stone,/S/StonAv20.htm,HB,0,1,1958,False,0,0,0,0,0
Billy Stone,/S/StonBi20.htm,HB-DB,0,6,1954,False,0,0,0,0,0
Donnie Stone,/S/StonDo00.htm,HB-FB,0,6,1966,False,0,1,0,0,0
Bob Stransky,/S/StraBo00.htm,HB,0,1,1960,False,0,0,0,0,0
Jimmy Strausbaugh,/S/StraJi20.htm,HB,0,1,1946,False,0,0,0,0,0
Ken Strong,/S/StroKe20.htm,FB-TB-HB-WB-DB-K,1,19,1947,False,0,0,3,0,0
Art Strutt,/S/StruAr20.htm,HB,0,2,1936,False,0,0,0,0,0
Johnny Strzykalski,/S/StrzJo00.htm,HB,0,7,1952,False,0,1,0,0,0
Pat Studstill,/S/StudPa00.htm,FL-HB-WR-P,0,12,1972,False,0,2,1,0,0
Dick Sturtridge,/S/SturDi20.htm,HB,0,2,1929,False,0,0,0,0,0
Steve Sucic,/S/SuciSt20.htm,HB-FB,0,3,1948,False,0,0,0,0,0
Bob Sullivan,/S/SullBo21.htm,HB,0,2,1948,False,0,0,0,0,0
Bob Sullivan,/S/SullBo20.htm,HB-DB,0,1,1948,False,0,0,0,0,0
Ed Sutton,/S/SuttEd00.htm,HB-DB,0,4,1960,False,0,0,0,0,0
Joe Sutton,/S/SuttJo20.htm,DB-HB,0,4,1952,False,0,0,0,0,0
Bob Sweiger,/S/SweiBo20.htm,WB-BB-HB,0,4,1949,False,0,0,0,0,0
Jim Swink,/S/SwinJi00.htm,HB,0,1,1960,False,0,0,0,0,0
Bob Swisher,/S/SwisBo20.htm,HB,0,8,1945,False,0,2,0,0,0
Mike Swistowicz,/S/SwisMi20.htm,HB-DB,0,1,1950,False,0,0,0,0,0
Veryl Switzer,/S/SwitVe20.htm,HB-DB,0,2,1955,False,0,0,0,0,0
John Sylvester,/S/SylvJo20.htm,DB-HB,0,2,1948,False,0,0,0,0,0
George Taliaferro,/T/TaliGe00.htm,HB-TB-QB-DB,0,7,1955,False,0,3,0,0,0
Carl Taseff,/T/TaseCa20.htm,DB-HB,0,12,1962,False,0,0,0,0,0
Corky Taylor,/T/TaylCo21.htm,DB-HB,0,3,1957,False,0,0,0,0,0
Tony Teresa,/T/TereTo00.htm,HB,0,3,1960,False,0,0,0,0,0
Ray Terrell,/T/TerrRa20.htm,HB-DB,0,2,1947,False,0,0,0,0,0
Clendon Thomas,/T/ThomCl00.htm,DB-E-FL-HB,0,11,1968,False,0,1,0,0,0
George Thomas,/T/ThomGe20.htm,HB-DB,0,3,1952,False,0,0,0,0,0
Rex Thomas,/T/ThomRe20.htm,WB-FB-TB-HB,0,6,1931,False,0,0,0,0,0
Leonard Thompson,/T/ThomLe01.htm,WR-HB,0,12,1986,False,0,0,0,0,0
Pinky Thompson,/T/ThomPi20.htm,HB,0,1,1927,False,0,0,0,0,0
Tuffy Thompson,/T/ThomTu20.htm,HB,0,3,1939,False,0,0,0,0,0
Bob Thurbon,/T/ThurBo20.htm,HB,0,4,1946,False,0,0,0,0,0
Billy Tidwell,/T/TidwBi20.htm,HB-DB,0,1,1954,False,0,0,0,0,0
Jim Tiller,/T/TillJi00.htm,HB,0,1,1962,False,0,0,0,0,0
Sid Tinsley,/T/TinsSi20.htm,HB,0,1,1945,False,0,0,0,0,0
Bill Tobin,/T/TobiBi00.htm,HB,0,1,1963,False,0,0,0,0,0
Jim Todd,/T/ToddJi00.htm,HB,0,1,1966,False,0,0,0,0,0
Lou Tomasetti,/T/TomaLo20.htm,FB-HB,0,11,1949,False,0,0,0,0,0
Clarence Tommerson,/T/TommCl20.htm,HB,0,2,1939,False,0,0,0,0,0
Bud Toscani,/T/ToscBu20.htm,WB-HB,0,1,1932,False,0,0,0,0,0
Tom Tracy,/T/TracTo00.htm,HB-FB,0,9,1964,False,0,2,0,0,0
Mike Trainor,/T/TraiMi20.htm,WB-HB,0,2,1924,False,0,0,0,0,0
Wally Triplett,/T/TripWa20.htm,HB-DB,0,5,1953,False,0,0,0,0,0
Charley Trippi,/T/TripCh00.htm,HB-QB-DB,1,9,1955,False,0,2,1,0,0
Bob Trocolor,/T/TrocBo20.htm,QB-HB,0,3,1944,False,0,0,0,0,0
Frank Turbert,/T/TurbFr20.htm,HB,0,1,1944,False,0,0,0,0,0
Ebert Van Buren,/V/VanBEb20.htm,DB-LB-FB-HB,0,3,1953,False,0,0,0,0,0
Steve Van Buren,/V/VanBSt00.htm,HB,1,8,1951,False,0,0,5,0,0
Hal Van Every,/V/VanEHa20.htm,TB-HB,0,2,1941,False,0,0,0,0,0
Johnny Vardian,/V/VardJo20.htm,HB-DB,0,3,1948,False,0,0,0,0,0
Walt Veach,/V/VeacWa20.htm,HB,0,1,1920,False,0,0,0,0,0
Sam Venuto,/V/VenuSa20.htm,HB,0,1,1952,False,0,0,0,0,0
Ed Vereb,/V/VereEd00.htm,HB,0,1,1960,False,0,0,0,0,0
Billy Vessels,/V/VessBi20.htm,HB,0,1,1956,False,0,0,0,0,0
Joe Vetrano,/V/VetrJo20.htm,HB-DB,0,4,1949,False,0,0,0,0,0
Jack Vetter,/V/VettJa20.htm,HB-DB,0,1,1942,False,0,0,0,0,0
Paul Vinnola,/V/VinnPa20.htm,HB-DB,0,1,1946,False,0,0,0,0,0
Joe Vodicka,/V/VodiJo20.htm,HB,0,3,1945,False,0,0,0,0,0
Jim Vollenweider,/V/VollJi00.htm,HB,0,2,1963,False,0,0,0,0,0
Wilbur Volz,/V/VolzWi20.htm,HB-DB,0,1,1949,False,0,0,0,0,0
Jim Wade,/W/WadeJi20.htm,HB-DB,0,1,1949,False,0,0,0,0,0
Clarence Walker,/W/WalkCl00.htm,HB,0,1,1963,False,0,0,0,0,0
Doak Walker,/W/WalkDo00.htm,HB-DB,1,6,1955,False,0,5,4,0,0
Stan Wallace,/W/WallSt20.htm,DB-HB,0,5,1958,False,0,0,0,0,0
Ron Waller,/W/WallRo00.htm,HB,0,6,1960,False,0,1,0,0,0
Bobby Walston,/W/WalsBo00.htm,E-HB-K,0,12,1962,False,0,2,0,0,0
Charley Warner,/W/WarnCh00.htm,DB-HB,0,4,1966,False,0,1,0,0,0
Buss Warren,/W/WarrBu20.htm,TB-HB,0,1,1945,False,0,0,0,0,0
Kenny Washington,/W/WashKe21.htm,HB-DB,0,3,1948,False,0,0,0,0,0
Bobby Watkins,/W/WatkBo20.htm,HB,0,4,1958,False,0,0,0,0,0
Foster Watkins,/W/WatkFo20.htm,QB-HB,0,2,1941,False,0,0,0,0,0
Tom Watkins,/W/WatkTo00.htm,HB,0,8,1968,False,0,0,0,0,0
Sid Watson,/W/WatsSi20.htm,HB,0,4,1958,False,0,0,0,0,0
Joe Watt,/W/WattJo20.htm,HB-DB,0,3,1949,False,0,0,0,0,0
Walt Watt,/W/WattWa20.htm,HB-DB,0,1,1945,False,0,0,0,0,0
Larrye Weaver,/W/WeavLa20.htm,HB-DB,0,1,1955,False,0,0,0,0,0
Allan Webb,/W/WebbAl20.htm,DB-HB,0,5,1965,False,0,0,0,0,0
Ken Webb,/W/WebbKe00.htm,HB-FB,0,6,1963,False,0,0,0,0,0
Alex Webster,/W/WebsAl00.htm,HB-FB,0,10,1964,False,0,2,0,0,0
Ted Wegert,/W/WegeTe00.htm,HB,0,6,1960,False,0,0,0,0,0
Billy Wells,/W/WellBi00.htm,HB,0,7,1960,False,0,1,0,0,0
Joel Wells,/W/WellJo01.htm,HB,0,1,1961,False,0,0,0,0,0
Mel West,/W/WestMe00.htm,HB,0,2,1962,False,0,0,0,0,0
Bob White,/W/WhitBo20.htm,HB,0,5,1955,False,0,0,0,0,0
Paul White,/W/WhitPa20.htm,HB-DB,0,1,1947,False,0,0,0,0,0
Whizzer White,/W/WhitWh00.htm,TB-HB,0,4,1941,False,0,0,2,0,0
Wilford White,/W/WhitWi21.htm,HB,0,2,1952,False,0,0,0,0,0
George Wilde,/W/WildGe20.htm,HB-DB,0,1,1947,False,0,0,0,0,0
Bob Wilkinson,/W/WilkBo20.htm,E-DB-HB,0,2,1952,False,0,0,0,0,0
Ike Williams,/W/WillIk20.htm,TB-HB,0,1,1929,False,0,0,0,0,0
Jeff Williams,/W/WillJe01.htm,HB,0,1,1966,False,0,0,0,0,0
Jerry Williams,/W/WillJe23.htm,DB-HB,0,6,1954,False,0,0,0,0,0
Johnny Williams,/W/WillJo02.htm,DB-HB,0,3,1954,False,0,1,0,0,0
Travis Williams,/W/WillTr20.htm,TB-HB,0,2,1922,False,0,0,0,0,0
Walt Williams,/W/WillWa21.htm,DB-TB-HB,0,2,1947,False,0,0,0,0,0
Ben Wilson,/W/WilsBe00.htm,FB-HB,0,5,1967,False,0,0,0,1,0
Bobby Wilson,/W/WilsBo20.htm,TB-HB,0,1,1936,False,0,0,0,0,0
Jack Wilson,/W/WilsJa20.htm,HB,0,2,1947,False,0,0,0,0,0
Mule Wilson,/W/WilsMu20.htm,WB-HB,0,8,1933,False,0,0,0,0,0
Tommy Wilson,/W/WilsTo00.htm,HB-FB,0,8,1963,False,0,1,0,0,0
Alex Wizbicki,/W/WizbAl20.htm,DB-HB,0,4,1950,False,0,0,0,0,0
Joe Womack,/W/WomaJo00.htm,HB,0,1,1962,False,0,0,0,0,0
Royce Womble,/W/WombRo00.htm,HB-FL,0,7,1960,False,0,0,0,0,0
Flash Woods,/W/WoodFl20.htm,HB,0,1,1926,False,0,0,0,0,0
Abe Woodson,/W/WoodAb00.htm,DB-HB,0,9,1966,False,0,5,2,0,0
Marv Woodson,/W/WoodMa00.htm,DB-HB,0,6,1969,False,0,1,0,0,0
Jim Worden,/W/WordJi20.htm,HB,0,1,1945,False,0,0,0,0,0
Ted Wright,/W/WrigTe20.htm,HB-QB,0,2,1935,False,0,0,0,0,0
Jim Wulff,/W/WulfJi20.htm,DB-HB,0,2,1961,False,0,0,0,0,0
Lee Wykoff,/W/WykoLe20.htm,FB-HB,0,1,1923,False,0,0,0,0,0
Arnie Wyman,/W/WymaAr20.htm,FB-HB,0,1,1920,False,0,0,0,0,0
Tom Yewcic,/Y/YewcTo00.htm,QB-P-HB,0,6,1966,False,0,0,0,0,0
Wally Yonamine,/Y/YonaWa20.htm,HB-DB,0,1,1947,False,0,0,0,0,0
Buddy Young,/Y/YounBu00.htm,HB-FB-DB,0,9,1955,False,0,1,0,0,0
Dick Young,/Y/YounDi20.htm,FB-HB,0,3,1957,False,0,0,0,0,0
Jim Young,/Y/YounJi00.htm,HB,0,2,1966,False,0,0,0,0,0
Sam Young,/Y/YounSa20.htm,HB,0,1,1927,False,0,0,0,0,0
Tank Younger,/Y/YounTa00.htm,FB-LB-HB,0,10,1958,False,0,4,1,0,0
John Yurchey,/Y/YurcJo20.htm,HB-DB,0,1,1940,False,0,0,0,0,0
Frank Zadworney,/Z/ZadwFr20.htm,HB-DB,0,1,1940,False,0,0,0,0,0
Bert Zagers,/Z/ZageBe20.htm,DB-HB,0,4,1958,False,0,0,0,0,0
Ernie Zalejski,/Z/ZaleEr20.htm,DB-HB,0,1,1950,False,0,0,0,0,0
Frank Ziegler,/Z/ZiegFr00.htm,HB-DB,0,5,1953,False,0,0,0,0,0
Walt Zirinsky,/Z/ZiriWa20.htm,HB,0,1,1945,False,0,0,0,0,0
